unique_id,ds,cutoff,all,pearson,spearman,kendall,mi,y
Bone,2022-07-17,2022-07-16,1.6058238,3.835956,2.2853405,2.3553443,2.1942968,1.5
Bone,2022-07-18,2022-07-17,1.8301163,3.759159,2.6700299,2.4007857,2.2207918,0.5
Bone,2022-07-19,2022-07-18,0.8458729,1.3932961,0.9896363,0.75140977,0.5007093,1.3000001907348633
Bone,2022-07-20,2022-07-19,1.4437411,2.140164,2.082703,1.8476824,1.6903093,0.6000000238418579
Bone,2022-07-21,2022-07-20,0.68129945,1.3211093,1.4739892,1.4436338,1.1401443,3.6999995708465576
Bone,2022-07-22,2022-07-21,3.7565331,3.6859107,4.9496975,4.2605224,3.767631,1.100000023841858
Bone,2022-07-23,2022-07-22,1.5734267,2.167233,1.6724911,1.8731515,1.580858,1.3000000715255735
Bone,2022-07-24,2022-07-23,1.3977954,2.2784553,1.6590626,2.0718782,1.7146177,2.0
Bone,2022-07-25,2022-07-24,2.0894384,2.5026133,2.1653361,2.2263086,2.1687186,1.1000001430511477
Bone,2022-07-26,2022-07-25,1.1245012,1.9599437,1.3039219,1.6390721,1.4664373,5.200000286102295
Bone,2022-07-27,2022-07-26,5.2244625,5.4726925,5.3438425,5.153738,5.229291,2.000000238418579
Bone,2022-07-28,2022-07-27,2.0261455,2.453773,1.8908018,1.4280362,1.7167267,2.6999998092651367
Bone,2022-07-29,2022-07-28,2.7281513,2.5675724,2.7894444,2.5538,2.807529,1.0
Bone,2022-07-30,2022-07-29,1.0243828,1.7660168,1.7780138,1.7206906,1.4370999,2.700000047683716
Bone,2022-07-31,2022-07-30,2.7263942,2.9631464,2.9936943,2.3946161,2.8955538,9.09999942779541
Bone,2022-08-01,2022-07-31,9.129697,7.8892508,3.1669168,3.1453133,3.8374982,4.299999713897705
Bone,2022-08-02,2022-08-01,4.333066,4.7043304,3.0023715,2.3482897,1.9661684,4.0
Bone,2022-08-03,2022-08-02,4.033107,4.418335,4.3892784,4.173333,3.7150016,0.0
Bone,2022-08-04,2022-08-03,0.032727003,0.9116614,0.6866443,0.7927294,0.54544115,0.7000000476837158
Bone,2022-08-05,2022-08-04,0.73134327,1.7329229,1.0094665,1.1287159,1.103961,0.4000000059604645
Bone,2022-08-06,2022-08-05,0.43448448,0.8911066,0.22661114,0.8114836,0.7629757,0.1000000014901161
Bone,2022-08-07,2022-08-06,0.12933254,0.64589,-0.39678788,0.34745002,0.38321614,2.5
Bone,2022-08-08,2022-08-07,2.533793,2.905717,1.7539538,2.0180326,2.2990322,3.599999189376831
Bone,2022-08-09,2022-08-08,3.6376576,3.5014756,2.5295346,1.8305548,1.650792,7.199999809265137
Bone,2022-08-10,2022-08-09,7.240036,5.691862,3.790962,3.2171936,3.1678836,11.399999618530272
Bone,2022-08-11,2022-08-10,6.4942503,3.685648,3.6613955,4.5623813,3.8632982,4.399999618530273
Bone,2022-08-12,2022-08-11,4.436557,3.8100562,2.7538366,3.6150012,3.4150867,14.400001525878906
Bone,2022-08-13,2022-08-12,7.334776,7.4274044,1.2027912,4.7333317,3.3539455,14.500000953674316
Bone,2022-08-14,2022-08-13,5.322227,7.5247526,1.4027094,4.9888263,3.2252169,0.6000000238418579
Bone,2022-08-15,2022-08-14,0.6368458,2.4926467,1.1047305,1.7159672,2.0201387,0.0
Bone,2022-08-16,2022-08-15,0.038056135,2.0944107,0.84658885,0.7299032,1.0986251,0.8999999761581421
Bone,2022-08-17,2022-08-16,0.9382448,2.6363428,2.158583,2.2203088,1.9741695,3.5999999046325684
Bone,2022-08-18,2022-08-17,3.6386204,3.8878512,3.5733895,3.770833,3.7964175,0.800000011920929
Bone,2022-08-19,2022-08-18,0.8330538,1.8425863,1.6198637,1.3651948,1.2893959,1.5000001192092896
Bone,2022-08-20,2022-08-19,1.5345926,2.014935,1.7078221,1.6790744,1.7353071,0.0
Bone,2022-08-21,2022-08-20,0.035361767,0.6656647,0.29213738,0.31554198,0.241822,9.700000762939451
Bone,2022-08-22,2022-08-21,6.3325787,6.1349945,3.9078166,5.2158847,5.092268,0.800000011920929
Bone,2022-08-23,2022-08-22,0.82902646,1.62049,-0.08779168,0.49893498,0.19082713,0.4000000059604645
Bone,2022-08-24,2022-08-23,0.43271565,1.5275658,0.6202514,0.774765,0.603122,3.299999713897705
Bone,2022-08-25,2022-08-24,3.3371446,4.124401,1.3102748,2.3801289,1.0902047,6.199998378753662
Bone,2022-08-26,2022-08-25,6.2370296,5.5294447,2.1121693,3.281332,1.266802,2.299999952316284
Bone,2022-08-27,2022-08-26,2.336179,2.71256,1.2002205,1.9843359,0.84078836,2.0
Bone,2022-08-28,2022-08-27,2.0382967,2.6605577,1.4344273,2.3460732,1.8340539,1.4000000953674316
Bone,2022-08-29,2022-08-28,1.4376763,1.935319,1.4629226,1.8855829,1.555966,7.1999993324279785
Bone,2022-08-30,2022-08-29,7.2385244,4.4719563,5.1157484,6.1898394,5.808651,2.799999952316284
Bone,2022-08-31,2022-08-30,2.8390055,3.186349,3.2161894,3.2294936,3.0284152,0.5
Bone,2022-09-01,2022-08-31,0.53965545,0.67874193,1.4895434,1.6010344,1.4676642,0.699999988079071
Bone,2022-09-02,2022-09-01,0.7411239,0.79032755,1.0122526,1.9207788,1.5967997,4.09999942779541
Bone,2022-09-03,2022-09-02,4.140442,4.214408,3.1183858,4.0003915,3.8670144,2.1999998092651367
Bone,2022-09-04,2022-09-03,2.2419229,2.713516,2.4819725,2.7421308,2.5642946,0.5
Bone,2022-09-05,2022-09-04,0.5429697,1.2078099,1.3732772,1.2779301,1.2722307,0.0
Bone,2022-09-06,2022-09-05,0.046364307,0.6349788,1.6460497,1.0716066,0.7046006,0.2000000029802322
Bone,2022-09-07,2022-09-06,0.24543667,0.7210157,0.8240802,0.66038847,0.4325161,0.1000000014901161
Bone,2022-09-08,2022-09-07,0.14459205,0.34827018,0.78315926,0.42232275,0.21417975,2.5
Bone,2022-09-09,2022-09-08,2.5484817,1.9888144,2.380297,1.5652266,2.346024,3.0999999046325684
Bone,2022-09-10,2022-09-09,3.151764,2.8970208,3.8059587,2.8856661,3.0677176,1.5000001192092896
Bone,2022-09-11,2022-09-10,1.5462813,1.9418935,1.980098,1.5543005,1.6454186,3.000000238418579
Bone,2022-09-12,2022-09-11,3.0439487,3.2539928,2.9921012,2.8280456,3.0196548,11.0
Bone,2022-09-13,2022-09-12,8.166139,6.161686,5.104574,5.912454,5.895422,3.999999523162842
Bone,2022-09-14,2022-09-13,4.0520515,4.2558765,3.3864431,4.2132597,4.5864863,5.800000190734863
Bone,2022-09-15,2022-09-14,3.7316794,3.3603156,4.6095934,4.8833747,5.247899,0.6000000238418579
Bone,2022-09-16,2022-09-15,0.64378095,1.6621794,1.4156781,1.3645256,1.621786,0.1000000014901161
Bone,2022-09-17,2022-09-16,0.14817715,1.0839002,1.167241,0.6531377,0.78484035,0.0
Bone,2022-09-18,2022-09-17,0.052610397,0.82879186,1.367289,0.6972394,0.7080829,0.1000000014901161
Bone,2022-09-19,2022-09-18,0.14556336,-0.030397654,1.6449305,0.786793,0.54737234,6.09999942779541
Bone,2022-09-20,2022-09-19,4.9293203,4.27809,5.745038,5.330941,5.6053677,13.10000228881836
Bone,2022-09-21,2022-09-20,6.459776,5.726174,4.339115,5.4846973,4.607605,0.5
Bone,2022-09-22,2022-09-21,0.555166,1.5612603,2.6969326,2.2726789,2.094668,30.099998474121094
Bone,2022-09-23,2022-09-22,6.2958307,6.49188,6.793272,8.727771,7.4004173,1.5
Bone,2022-09-24,2022-09-23,1.5538604,2.827196,2.3386946,1.8769709,1.8203737,0.0
Bone,2022-09-25,2022-09-24,0.058455706,2.7866027,1.9217949,2.6395645,2.9750443,0.0
Bone,2022-09-26,2022-09-25,0.06202364,3.4683323,1.6024758,2.5663877,3.054078,0.0
Bone,2022-09-27,2022-09-26,0.045864105,1.1060901,0.5624325,0.35504556,0.34697866,0.8000000715255737
Bone,2022-09-28,2022-09-27,0.84483314,1.9473418,1.2347776,1.1575388,1.1952912,2.400000095367432
Bone,2022-09-29,2022-09-28,2.4514725,3.6689937,3.4276743,3.1381767,3.2677102,6.999999046325684
Bone,2022-09-30,2022-09-29,7.0569105,6.216754,7.1564465,6.131263,6.7855587,3.300000190734864
Bone,2022-10-01,2022-09-30,3.3473961,4.2232246,4.8786654,4.4541187,4.470382,1.0
Bone,2022-10-02,2022-10-01,1.0485764,2.6356037,3.824841,3.1219506,2.9489784,1.0
Bone,2022-10-03,2022-10-02,1.0503541,2.6293962,3.9208536,3.3877869,3.541449,11.700000762939451
Bone,2022-10-04,2022-10-03,9.057885,6.877329,7.445777,7.974531,8.974367,8.800000190734863
Bone,2022-10-05,2022-10-04,8.848349,5.2711086,6.7392488,6.4199867,6.7684965,27.400001525878903
Bone,2022-10-06,2022-10-05,12.589258,6.7640905,9.791959,11.814073,9.621029,11.200000762939451
Bone,2022-10-07,2022-10-06,8.856345,5.71214,10.15652,9.829254,8.534876,11.500001907348633
Bone,2022-10-08,2022-10-07,10.27673,8.186132,10.721969,10.820874,9.829806,11.70000171661377
Bone,2022-10-09,2022-10-08,3.7877572,4.115492,11.435798,9.286397,9.659584,8.600001335144043
Bone,2022-10-10,2022-10-09,4.168085,5.0774994,8.530357,8.023108,8.938236,7.699999332427978
Bone,2022-10-11,2022-10-10,5.379085,4.8741684,8.81098,8.186196,8.717511,5.699999809265137
Bone,2022-10-12,2022-10-11,4.69449,5.4350147,8.126523,8.204336,7.794775,8.40000057220459
Bone,2022-10-13,2022-10-12,5.396159,7.1098375,6.736309,7.536772,8.0631075,8.100000381469727
Bone,2022-10-14,2022-10-13,6.122997,5.8470054,5.504926,7.163356,7.855234,4.499999523162842
Bone,2022-10-15,2022-10-14,4.1877007,5.485078,5.7956467,5.852171,6.479004,0.800000011920929
Bone,2022-10-16,2022-10-15,0.8472848,2.9201074,3.1275234,3.0886495,3.6697195,24.80000114440918
Bone,2022-10-17,2022-10-16,9.400792,9.567442,8.9438305,10.768663,10.286136,20.200000762939453
Bone,2022-10-18,2022-10-17,7.7764425,8.900208,8.59684,9.923567,8.058069,20.89999961853028
Bone,2022-10-19,2022-10-18,9.386303,9.242637,9.624906,11.068676,8.574077,11.100000381469728
Bone,2022-10-20,2022-10-19,6.6373057,6.5787115,10.148838,9.740744,8.013255,0.9000000357627869
Bone,2022-10-21,2022-10-20,1.7235014,5.1197367,5.8427343,5.359083,5.2673726,1.6000001430511477
Bone,2022-10-22,2022-10-21,3.0552454,5.089463,5.3328266,5.4914966,5.2733755,4.199999809265137
Bone,2022-10-23,2022-10-22,5.608651,5.1061974,5.424782,6.0575495,6.47252,1.900000095367432
Bone,2022-10-24,2022-10-23,3.2528965,3.3590693,4.5264616,4.6309924,4.906329,1.3000000715255735
Bone,2022-10-25,2022-10-24,3.174706,4.103637,5.2836018,4.747532,4.9332857,6.0
Bone,2022-10-26,2022-10-25,7.7247686,6.893689,7.2723627,7.496749,7.850051,3.0999999046325684
Bone,2022-10-27,2022-10-26,6.171541,5.836746,6.014388,5.944561,6.2325926,5.0
Bone,2022-10-28,2022-10-27,7.0245094,5.9201136,6.781266,6.6125703,6.4934225,10.09999942779541
Bone,2022-10-29,2022-10-28,10.152647,6.629692,6.8846645,8.456283,8.2306,2.3999998569488525
Bone,2022-10-30,2022-10-29,5.9789276,4.293406,6.0220704,5.704319,4.891811,3.1000001430511475
Bone,2022-10-31,2022-10-30,5.8927135,4.328866,6.1929913,5.8017063,5.366784,0.9000000953674316
Bone,2022-11-01,2022-10-31,3.5212173,3.931377,4.617628,3.6883383,2.918276,36.69999694824219
Bone,2022-11-02,2022-11-01,15.836989,13.896259,12.672482,15.702087,12.662571,23.200000762939453
Bone,2022-11-03,2022-11-02,12.552151,10.735566,12.263348,12.160763,9.543346,10.100000381469728
Bone,2022-11-04,2022-11-03,6.5590725,8.743303,10.852364,8.723672,6.7205772,6.799999713897705
Bone,2022-11-05,2022-11-04,6.2368846,7.412443,8.768561,7.869404,7.122528,4.399999618530273
Bone,2022-11-06,2022-11-05,3.7004461,6.6021085,7.9484997,7.0069075,6.8160295,3.6999998092651367
Bone,2022-11-07,2022-11-06,1.1969526,5.152219,6.3592625,5.8710537,5.477029,19.40000343322754
Bone,2022-11-08,2022-11-07,4.539251,7.3631916,8.597391,9.860505,8.249174,11.100000381469728
Bone,2022-11-09,2022-11-08,4.2913594,8.294515,8.92334,9.11409,8.743036,7.300000190734863
Bone,2022-11-10,2022-11-09,6.1549625,8.549459,10.271367,9.098692,8.818411,3.200000047683716
Bone,2022-11-11,2022-11-10,4.1174955,6.502864,7.659976,7.14925,6.452157,1.8000000715255735
Bone,2022-11-12,2022-11-11,4.6208715,4.865687,5.976576,5.098872,4.69732,18.100000381469727
Bone,2022-11-13,2022-11-12,8.010376,9.847222,9.161089,10.867158,9.212485,12.600000381469728
Bone,2022-11-14,2022-11-13,7.9783983,8.8922415,9.848814,10.099536,7.9134254,25.100000381469727
Bone,2022-11-15,2022-11-14,12.12811,8.618306,8.098742,11.946062,9.2751875,4.900000095367432
Bone,2022-11-16,2022-11-15,6.4697,5.558901,8.434445,8.279937,6.591816,9.600000381469728
Bone,2022-11-17,2022-11-16,8.46551,6.646971,8.818049,9.047681,7.47766,10.5
Bone,2022-11-18,2022-11-17,9.733526,6.9121294,9.63972,8.5123205,6.4515114,17.799999237060547
Bone,2022-11-19,2022-11-18,8.076068,7.3969755,7.5156803,8.26803,7.3040676,0.0
Bone,2022-11-20,2022-11-19,1.420746,3.9528427,4.701784,3.3818192,2.7981794,0.9000000953674316
Bone,2022-11-21,2022-11-20,2.2613978,4.6856885,4.106554,2.9926252,2.1340275,0.5
Bone,2022-11-22,2022-11-21,2.386931,4.516776,4.180698,3.4547548,3.805197,12.59999942779541
Bone,2022-11-23,2022-11-22,9.030561,11.496514,10.404297,10.708722,10.899338,2.0
Bone,2022-11-24,2022-11-23,4.1911526,5.290954,6.621683,5.66601,5.5073504,6.299999713897705
Bone,2022-11-25,2022-11-24,7.047662,8.109186,9.19106,8.12796,9.162603,2.1000001430511475
Bone,2022-11-26,2022-11-25,4.433538,5.319432,6.930416,5.374704,5.3149557,3.799999475479126
Bone,2022-11-27,2022-11-26,5.3478947,6.636659,7.455805,5.6693425,4.7891865,0.5
Bone,2022-11-28,2022-11-27,2.5191307,3.1129286,3.7570066,3.0151656,3.0251539,1.5
Bone,2022-11-29,2022-11-28,3.2874455,3.6375246,4.917199,4.470333,4.087244,11.40000057220459
Bone,2022-11-30,2022-11-29,9.717352,7.611912,9.790798,8.645389,7.105173,3.700000286102295
Bone,2022-12-01,2022-11-30,5.8011503,5.5141687,7.290386,6.012911,4.081977,10.0
Bone,2022-12-02,2022-12-01,10.029658,5.0431147,8.554964,6.3757653,3.901217,8.5
Bone,2022-12-03,2022-12-02,8.568482,2.675075,6.10407,5.1571326,3.281182,13.30000114440918
Bone,2022-12-04,2022-12-03,10.215239,8.617547,9.200172,9.348028,7.2781773,18.59999656677246
Bone,2022-12-05,2022-12-04,7.5860844,7.4273367,8.2163315,9.215946,8.550948,7.800000190734863
Bone,2022-12-06,2022-12-05,6.6184835,8.155272,9.149868,8.107494,7.311879,3.499999523162842
Bone,2022-12-07,2022-12-06,5.202893,6.15971,7.0206795,5.5965548,5.7338533,0.0
Bone,2022-12-08,2022-12-07,2.9139254,4.7427554,2.7860022,2.9621603,3.1191287,0.4000000059604645
Bone,2022-12-09,2022-12-08,3.179618,2.8222697,1.6319333,2.0200262,1.8697821,5.699999809265137
Bone,2022-12-10,2022-12-09,7.6062613,6.8662605,6.3353744,5.9657116,5.937639,8.0
Bone,2022-12-11,2022-12-10,8.720537,5.787782,8.911356,6.6036158,5.9181967,9.59999942779541
Bone,2022-12-12,2022-12-11,8.034702,7.194957,9.878058,8.207485,6.9549236,6.700000286102295
Bone,2022-12-13,2022-12-12,7.3370132,3.4001842,8.064901,5.893138,5.59655,8.59999942779541
Bone,2022-12-14,2022-12-13,8.121241,6.1574774,7.7198343,6.359128,5.933017,19.5
Bone,2022-12-15,2022-12-14,13.568694,8.315212,7.1177225,7.0809717,6.877597,16.600000381469727
Bone,2022-12-16,2022-12-15,11.892733,11.398831,7.086259,8.372545,7.058097,4.699999809265137
Bone,2022-12-17,2022-12-16,5.734977,6.6820984,5.024547,5.260707,3.5205579,2.3999998569488525
Bone,2022-12-18,2022-12-17,3.7945352,5.0967093,5.613965,5.568986,2.8742113,11.500000953674316
Bone,2022-12-19,2022-12-18,8.878516,8.006093,5.3551874,7.122512,5.1060047,16.200000762939453
Bone,2022-12-20,2022-12-19,12.490241,9.984036,5.9826593,7.5870714,7.117259,6.0
Bone,2022-12-21,2022-12-20,7.773761,6.5960255,6.523621,5.3577356,5.5300474,0.0
Bone,2022-12-22,2022-12-21,3.0364184,2.7293913,2.609813,1.694275,1.9370589,0.3000000119209289
Bone,2022-12-23,2022-12-22,3.1977472,3.0788088,2.672362,2.575616,2.5633206,24.499998092651367
Bone,2022-12-24,2022-12-23,12.727678,7.895067,7.9587326,9.811774,8.51655,28.799999237060547
Bone,2022-12-25,2022-12-24,11.092421,4.6482496,4.05822,6.46327,5.0670323,3.4999992847442627
Bone,2022-12-26,2022-12-25,3.410738,2.6160243,3.1774006,4.078326,1.5996013,0.9000000357627869
Bone,2022-12-27,2022-12-26,-1.6840589,0.68494534,2.3238406,3.4813404,1.4053812,0.699999988079071
Bone,2022-12-28,2022-12-27,1.2998883,4.797666,4.63097,3.7948017,2.6390257,1.0000001192092896
Bone,2022-12-29,2022-12-28,0.06559992,3.4086707,1.5296637,1.5638903,1.5420605,1.4000000953674316
Bone,2022-12-30,2022-12-29,0.72167087,3.2969859,1.1923544,1.1046191,0.8155379,1.3000001907348633
Bone,2022-12-31,2022-12-30,-0.7205627,2.3689616,0.9577985,0.9907478,0.9188616,0.0
Bone,2023-01-01,2022-12-31,-0.23169446,1.4517463,1.9255784,1.187505,0.6291177,0.2000000029802322
Bone,2023-01-02,2023-01-01,-0.30415463,0.8015883,0.6500814,0.70896053,0.29492044,0.7000000476837158
Bone,2023-01-03,2023-01-02,-0.63241196,0.889308,1.5111958,1.031014,0.70438504,5.399999618530273
Bone,2023-01-04,2023-01-03,2.6016886,1.271921,3.8874369,3.7181056,3.1007514,4.899999618530273
Bone,2023-01-05,2023-01-04,3.8811526,3.9622169,3.6388783,4.5178347,2.7368245,0.2000000029802322
Bone,2023-01-06,2023-01-05,0.8965502,2.714101,1.5272329,1.656147,0.80982614,0.5
Bone,2023-01-07,2023-01-06,1.7922207,3.1418564,2.3745835,2.3449152,1.8803726,0.7000000476837158
Bone,2023-01-08,2023-01-07,2.0302172,3.436302,3.1478407,2.4381957,1.8238341,0.7000000476837158
Bone,2023-01-09,2023-01-08,3.2938113,3.0011973,2.9694834,2.1358342,1.8619909,0.6000000238418579
Bone,2023-01-10,2023-01-09,2.6286507,1.9204031,2.7481015,2.0445616,1.3268554,0.7000000476837158
Bone,2023-01-11,2023-01-10,3.2101014,1.6030705,2.46867,1.7968891,1.5305064,1.0
Bone,2023-01-12,2023-01-11,2.6277916,1.3587109,2.818864,2.0882587,1.7987123,0.8000000715255737
Bone,2023-01-13,2023-01-12,2.915161,1.2472886,2.1422582,1.8554007,1.9712393,0.2000000029802322
Bone,2023-01-14,2023-01-13,1.7200428,0.33102107,0.8311024,1.0678331,0.83459544,0.1000000014901161
Bone,2023-01-15,2023-01-14,1.3337741,0.39768863,1.1982396,0.82918596,0.66407895,5.300000190734863
Bone,2023-01-16,2023-01-15,7.005679,5.0449305,5.842391,5.170784,5.358895,0.0
Bone,2023-01-17,2023-01-16,1.7283357,0.7666762,2.2670486,0.84494853,0.89419985,4.400000095367432
Bone,2023-01-18,2023-01-17,5.6744967,4.6531935,5.4085865,4.0182343,3.5280495,9.699999809265137
Bone,2023-01-19,2023-01-18,6.8453403,6.139426,4.246694,4.7857656,1.9715762,0.4000000059604645
Bone,2023-01-20,2023-01-19,2.1116076,2.5859404,2.355923,1.2756295,0.9459864,4.699999809265137
Bone,2023-01-21,2023-01-20,6.421481,5.4395,6.321988,4.8410916,4.711499,8.100000381469727
Bone,2023-01-22,2023-01-21,9.936546,5.328556,3.1717627,4.935656,5.3010907,9.19999885559082
Bone,2023-01-23,2023-01-22,10.940874,5.951886,5.949112,6.7983356,6.606706,7.0
Bone,2023-01-24,2023-01-23,8.733011,4.6481204,4.913604,5.476554,6.287421,5.799999713897705
Bone,2023-01-25,2023-01-24,8.122392,3.7307577,5.9563074,5.524142,5.811328,35.400001525878906
Bone,2023-01-26,2023-01-25,14.4416275,7.2004414,10.587142,11.266516,10.241629,15.5
Bone,2023-01-27,2023-01-26,7.7797527,5.228848,7.1631927,7.684328,7.4398956,6.799999713897705
Bone,2023-01-28,2023-01-27,2.4721208,2.4004145,2.82948,3.8099742,2.4853334,1.4000000953674316
Bone,2023-01-29,2023-01-28,0.74387383,3.1754289,0.8271587,1.28929,1.4206631,3.299999713897705
Bone,2023-01-30,2023-01-29,2.2937393,3.205927,2.7067888,3.561939,2.714963,8.0
Bone,2023-01-31,2023-01-30,7.200307,5.846179,5.5562143,6.557906,5.7340574,25.10000228881836
Bone,2023-02-01,2023-01-31,9.659434,7.363036,9.074215,11.127211,8.912678,20.90000343322754
Bone,2023-02-02,2023-02-01,7.3669024,8.598102,10.466504,11.670983,10.0840645,10.69999885559082
Bone,2023-02-03,2023-02-02,6.5121555,8.681454,10.286874,10.172102,10.784411,1.4000000953674316
Bone,2023-02-04,2023-02-03,3.2692783,5.386656,5.6132402,4.460846,5.191943,0.8000000715255737
Bone,2023-02-05,2023-02-04,0.26107383,4.762914,3.8940487,3.6234634,3.6806202,0.1000000014901161
Bone,2023-02-06,2023-02-05,0.3442967,2.57018,1.8581227,1.4742178,1.9973505,0.2000000029802322
Bone,2023-02-07,2023-02-06,-1.8460667,1.3318907,0.8370321,0.85935354,1.1788714,0.0
Bone,2023-02-08,2023-02-07,-1.6937993,0.946941,1.02037,0.9382074,1.0314735,0.0
Bone,2023-02-09,2023-02-08,0.07546139,1.598528,0.9299346,0.78583336,0.7290673,0.0
Bone,2023-02-10,2023-02-09,2.3649561,1.2485867,0.37785983,0.37554526,0.18051004,0.0
Bone,2023-02-11,2023-02-10,1.8579404,0.57806253,0.856318,0.5804808,0.05267024,0.0
Bone,2023-02-12,2023-02-11,2.4385896,1.0655831,2.6466897,1.4713264,0.70959973,9.299999237060549
Bone,2023-02-13,2023-02-12,4.893829,4.5891285,8.0922575,5.6510496,5.2900743,34.899993896484375
Bone,2023-02-14,2023-02-13,10.828739,7.9106846,6.067958,9.664942,4.520207,4.499999523162842
Bone,2023-02-15,2023-02-14,1.377665,5.276761,5.7079935,5.3220015,2.9222214,0.9000000953674316
Bone,2023-02-16,2023-02-15,0.41169167,3.2956748,2.892729,3.1701207,1.6536342,0.3000000119209289
Bone,2023-02-17,2023-02-16,-1.0270557,2.590171,3.3546872,2.6493912,1.4242809,0.0
Bone,2023-02-18,2023-02-17,1.7114547,1.0724665,2.9062407,1.9471529,2.0607147,0.1000000014901161
Bone,2023-02-19,2023-02-18,1.6318904,0.23585057,2.2085745,1.7633232,1.2183795,0.0
Bone,2023-02-20,2023-02-19,1.7903924,0.32206392,1.7479554,0.9386338,0.64476204,0.0
Bone,2023-02-21,2023-02-20,0.29102325,0.4960103,2.6549392,1.4832281,0.96917045,0.6000000238418579
Bone,2023-02-22,2023-02-21,2.1982136,1.4546221,2.9068818,2.2499583,1.5038335,0.5
Bone,2023-02-23,2023-02-22,1.737723,1.2543936,0.9527323,1.1681516,0.3507874,0.0
Bone,2023-02-24,2023-02-23,1.4478823,1.1082308,0.7993872,0.6628351,0.33460236,1.2000000476837158
Bone,2023-02-25,2023-02-24,2.9415963,2.166273,3.312291,2.4475183,1.9732008,1.7999999523162842
Bone,2023-02-26,2023-02-25,3.280648,2.0050204,2.916477,2.5455942,1.2467985,2.900000095367432
Bone,2023-02-27,2023-02-26,4.302943,2.0668736,1.4142507,1.3753514,-0.6691122,1.2000000476837158
Bone,2023-02-28,2023-02-27,2.7431233,2.1611643,2.4073014,1.2604902,0.48536658,18.89999961853028
Bone,2023-03-01,2023-02-28,15.068326,11.502397,8.841949,8.950916,7.7903814,26.39999771118164
Bone,2023-03-02,2023-03-01,16.483566,12.65836,9.755455,10.742124,10.240996,1.7999999523162842
Bone,2023-03-03,2023-03-02,3.2721918,4.680814,4.5453835,3.4151661,3.743114,4.5
Bone,2023-03-04,2023-03-03,6.338276,4.365974,4.8738613,4.4943085,5.5120044,0.1000000014901161
Bone,2023-03-05,2023-03-04,1.8091757,3.5539343,3.0306318,1.3114611,2.273076,5.09999942779541
Bone,2023-03-06,2023-03-05,6.5966454,5.237015,6.172617,5.82435,5.651392,4.099999904632568
Bone,2023-03-07,2023-03-06,5.662445,4.371764,4.0600567,4.489211,3.9638839,1.3000000715255735
Bone,2023-03-08,2023-03-07,2.9135575,1.8505423,2.1427197,1.9052875,1.6194326,2.799999952316284
Bone,2023-03-09,2023-03-08,5.707733,3.8801727,4.7865553,3.9504123,3.616814,10.399999618530272
Bone,2023-03-10,2023-03-09,10.346283,5.689414,6.626713,4.4913397,4.37084,10.200000762939451
Bone,2023-03-11,2023-03-10,8.302313,4.8651047,6.198101,4.4247146,3.257234,9.200000762939451
Bone,2023-03-12,2023-03-11,8.385016,5.247305,9.492727,7.8667917,5.911296,40.40000534057617
Bone,2023-03-13,2023-03-12,15.840636,7.721137,13.199537,15.610623,13.419413,20.80000305175781
Bone,2023-03-14,2023-03-13,14.4945965,11.639642,11.565734,11.692815,10.335631,23.10000228881836
Bone,2023-03-15,2023-03-14,13.02283,12.174244,10.731242,12.667993,8.963974,10.800000190734863
Bone,2023-03-16,2023-03-15,11.903182,9.339809,9.87457,9.908793,8.645743,12.30000114440918
Bone,2023-03-17,2023-03-16,9.795079,11.436113,9.393847,11.421055,10.305805,9.199999809265137
Bone,2023-03-18,2023-03-17,7.989297,8.926728,9.196407,9.338126,8.982662,1.8000001907348633
Bone,2023-03-19,2023-03-18,5.341275,4.955427,6.06553,4.8118186,4.4391704,2.0
Bone,2023-03-20,2023-03-19,5.067151,4.5131645,5.808296,4.2975397,4.165599,19.0
Bone,2023-03-21,2023-03-20,9.516803,5.1626625,9.4245,11.528481,9.288839,6.299999237060547
Bone,2023-03-22,2023-03-21,6.564909,4.275449,7.15042,7.3575077,7.5605555,32.499996185302734
Bone,2023-03-23,2023-03-22,12.33194,3.8783717,9.191362,13.833552,12.119123,13.90000057220459
Bone,2023-03-24,2023-03-23,8.882902,5.1894855,10.788468,10.669393,10.138519,14.30000114440918
Bone,2023-03-25,2023-03-24,12.301329,12.170541,12.528503,12.355646,11.9847555,13.399999618530272
Bone,2023-03-26,2023-03-25,8.205191,8.749614,10.703537,9.72429,7.8597927,20.20000267028809
Bone,2023-03-27,2023-03-26,8.597954,12.135567,8.224929,9.999306,9.166511,14.700000762939451
Bone,2023-03-28,2023-03-27,6.1990743,8.800425,8.849703,10.441475,9.505784,3.700000286102295
Bone,2023-03-29,2023-03-28,2.915672,4.9793477,10.259798,8.702686,7.5520515,0.5
Bone,2023-03-30,2023-03-29,-0.07722545,1.3064092,7.60779,5.96332,4.8411202,17.299999237060547
Bone,2023-03-31,2023-03-30,3.771748,5.593833,9.7569,11.765677,9.421829,26.39999961853028
Bone,2023-04-01,2023-03-31,7.6381617,5.512742,7.67881,11.2818365,7.762843,15.500000953674316
Bone,2023-04-02,2023-04-01,3.989101,5.6871634,9.033784,10.815171,10.159196,13.100001335144045
Bone,2023-04-03,2023-04-02,1.7168787,8.617583,9.612551,10.952796,10.336306,1.7000000476837158
Bone,2023-04-04,2023-04-03,-1.3862503,5.401954,6.538624,6.835529,6.1333203,0.9000000357627869
Bone,2023-04-05,2023-04-04,2.2071579,4.5716777,4.811288,4.5898995,4.7160015,0.800000011920929
Bone,2023-04-06,2023-04-05,-1.4356248,4.4287705,4.657922,3.7094033,4.0088854,3.999999761581421
Bone,2023-04-07,2023-04-06,1.1386626,6.4883156,7.50758,6.1713786,6.404542,1.900000095367432
Bone,2023-04-08,2023-04-07,-0.13187385,3.9613419,5.077547,3.775713,3.4471142,0.1000000014901161
Bone,2023-04-09,2023-04-08,-2.639661,2.6804256,3.172707,2.4747071,2.0338087,0.3000000119209289
Bone,2023-04-10,2023-04-09,-1.2473524,1.9287956,1.6675111,1.7809204,1.0543019,0.8000000715255737
Bone,2023-04-11,2023-04-10,0.3289914,2.8397784,1.216291,1.9793067,1.2173343,0.5
Bone,2023-04-12,2023-04-11,-0.34897304,2.2287118,1.5337843,2.1746917,1.6662238,0.5
Bone,2023-04-13,2023-04-12,1.1850606,2.909007,3.8789446,3.2935147,3.2988963,8.5
Bone,2023-04-14,2023-04-13,3.377316,7.7412148,9.11854,8.15119,7.0363674,2.1999998092651367
Bone,2023-04-15,2023-04-14,2.6294193,5.2485313,7.3135843,6.057851,5.797205,25.5
Bone,2023-04-16,2023-04-15,9.855788,9.943289,9.930045,11.358063,8.839198,19.0
Bone,2023-04-17,2023-04-16,8.260031,7.815344,12.24874,10.411137,9.468905,12.700000762939451
Bone,2023-04-18,2023-04-17,8.361179,10.180798,13.055234,9.34527,7.8323812,6.800000190734863
Bone,2023-04-19,2023-04-18,7.959511,10.370229,11.866093,9.145969,8.82804,2.8999998569488525
Bone,2023-04-20,2023-04-19,5.82063,5.314294,7.20866,5.980964,5.066434,16.100000381469727
Bone,2023-04-21,2023-04-20,12.15593,7.906476,12.492724,12.130105,10.848064,14.999999046325684
Bone,2023-04-22,2023-04-21,9.324812,9.014812,11.83244,11.088405,10.429899,2.400000095367432
Bone,2023-04-23,2023-04-22,4.5309925,4.1339254,6.1875753,4.776951,4.646905,3.400000095367432
Bone,2023-04-24,2023-04-23,4.9752374,5.070224,6.3673725,5.8472834,5.781448,0.1000000014901161
Bone,2023-04-25,2023-04-24,3.1345706,3.577383,2.863173,2.8683755,2.9755967,11.90000057220459
Bone,2023-04-26,2023-04-25,9.676686,7.7693386,11.078433,9.910333,9.549016,15.600001335144045
Bone,2023-04-27,2023-04-26,11.047912,9.083232,10.097553,8.999166,7.582427,7.799999713897705
Bone,2023-04-28,2023-04-27,7.892354,6.195505,9.481784,7.8401775,7.115695,34.40000534057617
Bone,2023-04-29,2023-04-28,19.71157,10.228036,12.702235,15.0373125,13.186686,5.299999713897705
Bone,2023-04-30,2023-04-29,8.358853,9.39752,10.061695,8.068963,7.728978,7.199999809265137
Bone,2023-05-01,2023-04-30,8.545579,8.500568,9.563185,9.3256855,7.9091578,13.5
Bone,2023-05-02,2023-05-01,13.283293,8.46606,9.500581,10.302435,8.480062,1.0
Bone,2023-05-03,2023-05-02,3.4480522,4.0217285,4.5738535,4.1527743,3.8863552,3.900000095367432
Bone,2023-05-04,2023-05-03,5.694766,6.094405,6.531942,6.1002164,5.8343353,14.70000171661377
Bone,2023-05-05,2023-05-04,11.876341,7.7776604,7.454397,9.386444,8.507553,3.8000004291534415
Bone,2023-05-06,2023-05-05,5.285934,4.9179525,5.703418,6.282269,5.444938,1.100000023841858
Bone,2023-05-07,2023-05-06,3.7493157,3.4935656,4.5195003,4.2134514,4.226391,2.399999618530273
Bone,2023-05-08,2023-05-07,4.311054,3.4140773,5.216691,5.0090704,5.0892553,43.79999923706055
Bone,2023-05-09,2023-05-08,13.101845,3.200426,13.446848,18.803019,15.322799,29.299999237060547
Bone,2023-05-10,2023-05-09,10.608131,3.24988,9.924571,13.057423,10.736832,21.200000762939453
Bone,2023-05-11,2023-05-10,8.135876,3.858819,8.161104,9.923232,7.3369637,8.799999237060547
Bone,2023-05-12,2023-05-11,8.531542,5.835744,10.509918,8.74549,6.595071,1.2000000476837158
Bone,2023-05-13,2023-05-12,2.9735022,4.487235,4.7841177,4.8590183,4.548341,0.7000000476837158
Bone,2023-05-14,2023-05-13,2.473656,5.6694207,3.5863762,4.3745174,4.27083,2.899999618530273
Bone,2023-05-15,2023-05-14,3.911885,4.608444,5.07595,4.6508894,3.6548238,6.5
Bone,2023-05-16,2023-05-15,5.8556128,5.057342,5.614003,5.837588,3.7482378,16.000001907348633
Bone,2023-05-17,2023-05-16,10.468464,5.9586067,8.115082,10.604868,8.839441,13.699999809265137
Bone,2023-05-18,2023-05-17,9.489218,5.9063926,8.213184,9.533122,7.0134583,1.900000095367432
Bone,2023-05-19,2023-05-18,3.3085148,3.7348018,4.658504,4.177933,3.666965,1.5000001192092896
Bone,2023-05-20,2023-05-19,1.4261463,3.895544,3.2852697,3.4478455,2.8365896,0.7000000476837158
Bone,2023-05-21,2023-05-20,0.63665104,3.4728334,2.2192292,3.6596804,3.3435552,0.7000000476837158
Bone,2023-05-22,2023-05-21,1.8280847,3.38236,1.3042936,3.032104,3.1375685,0.6000000238418579
Bone,2023-05-23,2023-05-22,1.1735356,2.631977,1.5287716,1.8654845,1.5234073,1.900000095367432
Bone,2023-05-24,2023-05-23,2.24551,2.679166,1.9075108,2.242557,1.020191,2.299999952316284
Bone,2023-05-25,2023-05-24,2.7108676,2.6712923,3.6693087,3.9794583,2.8307858,1.7000000476837158
Bone,2023-05-26,2023-05-25,1.4963256,1.6884167,3.300002,3.25149,2.4286127,0.6000000238418579
Bone,2023-05-27,2023-05-26,0.31202865,-1.2695024,1.1506948,0.40899992,-1.0374198,0.5
Bone,2023-05-28,2023-05-27,0.032123566,-0.7696898,0.792125,1.1605716,0.2418778,1.2000000476837158
Bone,2023-05-29,2023-05-28,2.1098485,1.4861432,1.6663367,2.7497778,2.7545035,0.8000000715255737
Bone,2023-05-30,2023-05-29,1.4412524,1.6461831,1.5565171,2.287157,2.5229,2.200000047683716
Bone,2023-05-31,2023-05-30,3.3306923,3.4996433,2.9486792,3.1787815,3.3834841,4.399999141693115
Bone,2023-06-01,2023-05-31,5.8262005,5.39075,5.242393,5.469575,5.558467,1.4000000953674316
Bone,2023-06-02,2023-06-01,2.8909142,3.4546123,3.3043098,3.2651067,3.2340295,9.59999942779541
Bone,2023-06-03,2023-06-02,8.99686,8.682401,9.019208,8.083619,7.304516,1.2000000476837158
Bone,2023-06-04,2023-06-03,2.5491312,3.448161,3.8598983,3.272965,2.681511,5.09999942779541
Bone,2023-06-05,2023-06-04,6.57835,6.1035805,6.3310614,5.346633,4.066727,1.0
Bone,2023-06-06,2023-06-05,2.1613736,2.6354935,2.273085,1.9179132,1.5876215,0.6000000238418579
Bone,2023-06-07,2023-06-06,1.3874273,1.8998227,1.2558333,1.2674382,1.0171628,0.0
Bone,2023-06-08,2023-06-07,1.2607659,0.65748096,0.22466898,0.43794274,0.4365182,0.3000000119209289
Bone,2023-06-09,2023-06-08,0.80549717,0.57190514,0.7292423,1.0328526,0.9631828,6.09999942779541
Bone,2023-06-10,2023-06-09,6.347949,5.0186462,6.620084,6.472431,6.572125,10.20000171661377
Bone,2023-06-11,2023-06-10,7.6934595,5.6799,4.376645,5.4124937,4.89578,3.6999995708465576
Bone,2023-06-12,2023-06-11,4.438616,4.7171474,5.482363,4.6675687,5.102109,2.1000001430511475
Bone,2023-06-13,2023-06-12,2.9666076,3.5135007,3.0924318,3.150009,3.0387049,1.5
Bone,2023-06-14,2023-06-13,2.3529468,3.0601888,2.3585758,2.2312155,2.1580105,0.7000000476837158
Bone,2023-06-15,2023-06-14,1.5076646,1.4204042,1.2626581,1.0791435,0.90977097,2.0999999046325684
Bone,2023-06-16,2023-06-15,2.7202003,2.4442935,2.1588387,2.2958508,2.163621,2.900000095367432
Bone,2023-06-17,2023-06-16,3.2615147,2.8028526,2.5461676,2.6064894,2.192739,2.6000003814697266
Bone,2023-06-18,2023-06-17,3.0934036,2.559186,2.7906482,2.8452225,2.8711514,0.4000000059604645
Bone,2023-06-19,2023-06-18,0.7923329,0.62952256,0.7959318,0.7648711,0.6992588,0.6000000238418579
Bone,2023-06-20,2023-06-19,1.0324086,0.47721934,1.4970274,1.3845161,1.0535454,0.4000000059604645
Bone,2023-06-21,2023-06-20,0.4966302,0.17617369,1.6792969,0.9805014,0.84471345,0.0
Bone,2023-06-22,2023-06-21,0.08267546,-0.6124861,0.64279485,0.43543553,0.2534082,0.7000000476837158
Bone,2023-06-23,2023-06-22,0.73690844,-0.20317817,0.95957136,1.1707064,1.0483253,1.5000001192092896
Bone,2023-06-24,2023-06-23,1.5339963,1.6300819,1.6839596,1.8132768,1.7933086,9.5
Bone,2023-06-25,2023-06-24,4.5750136,4.0255203,2.1248877,4.097332,3.4295392,1.3000000715255735
Bone,2023-06-26,2023-06-25,1.3410869,2.3043065,0.9271904,2.0844889,2.0236292,0.8000000715255737
Bone,2023-06-27,2023-06-26,0.8407643,1.0341324,1.7009857,2.033088,1.5548185,9.000000953674316
Bone,2023-06-28,2023-06-27,6.7664995,4.188141,5.4467096,5.1621776,5.050587,3.5999996662139893
Bone,2023-06-29,2023-06-28,3.643012,3.4791355,4.7157955,3.7401266,3.7325158,6.900000095367432
Bone,2023-06-30,2023-06-29,6.9491034,4.3011575,5.7139006,4.5907145,4.851863,5.899999618530273
Bone,2023-07-01,2023-06-30,5.9442005,2.419711,5.866,4.9211884,5.5629244,9.30000114440918
Bone,2023-07-02,2023-07-01,6.840499,3.8290288,6.050622,6.153207,6.1991844,19.0
Bone,2023-07-03,2023-07-02,6.804408,2.2459185,5.937048,7.445835,7.5012474,25.90000534057617
Bone,2023-07-04,2023-07-03,9.943875,1.9389713,5.762374,8.354624,6.542596,18.5
Bone,2023-07-05,2023-07-04,6.495475,1.4505785,4.7619944,6.7836533,5.154846,1.8000001907348633
Bone,2023-07-06,2023-07-05,1.8499317,3.673166,4.1309624,3.795042,3.919768,0.6000000238418579
Bone,2023-07-07,2023-07-06,0.6523142,3.969419,3.599939,3.2318141,3.5386,1.6000001430511477
Bone,2023-07-08,2023-07-07,1.6548197,3.5227954,3.5461907,3.3876781,3.0839355,0.5
Bone,2023-07-09,2023-07-08,0.54593205,1.1855068,1.2469169,1.187206,1.2101494,1.100000023841858
Bone,2023-07-10,2023-07-09,1.1484406,1.3974764,1.5486592,1.5446302,1.6063341,0.0
Bone,2023-07-11,2023-07-10,0.0489645,0.44140244,0.26096535,0.41817904,0.24149227,2.1999998092651367
Bone,2023-07-12,2023-07-11,2.2499497,2.061517,2.3390856,2.289734,2.2607493,32.30000305175781
Bone,2023-07-13,2023-07-12,10.385141,5.695475,4.777861,9.9066105,8.083791,2.0999999046325684
Bone,2023-07-14,2023-07-13,2.153955,1.262654,0.03130412,2.1295037,2.124805,6.899999141693115
Bone,2023-07-15,2023-07-14,1.519173,1.8259478,2.8568938,5.057209,4.9014316,0.6000000238418579
Bone,2023-07-16,2023-07-15,0.65334725,2.7508001,1.047996,3.1833696,2.8682826,0.6000000238418579
Bone,2023-07-17,2023-07-16,0.64481974,1.1168913,1.0020915,1.0459601,1.359088,0.800000011920929
Bone,2023-07-18,2023-07-17,0.84980893,1.3678433,0.9094621,1.0284735,1.2916256,3.399999618530273
Bone,2023-07-19,2023-07-18,2.9300654,2.6949835,2.8921223,3.0664804,2.8497121,0.2000000029802322
Bone,2023-07-20,2023-07-19,0.24618053,-0.3191862,0.20745373,0.41148615,0.6985147,1.1000001430511477
Bone,2023-07-21,2023-07-20,1.1408665,1.2353714,0.759362,1.3531799,1.175713,1.900000095367432
Bone,2023-07-22,2023-07-21,1.9470342,1.9817202,0.6012089,1.7135328,1.7549645,1.4000000953674316
Bone,2023-07-23,2023-07-22,1.4439846,1.3182957,1.271072,1.6823504,1.2657796,1.0000001192092896
Bone,2023-07-24,2023-07-23,0.9357779,1.4777269,0.96014357,1.4160167,0.9045434,0.0
Bone,2023-07-25,2023-07-24,0.036334515,0.1466577,0.31036663,1.1601979,0.5800142,0.5
Bone,2023-07-26,2023-07-25,0.5424092,0.4107523,0.67099166,1.5671964,1.0693018,0.6000000238418579
Bone,2023-07-27,2023-07-26,0.6392853,0.8884392,0.5848999,1.3276788,1.0805105,1.100000023841858
Bone,2023-07-28,2023-07-27,1.1369289,1.0585225,1.106804,1.5612594,1.3483504,0.3000000119209289
Bone,2023-07-29,2023-07-28,0.33656216,0.8015647,0.29446602,0.51565576,0.18786144,0.6000000238418579
Bone,2023-07-30,2023-07-29,0.64249635,1.2425267,0.47599053,0.74382806,0.4100771,1.2000000476837158
Bone,2023-07-31,2023-07-30,1.2377411,1.70407,1.2779024,1.2214063,0.9188981,2.3999998569488525
Bone,2023-08-01,2023-07-31,2.4391055,2.1239974,2.598398,2.17487,1.9940829,1.3000000715255735
Bone,2023-08-02,2023-08-01,1.3330499,1.33974,1.905602,1.5463685,1.6231483,0.1000000014901161
Bone,2023-08-03,2023-08-02,0.13899541,0.47656846,0.3401692,0.5377438,0.71618724,0.4000000059604645
Bone,2023-08-04,2023-08-03,0.43263507,0.73240805,0.45934343,0.7774637,0.71160054,3.0999996662139893
Bone,2023-08-05,2023-08-04,3.1336505,3.578332,2.7244744,3.096458,3.306953,0.699999988079071
Bone,2023-08-06,2023-08-05,0.7333703,1.0923823,0.35728836,0.8104253,0.40600967,0.0
Bone,2023-08-07,2023-08-06,0.03635907,0.58975816,0.22681546,0.37425256,0.13669777,0.0
Bone,2023-08-08,2023-08-07,0.028027773,0.6916208,0.16191506,0.30349374,0.101174355,0.0
Bone,2023-08-09,2023-08-08,0.0052289963,0.6530919,0.18788934,0.31506753,0.09814644,0.5
Bone,2023-08-10,2023-08-09,0.4951024,0.5020604,0.55478144,0.43266344,0.5710745,1.4000000953674316
Bone,2023-08-11,2023-08-10,1.4073409,1.2437862,1.1703305,1.0885206,1.3147501,0.3000000119209289
Bone,2023-08-12,2023-08-11,0.31244302,0.21574664,0.36212635,0.31731367,0.2764933,0.0
Bone,2023-08-13,2023-08-12,-0.0031769276,0.10398483,0.1139791,0.04728961,0.0030026436,0.2000000029802322
Bone,2023-08-14,2023-08-13,0.19896841,0.35054326,0.27377295,0.25812364,0.20171332,0.2000000029802322
Bone,2023-08-15,2023-08-14,0.21045661,0.18815708,0.22934508,0.22096348,0.22396374,0.5
Bone,2023-08-16,2023-08-15,0.51519275,0.5893717,0.51333976,0.51545715,0.5372832,0.0
Bone,2023-08-17,2023-08-16,-0.0032596588,0.4820373,0.072227,-0.017735243,0.044446945,0.2000000029802322
Bone,2023-08-18,2023-08-17,0.1879797,-0.010836363,0.2878604,0.17886734,0.23087263,0.3000000119209289
Bone,2023-08-19,2023-08-18,0.29969454,0.10199046,0.3614242,0.30170226,0.34153914,0.3000000119209289
Bone,2023-08-20,2023-08-19,0.29808617,0.4382,0.33639646,0.30104566,0.33336687,0.2000000029802322
Bone,2023-08-21,2023-08-20,0.20261097,0.05344844,0.26681018,0.17424893,0.19535589,0.0
Bone,2023-08-22,2023-08-21,-0.014653444,-0.012891531,0.09913111,-0.012079716,0.0073947906,0.3000000119209289
Bone,2023-08-23,2023-08-22,0.2864225,0.20518589,0.36474776,0.29697037,0.2878704,1.2000000476837158
Bone,2023-08-24,2023-08-23,1.2116809,0.7017739,0.93205273,0.9198339,1.1419562,2.1000001430511475
Bone,2023-08-25,2023-08-24,2.1011834,1.035106,0.7323258,0.4947822,1.4112103,0.1000000014901161
Bone,2023-08-26,2023-08-25,0.09689665,0.00058460236,0.023258686,0.10679221,0.123090744,1.7000000476837158
Bone,2023-08-27,2023-08-26,1.7008507,1.2130599,1.5300682,1.5250554,1.685716,0.3000000119209289
Bone,2023-08-28,2023-08-27,0.30076814,0.5808315,0.35477185,0.27579427,0.32283974,0.1000000014901161
Bone,2023-08-29,2023-08-28,0.102611065,0.5314367,0.16500568,0.047338486,0.1333816,0.0
Bone,2023-08-30,2023-08-29,0.0026111603,0.060410976,-0.032911062,-0.05037856,-0.0324924,0.0
Bone,2023-08-31,2023-08-30,0.0026111603,0.28332472,0.05091548,-0.00023627281,-0.046096087,0.0
Bone,2023-09-01,2023-08-31,0.0026111603,0.2255292,0.07760739,0.00042533875,-0.041051388,0.5
Bone,2023-09-02,2023-09-01,0.5026109,0.30574393,0.55420756,0.41065288,0.46169257,0.0
Bone,2023-09-03,2023-09-02,0.0026111603,0.06898737,0.017929077,-0.07532692,-0.032380104,0.0
Bone,2023-09-04,2023-09-03,0.0026111603,0.084811926,0.049286127,-0.10115838,-0.050970316,0.1000000014901161
Bone,2023-09-05,2023-09-04,0.102611065,0.23645377,0.07721877,0.038570642,0.09109473,0.3000000119209289
Bone,2023-09-06,2023-09-05,0.30261087,0.24516892,-0.0965662,-0.15048003,0.23329234,0.0
Bone,2023-09-07,2023-09-06,0.0026111603,0.2519679,-0.02451992,-0.08298826,-0.023621082,0.0
Bone,2023-09-08,2023-09-07,0.0026111603,0.31632924,-0.012654543,-0.05495,-0.018575668,0.1000000014901161
Bone,2023-09-09,2023-09-08,0.102611065,0.50594044,0.041849136,0.04030347,0.07869005,0.0
Bone,2023-09-10,2023-09-09,0.0026111603,0.30561328,-0.24379873,-0.1823132,-0.005278349,1.6000001430511477
Bone,2023-09-11,2023-09-10,1.6026112,1.1557091,0.906976,0.6124799,1.3366356,3.0999996662139893
Bone,2023-09-12,2023-09-11,3.1026106,1.719855,1.7105097,0.764714,2.0719728,0.3000000119209289
Bone,2023-09-13,2023-09-12,0.30261087,-0.069162846,0.24064922,0.29899883,0.2695384,0.0
Bone,2023-09-14,2023-09-13,0.0026111603,-0.14220715,0.015341997,0.030217886,-0.05967784,0.0
Bone,2023-09-15,2023-09-14,0.0026111603,-0.024979353,0.04138589,0.008970976,0.017770052,0.2000000029802322
Bone,2023-09-16,2023-09-15,0.20261097,0.14729238,0.23082161,0.1570344,0.17623258,2.400000095367432
Bone,2023-09-17,2023-09-16,2.4026113,1.3893671,1.6146593,1.8046272,2.306259,0.2000000029802322
Bone,2023-09-18,2023-09-17,0.20261097,-0.03899312,-0.57579255,-0.59966254,0.05530858,0.0
Bone,2023-09-19,2023-09-18,0.0026111603,0.13642073,-0.051242113,-0.054620743,-0.061778307,0.1000000014901161
Bone,2023-09-20,2023-09-19,0.102611065,0.24281383,0.0908618,0.069075346,0.057614565,0.0
Bone,2023-09-21,2023-09-20,0.0026111603,0.19653034,-0.050218105,-0.12393117,-0.013143539,0.0
Bone,2023-09-22,2023-09-21,0.0026111603,0.0970521,-0.035132885,-0.1398263,0.025933504,0.0
Bone,2023-09-23,2023-09-22,0.0026111603,0.087141275,0.038733006,-0.08034372,0.03949499,0.0
Bone,2023-09-24,2023-09-23,0.0026111603,0.14935255,-0.012794256,-0.06345415,0.048738956,0.3000000119209289
Bone,2023-09-25,2023-09-24,0.30261087,0.54748225,0.26179814,0.21599627,0.32455564,0.0
Bone,2023-09-26,2023-09-25,0.0026111603,0.22452879,0.008397579,-0.029895306,-0.01418829,0.0
Bone,2023-09-27,2023-09-26,0.0026111603,0.21649265,0.037670374,-0.065128565,-0.010525465,0.0
Bone,2023-09-28,2023-09-27,0.0026111603,0.18214011,0.043518305,-0.084394455,-0.006722212,0.0
Bone,2023-09-29,2023-09-28,0.0026111603,0.10848093,0.05121827,-0.06253886,-0.017465115,0.0
Bone,2023-09-30,2023-09-29,0.0026111603,0.16735196,-0.0669322,-0.16998744,0.009852409,0.0
Bone,2023-10-01,2023-09-30,0.0026111603,0.14950967,-0.27199483,-0.22868824,0.012363434,0.0
Bone,2023-10-02,2023-10-01,0.0026111603,0.25523186,-0.11231518,-0.2573309,0.010675192,0.3000000119209289
Bone,2023-10-03,2023-10-02,0.30261087,0.62184787,-0.12606525,-0.09624624,0.35487628,0.7000000476837158
Bone,2023-10-04,2023-10-03,0.70261097,0.8244436,0.44938755,0.13231015,0.7707622,0.4000000059604645
Bone,2023-10-05,2023-10-04,0.40261102,0.63922024,0.1325612,0.27154803,0.64809465,0.0
Bone,2023-10-06,2023-10-05,0.0026111603,0.3011973,0.10842013,0.11940575,0.26265955,0.0
Bone,2023-10-07,2023-10-06,0.0026111603,0.14559388,0.12583566,0.083675146,0.11964965,0.2000000029802322
Bone,2023-10-08,2023-10-07,0.20261097,0.32653713,0.38955712,0.38268638,0.31997585,0.0
Bone,2023-10-09,2023-10-08,0.0026111603,0.16505313,0.22458673,0.21250916,0.12508488,0.1000000014901161
Bone,2023-10-10,2023-10-09,0.102611065,0.4400215,0.3872125,0.19593883,0.16177797,0.0
Bone,2023-10-11,2023-10-10,0.0026111603,0.33434224,0.16813755,0.03924322,0.094768524,0.0
Bone,2023-10-12,2023-10-11,0.0026111603,0.26594615,0.14850879,0.055645466,0.08112407,0.0
Bone,2023-10-13,2023-10-12,0.0026111603,0.31080008,0.23464489,0.053261995,0.12061691,0.1000000014901161
Bone,2023-10-14,2023-10-13,0.102611065,0.2576368,0.27819514,0.100099325,0.32092834,0.0
Bone,2023-10-15,2023-10-14,-0.009407282,0.35123324,-0.09714222,-0.2265532,0.20559788,0.2000000029802322
Bone,2023-10-16,2023-10-15,0.19479394,0.6832595,0.24750376,0.22112179,0.4811895,0.1000000014901161
Bone,2023-10-17,2023-10-16,0.094239,0.5432396,0.26888132,0.3213024,0.37055945,2.5999996662139893
Bone,2023-10-18,2023-10-17,2.6031883,2.8925827,2.3046026,2.3456087,2.6929307,4.5
Bone,2023-10-19,2023-10-18,4.540396,3.209747,3.8081403,2.7017608,3.8620605,0.4000000059604645
Bone,2023-10-20,2023-10-19,0.43789196,0.7123034,0.6956816,0.81339,1.0219179,0.0
Bone,2023-10-21,2023-10-20,0.035505056,0.4044435,0.34941268,0.48014855,0.50598145,0.0
Bone,2023-10-22,2023-10-21,0.03318286,0.5340731,0.39954376,0.27346396,0.3441522,0.2000000029802322
Bone,2023-10-23,2023-10-22,0.23867464,0.5617192,0.42021942,0.7369633,0.58612156,12.399999618530272
Bone,2023-10-24,2023-10-23,5.8757544,4.510538,2.6128557,4.8989615,7.644638,0.0
Bone,2023-10-25,2023-10-24,0.060072184,0.68907166,0.054587603,0.58706474,1.2954215,0.0
Bone,2023-10-26,2023-10-25,0.063696384,0.80532885,0.17822719,1.3124216,1.4526644,0.0
Bone,2023-10-27,2023-10-26,0.07393408,0.9941528,0.6475258,0.7265022,0.72632194,0.0
Bone,2023-10-28,2023-10-27,0.056024313,0.6195445,0.30591464,0.035117865,0.3682251,0.0
Bone,2023-10-29,2023-10-28,0.036921978,0.38835764,0.55708504,0.18918562,0.5389073,0.0
Bone,2023-10-30,2023-10-29,0.044451237,0.40213227,0.4522581,0.2667129,0.53523946,0.0
Bone,2023-10-31,2023-10-30,0.067201376,0.45631027,0.5285392,0.33754873,0.61538076,0.3000000119209289
Bone,2023-11-01,2023-10-31,0.36598396,1.0401597,0.7981498,0.86542726,0.8963518,10.499999046325684
Bone,2023-11-02,2023-11-01,9.237181,5.987493,5.085237,5.8434553,6.907316,5.799999713897705
Bone,2023-11-03,2023-11-02,5.88892,3.845166,3.3416367,3.5828128,4.166242,11.800000190734863
Bone,2023-11-04,2023-11-03,4.9747047,4.578121,3.2590597,5.6241217,6.074318,6.3000006675720215
Bone,2023-11-05,2023-11-04,3.0574176,3.8205838,2.373681,4.171297,3.9245427,0.5
Bone,2023-11-06,2023-11-05,0.5956695,2.6355178,1.5188215,2.6394463,2.150097,0.3000000119209289
Bone,2023-11-07,2023-11-06,0.3950591,2.4221895,1.4299825,2.4761388,2.2803848,0.1000000014901161
Bone,2023-11-08,2023-11-07,0.19315529,1.5710118,1.1117594,1.3821127,1.6312358,0.0
Bone,2023-11-09,2023-11-08,0.09105873,1.1842563,0.800848,1.2564349,1.6932589,2.5999999046325684
Bone,2023-11-10,2023-11-09,2.6759286,3.6612608,3.8099566,4.2294445,4.577385,0.4000000059604645
Bone,2023-11-11,2023-11-10,0.4889903,1.8635527,1.393866,2.3526156,2.3544064,0.0
Bone,2023-11-12,2023-11-11,0.0895102,1.767538,1.2057039,1.7996166,1.4251171,0.2000000029802322
Bone,2023-11-13,2023-11-12,0.28368735,1.1033316,-0.23517919,0.51589704,0.21675348,1.100000023841858
Bone,2023-11-14,2023-11-13,1.1832232,1.8883885,1.7169325,2.082553,2.1828585,1.100000023841858
Bone,2023-11-15,2023-11-14,1.1851689,2.0140622,0.15776205,2.0112298,1.3682566,3.0999999046325684
Bone,2023-11-16,2023-11-15,3.1841607,3.633288,1.440273,2.024401,1.939884,7.0
Bone,2023-11-17,2023-11-16,2.8885717,4.2117724,2.802393,2.7875009,2.0517468,16.5
Bone,2023-11-18,2023-11-17,4.198052,7.516756,4.9444017,6.3226266,4.616406,21.0
Bone,2023-11-19,2023-11-18,4.020627,7.8531723,9.537686,8.86907,8.539007,1.0
Bone,2023-11-20,2023-11-19,1.084964,4.172389,4.9249516,4.743591,4.5603256,0.5
Bone,2023-11-21,2023-11-20,0.5833421,4.1885905,4.145453,4.3946333,3.9701524,0.1000000014901161
Bone,2023-11-22,2023-11-21,0.18201852,4.447876,3.7269788,3.97771,4.081106,0.3000000119209289
Bone,2023-11-23,2023-11-22,0.3783257,2.6104403,1.8025796,2.338841,2.6435494,5.0
Bone,2023-11-24,2023-11-23,5.0791483,6.2503796,6.3078876,6.3867064,6.541794,14.300000190734863
Bone,2023-11-25,2023-11-24,10.545961,8.233394,3.1730907,7.3473396,7.6217785,10.699999809265137
Bone,2023-11-26,2023-11-25,8.686606,6.091916,4.543619,7.368805,6.945157,8.500000953674316
Bone,2023-11-27,2023-11-26,9.040889,4.7430263,1.9246252,6.143467,4.645344,14.700000762939451
Bone,2023-11-28,2023-11-27,8.78522,4.2536225,1.0151889,4.6568756,2.9419022,12.600000381469728
Bone,2023-11-29,2023-11-28,5.177931,5.1997495,2.1628523,5.097559,4.3408213,3.900000095367432
Bone,2023-11-30,2023-11-29,6.204811,5.842145,3.9187071,5.066471,4.9447403,11.300000190734863
Bone,2023-12-01,2023-11-30,5.019041,7.317548,7.0715504,7.895974,5.6911154,2.0999999046325684
Bone,2023-12-02,2023-12-01,2.0236754,5.7680554,5.293625,4.7622085,4.7263184,2.700000047683716
Bone,2023-12-03,2023-12-02,4.616255,6.113032,5.470076,6.1239343,5.937211,6.09999942779541
Bone,2023-12-04,2023-12-03,7.126541,6.0921063,6.15388,9.08451,8.549959,3.500000238418579
Bone,2023-12-05,2023-12-04,6.0511985,4.853153,4.3748784,5.68524,5.571103,7.999999523162842
Bone,2023-12-06,2023-12-05,4.204712,4.8822136,7.1850805,8.719248,7.8204317,12.0
Bone,2023-12-07,2023-12-06,5.2576075,4.0705676,5.019391,8.227751,6.294114,13.700000762939451
Bone,2023-12-08,2023-12-07,7.1700974,4.7204742,3.6182418,7.3767195,5.2244925,22.799999237060547
Bone,2023-12-09,2023-12-08,9.558263,6.648033,3.9697762,9.309033,7.252741,9.5
Bone,2023-12-10,2023-12-09,2.1236517,7.4089403,4.7306924,8.264253,6.766615,10.899999618530272
Bone,2023-12-11,2023-12-10,2.6991863,8.077762,4.8506618,7.7777834,5.0876713,0.2000000029802322
Bone,2023-12-12,2023-12-11,4.016621,5.528047,5.2031155,5.4016347,5.404172,2.200000047683716
Bone,2023-12-13,2023-12-12,4.185266,4.958049,5.9770985,5.452418,5.365963,8.399999618530273
Bone,2023-12-14,2023-12-13,6.511509,7.6763916,9.000527,7.8006325,7.102292,0.9000000357627869
Bone,2023-12-15,2023-12-14,3.550279,3.9085255,5.525485,4.747034,5.0932937,1.5
Bone,2023-12-16,2023-12-15,3.8519197,4.7488413,4.866565,4.644301,4.670791,0.0
Bone,2023-12-17,2023-12-16,2.6806378,2.8294344,3.1160703,2.7218728,2.482095,7.200000286102295
Bone,2023-12-18,2023-12-17,5.479594,6.920043,8.495992,8.751898,7.855302,4.800000190734863
Bone,2023-12-19,2023-12-18,4.3691263,4.886993,6.7143474,7.286482,6.3220415,12.30000114440918
Bone,2023-12-20,2023-12-19,3.9607816,6.484187,6.0676994,7.467473,6.3036633,0.0
Bone,2023-12-21,2023-12-20,1.8165189,3.9163568,4.5046153,4.154104,4.056464,0.2000000029802322
Bone,2023-12-22,2023-12-21,2.6740649,4.5894866,3.4354587,3.3555865,3.194489,13.200000762939451
Bone,2023-12-23,2023-12-22,7.4764957,7.9286795,8.936105,7.3074684,5.851701,8.90000057220459
Bone,2023-12-24,2023-12-23,8.329728,9.154943,8.778251,7.1291904,5.571904,22.099998474121094
Bone,2023-12-25,2023-12-24,6.8402076,9.171822,9.016769,9.359672,6.63554,12.200000762939451
Bone,2023-12-26,2023-12-25,5.277013,6.9330845,9.445561,7.9351673,5.7483616,7.599999904632568
Bone,2023-12-27,2023-12-26,4.8813415,7.069829,10.656837,8.052371,5.104945,3.700000047683716
Bone,2023-12-28,2023-12-27,4.7483277,5.885685,6.166354,6.115486,3.8210564,13.600000381469728
Bone,2023-12-29,2023-12-28,9.014172,6.5437174,6.6811724,7.404148,5.4322615,13.40000057220459
Bone,2023-12-30,2023-12-29,10.74828,5.7084694,8.970726,8.698191,6.379489,3.0999996662139893
Bone,2023-12-31,2023-12-30,5.5083113,4.27751,6.66666,6.2108455,5.8701143,3.1999995708465576
Bone,2024-01-01,2023-12-31,5.617282,4.8209715,7.177515,7.067258,6.648514,9.90000057220459
Bone,2024-01-02,2024-01-01,10.212723,8.300473,8.451377,9.310668,7.943795,3.0999999046325684
Bone,2024-01-03,2024-01-02,5.960123,4.5532837,7.1637487,6.7146807,5.682535,18.10000228881836
Bone,2024-01-04,2024-01-03,13.947592,7.0271664,7.7143984,9.128177,7.205718,28.10000228881836
Bone,2024-01-05,2024-01-04,16.188917,10.057626,7.7210608,11.136304,8.906322,31.70000267028809
Bone,2024-01-06,2024-01-05,15.631451,11.6827345,12.371719,14.372072,12.322512,27.40000343322754
Bone,2024-01-07,2024-01-06,13.403595,10.277599,8.175306,11.84749,8.419254,13.5
Bone,2024-01-08,2024-01-07,9.211252,8.681573,6.1781206,8.272274,5.3233995,3.3999998569488525
Bone,2024-01-09,2024-01-08,3.9278815,6.2094483,7.01927,6.715422,5.7210255,2.3999998569488525
Bone,2024-01-10,2024-01-09,3.6778662,6.714351,5.9411397,6.4353547,4.5043697,7.599999904632568
Bone,2024-01-11,2024-01-10,5.8809423,4.506864,4.4412785,4.9574695,2.7336268,4.299999713897705
Bone,2024-01-12,2024-01-11,4.087474,4.7561464,6.022101,5.80745,4.756797,2.0
Bone,2024-01-13,2024-01-12,4.3782063,3.882255,5.391343,5.01556,4.443931,4.800000190734863
Bone,2024-01-14,2024-01-13,5.944541,3.3912158,6.099209,6.0285172,5.0828447,1.3000000715255735
Bone,2024-01-15,2024-01-14,4.6545305,3.6958158,5.0725183,4.2828135,3.6676252,9.600000381469728
Bone,2024-01-16,2024-01-15,7.574012,5.5472765,8.006886,6.9736567,5.24929,3.900000095367432
Bone,2024-01-17,2024-01-16,5.9075537,5.036562,7.7414503,7.0752487,6.218401,1.3000000715255735
Bone,2024-01-18,2024-01-17,4.3653235,3.96754,5.9554386,5.108509,4.3824253,0.5
Bone,2024-01-19,2024-01-18,3.9881732,2.3880677,4.6524553,4.1346197,3.6543868,0.1000000014901161
Bone,2024-01-20,2024-01-19,3.4691324,1.9388626,4.9462433,3.90328,3.2529888,1.2000000476837158
Bone,2024-01-21,2024-01-20,3.6727767,3.1179686,4.4909325,3.824213,2.3751256,0.0
Bone,2024-01-22,2024-01-21,2.7657404,1.5833241,2.6032522,2.517212,0.6819308,0.0
Bone,2024-01-23,2024-01-22,2.7204108,0.9595914,1.062342,1.270877,0.13241029,0.4000000059604645
Bone,2024-01-24,2024-01-23,2.855739,1.554257,2.4190638,2.345396,0.96008146,0.1000000014901161
Bone,2024-01-25,2024-01-24,2.1093636,1.2438426,1.9559598,1.9403172,1.1986978,0.0
Bone,2024-01-26,2024-01-25,1.5658739,1.3871697,1.2161895,1.3113623,0.71018004,0.0
Bone,2024-01-27,2024-01-26,1.0213214,1.2349824,2.0072489,1.5263182,0.92917895,4.0
Bone,2024-01-28,2024-01-27,4.664075,5.13997,5.2939925,4.424426,4.3912773,5.399999618530273
Bone,2024-01-29,2024-01-28,6.8667645,6.051794,6.652976,5.8090544,5.326157,13.300000190734863
Bone,2024-01-30,2024-01-29,11.139744,6.8834705,9.273824,8.328914,6.1485987,11.399999618530272
Bone,2024-01-31,2024-01-30,9.582459,5.961479,8.708748,8.070261,5.9510994,1.0
Bone,2024-02-01,2024-01-31,2.854303,2.7951572,4.868054,3.222078,2.87234,0.4000000059604645
Bone,2024-02-02,2024-02-01,2.7067728,3.4819758,3.6826007,1.9801587,1.1652825,1.0
Bone,2024-02-03,2024-02-02,2.9742925,3.4318554,3.5265577,2.456039,1.6179914,2.700000047683716
Bone,2024-02-04,2024-02-03,4.736669,2.7334638,5.2347727,4.122257,3.5587783,6.899999618530273
Bone,2024-02-05,2024-02-04,8.15331,4.7058406,6.819043,7.416147,4.5666094,0.1000000014901161
Bone,2024-02-06,2024-02-05,2.1362708,1.5947295,3.785767,3.0999486,1.9230826,8.0
Bone,2024-02-07,2024-02-06,8.539471,5.468198,6.5805726,7.1524477,5.282962,3.5999999046325684
Bone,2024-02-08,2024-02-07,5.2181416,3.7049673,3.681597,4.1326075,1.5075316,1.7999999523162842
Bone,2024-02-09,2024-02-08,3.5146084,3.2713802,3.2603593,2.9151897,0.2721014,1.4000000953674316
Bone,2024-02-10,2024-02-09,3.663279,2.806445,2.7045,2.0057025,1.2589158,2.799999952316284
Bone,2024-02-11,2024-02-10,4.7726765,2.659223,4.7523665,3.5023336,2.8229694,2.8999998569488525
Bone,2024-02-12,2024-02-11,4.531827,3.2586434,3.7988558,3.1809912,2.7236128,0.0
Bone,2024-02-13,2024-02-12,2.6017714,1.0730823,2.2768345,1.6712129,1.1906099,9.30000114440918
Bone,2024-02-14,2024-02-13,7.8375626,2.5371304,7.0906544,6.9882593,5.7859564,5.300000190734863
Bone,2024-02-15,2024-02-14,5.826077,1.5283802,5.846058,5.585509,4.1787715,58.19999313354492
Bone,2024-02-16,2024-02-15,18.100338,8.037054,9.650231,15.255781,10.254809,24.100000381469727
Bone,2024-02-17,2024-02-16,11.824257,4.11833,7.817959,8.652933,6.1611433,16.60000228881836
Bone,2024-02-18,2024-02-17,9.108716,4.5368485,6.045188,8.693648,5.625758,2.5999999046325684
Bone,2024-02-19,2024-02-18,4.551435,3.8066666,2.578165,4.3984504,3.1479614,0.0
Bone,2024-02-20,2024-02-19,4.640404,3.6982877,2.6953785,3.0470452,2.491393,3.0999999046325684
Bone,2024-02-21,2024-02-20,6.465029,4.3981996,4.5025887,5.2255898,3.6927135,2.0
Bone,2024-02-22,2024-02-21,5.149496,3.338825,4.346133,3.8609211,3.9275904,9.800000190734863
Bone,2024-02-23,2024-02-22,11.557058,7.8426847,6.7652073,8.292043,7.2044125,2.5999999046325684
Bone,2024-02-24,2024-02-23,5.9975424,4.365981,6.5230274,6.4461327,6.0695276,12.500000953674316
Bone,2024-02-25,2024-02-24,11.170603,6.5858755,7.30958,9.058437,8.364783,15.100001335144045
Bone,2024-02-26,2024-02-25,8.6811905,6.4084587,6.756461,9.640955,8.3508005,10.199999809265137
Bone,2024-02-27,2024-02-26,7.1739855,7.8329544,6.9039288,8.180897,7.694128,1.600000023841858
Bone,2024-02-28,2024-02-27,3.8114839,4.892998,4.963316,5.4361744,4.5967903,2.299999713897705
Bone,2024-02-29,2024-02-28,3.9506793,4.844025,5.25043,5.4630055,4.881864,1.8000001907348633
Bone,2024-03-01,2024-02-29,2.679852,3.880681,5.2740245,5.562588,5.0799627,3.1000001430511475
Bone,2024-03-02,2024-03-01,3.523066,4.4885216,6.1761103,5.93534,5.606389,15.200000762939451
Bone,2024-03-03,2024-03-02,5.9556627,4.019258,7.5468264,7.7838593,3.8073504,23.700000762939453
Bone,2024-03-04,2024-03-03,7.179471,4.3358603,9.068573,10.06894,6.8884516,1.8000000715255735
Bone,2024-03-05,2024-03-04,2.292338,1.292838,8.814138,6.9320965,5.4703484,32.39999771118164
Bone,2024-03-06,2024-03-05,10.564269,3.7315137,11.64929,13.464275,7.9255695,11.20000171661377
Bone,2024-03-07,2024-03-06,7.9614563,6.3792667,10.704497,12.363446,10.5805235,16.700000762939453
Bone,2024-03-08,2024-03-07,9.264438,9.759216,14.722613,15.650833,13.484335,43.299991607666016
Bone,2024-03-09,2024-03-08,15.590987,11.171561,13.562339,16.20413,13.677456,6.899999141693115
Bone,2024-03-10,2024-03-09,9.03315,8.370824,9.254178,9.460341,7.724763,6.899999618530273
Bone,2024-03-11,2024-03-10,6.553937,7.598507,10.689897,10.4343405,7.4236746,0.0
Bone,2024-03-12,2024-03-11,1.0062114,4.251016,8.933853,7.7876854,5.194006,11.5
Bone,2024-03-13,2024-03-12,2.827649,6.5134087,9.902429,9.225306,7.518489,1.100000023841858
Bone,2024-03-14,2024-03-13,2.0790195,1.8821348,5.3016615,3.3114815,2.8310614,0.0
Bone,2024-03-15,2024-03-14,2.9927006,4.2897615,4.818905,3.9733095,2.9446874,2.700000047683716
Bone,2024-03-16,2024-03-15,4.262024,5.1452346,6.173296,5.7766666,3.7199292,0.2000000029802322
Bone,2024-03-17,2024-03-16,3.8749082,3.7400339,3.6157112,2.8416593,1.6985929,0.0
Bone,2024-03-18,2024-03-17,3.0711877,3.0632176,2.0522237,1.9858509,1.5028031,1.9000002145767207
Bone,2024-03-19,2024-03-18,5.4316907,3.3076823,4.083609,3.9711943,3.4242444,6.300000190734863
Bone,2024-03-20,2024-03-19,7.6636276,6.0034575,8.432097,7.8848534,6.886117,2.5
Bone,2024-03-21,2024-03-20,4.8105307,3.8342829,6.502988,6.3231816,5.510461,24.499998092651367
Bone,2024-03-22,2024-03-21,11.069926,7.407486,8.442292,9.287242,6.086302,4.1999993324279785
Bone,2024-03-23,2024-03-22,5.589739,4.9540863,8.864012,6.63612,5.8840613,7.400000095367432
Bone,2024-03-24,2024-03-23,7.885393,7.199133,10.793218,9.289719,8.802861,10.09999942779541
Bone,2024-03-25,2024-03-24,6.9537334,5.751603,10.292371,8.7866955,5.9634886,24.69999885559082
Bone,2024-03-26,2024-03-25,12.981314,8.224045,8.996975,11.167325,6.171336,10.30000114440918
Bone,2024-03-27,2024-03-26,8.539264,8.356409,10.781025,10.594966,8.586465,25.80000114440918
Bone,2024-03-28,2024-03-27,14.583866,8.663448,12.546547,12.878463,10.335047,3.899999856948853
Bone,2024-03-29,2024-03-28,6.2874117,3.8359296,7.3393946,7.7134295,6.1247225,13.90000057220459
Bone,2024-03-30,2024-03-29,12.370579,10.364124,9.885756,11.852812,9.536909,10.60000228881836
Bone,2024-03-31,2024-03-30,9.0233965,8.469034,9.134279,9.573412,7.92249,7.099999904632568
Bone,2024-04-01,2024-03-31,9.316997,8.83558,9.811123,9.840277,7.7757797,18.299999237060547
Bone,2024-04-02,2024-04-01,13.192178,9.662589,9.660384,10.079661,7.5267696,20.100000381469727
Bone,2024-04-03,2024-04-02,15.170121,8.90025,12.018931,11.813581,10.139477,0.5
Bone,2024-04-04,2024-04-03,2.8805141,4.8614645,6.548167,4.3842626,2.4089031,4.199999809265137
Bone,2024-04-05,2024-04-04,6.428791,8.5861,9.105646,8.007278,5.906028,15.799999237060549
Bone,2024-04-06,2024-04-05,12.52569,10.209433,10.814147,11.956405,9.455124,3.8000001907348633
Bone,2024-04-07,2024-04-06,5.9782567,5.4187045,4.6507516,5.708168,4.148841,9.400001525878906
Bone,2024-04-08,2024-04-07,11.130782,7.4539223,9.378292,9.95796,7.825822,37.19999694824219
Bone,2024-04-09,2024-04-08,13.920783,9.945157,10.922396,16.408827,12.652962,28.900001525878903
Bone,2024-04-10,2024-04-09,14.630094,9.117933,10.945723,14.42601,13.075607,11.799999237060549
Bone,2024-04-11,2024-04-10,8.727053,3.073984,8.011178,9.0080185,7.385459,28.30000114440918
Bone,2024-04-12,2024-04-11,9.468008,7.468668,7.935604,12.612105,8.81768,23.200000762939453
Bone,2024-04-13,2024-04-12,9.416391,4.6009755,4.5535016,8.092231,5.0109625,16.400001525878906
Bone,2024-04-14,2024-04-13,11.893996,6.620332,7.243313,9.541792,7.043475,22.50000190734864
Bone,2024-04-15,2024-04-14,11.576014,2.8412685,6.709431,9.343517,7.5851126,39.39999771118164
Bone,2024-04-16,2024-04-15,11.428131,8.2742815,10.223321,16.683123,12.789682,19.200000762939453
Bone,2024-04-17,2024-04-16,9.171057,6.2961617,10.157575,12.737607,11.582487,2.0
Bone,2024-04-18,2024-04-17,3.842229,6.2211156,7.74765,8.043,7.5837965,18.90000343322754
Bone,2024-04-19,2024-04-18,8.919234,8.516354,10.884381,12.419243,10.922681,21.19999885559082
Bone,2024-04-20,2024-04-19,13.1794,11.099176,11.945689,14.629545,12.731996,19.700000762939453
Bone,2024-04-21,2024-04-20,12.434414,8.389881,8.153939,11.332999,10.167898,26.19999885559082
Bone,2024-04-22,2024-04-21,15.146318,8.140842,8.621304,12.611643,10.583537,17.499998092651367
Bone,2024-04-23,2024-04-22,13.873724,9.302665,10.989629,12.31032,11.776636,17.700000762939453
Bone,2024-04-24,2024-04-23,14.065094,10.497873,13.155805,14.890731,13.340346,26.5
Bone,2024-04-25,2024-04-24,17.673609,9.8282995,12.607316,14.611032,12.486323,3.1999998092651367
Bone,2024-04-26,2024-04-25,6.152216,6.2690773,8.762939,8.119116,7.220064,2.3999998569488525
Bone,2024-04-27,2024-04-26,5.267293,5.972088,6.953306,7.5283175,7.4224005,9.80000114440918
Bone,2024-04-28,2024-04-27,10.538061,7.3688126,9.301851,9.645858,8.203425,15.0
Bone,2024-04-29,2024-04-28,12.770828,12.855369,9.664788,11.832919,10.405289,74.10001373291016
Bone,2024-04-30,2024-04-29,22.134851,19.072062,15.372672,27.831709,23.517624,3.0
Bone,2024-05-01,2024-04-30,4.0073996,5.590694,3.9727027,7.7650948,7.579069,1.8000001907348633
Bone,2024-05-02,2024-05-01,2.250647,6.719427,7.9003067,10.618948,8.76401,14.69999885559082
Bone,2024-05-03,2024-05-02,4.8678493,7.4087553,13.162323,15.394612,12.596496,9.80000114440918
Bone,2024-05-04,2024-05-03,6.389331,7.9792385,6.2152452,7.9867916,6.923601,22.39999961853028
Bone,2024-05-05,2024-05-04,5.1945734,7.500098,10.058266,13.598157,11.377585,19.100000381469727
Bone,2024-05-06,2024-05-05,9.029146,6.118299,8.765102,10.965132,10.074499,3.400000095367432
Bone,2024-05-07,2024-05-06,5.1546636,5.349427,6.778224,7.020507,5.6977377,0.0
Bone,2024-05-08,2024-05-07,3.885299,4.4596434,1.6876382,2.3586903,2.3970494,12.299999237060549
Bone,2024-05-09,2024-05-08,11.985605,12.394807,8.953013,10.737836,10.696225,1.900000095367432
Bone,2024-05-10,2024-05-09,4.31637,4.255549,4.9842234,4.8890047,4.1836157,3.299999713897705
Bone,2024-05-11,2024-05-10,5.6177554,2.8969748,5.701604,5.783366,4.953372,1.3000001907348633
Bone,2024-05-12,2024-05-11,4.191218,4.2124596,3.8707108,5.2043104,4.608334,2.6999998092651367
Bone,2024-05-13,2024-05-12,5.576783,5.459691,4.3668814,6.1664476,5.5287313,0.9000000357627869
Bone,2024-05-14,2024-05-13,3.7759204,3.4418354,3.1394987,4.396142,3.2871041,0.4000000059604645
Bone,2024-05-15,2024-05-14,2.9828997,3.343503,3.323245,4.418709,3.2972162,3.6999993324279785
Bone,2024-05-16,2024-05-15,6.1342235,5.079553,6.7919555,6.1572304,6.0337286,1.2000000476837158
Bone,2024-05-17,2024-05-16,3.708013,3.4036636,3.9180417,4.2224045,3.393929,3.499999761581421
Bone,2024-05-18,2024-05-17,5.5369196,6.1509905,5.935533,6.1308966,5.8938074,4.499999523162842
Bone,2024-05-19,2024-05-18,6.2483873,4.5181036,5.076867,4.1359825,3.4065785,1.3000000715255735
Bone,2024-05-20,2024-05-19,4.162327,3.6889367,3.6023011,4.194015,4.3493767,0.3000000119209289
Bone,2024-05-21,2024-05-20,1.8809055,3.0528433,2.7847054,3.5174983,3.447648,1.1000001430511477
Bone,2024-05-22,2024-05-21,3.6386423,2.9203255,3.27779,3.567163,4.2219353,16.200002670288086
Bone,2024-05-23,2024-05-22,15.961952,12.629365,14.170279,14.469496,13.459199,4.899999618530273
Bone,2024-05-24,2024-05-23,6.155507,5.4394717,6.9398623,5.750328,3.0522301,0.9000000357627869
Bone,2024-05-25,2024-05-24,2.7586367,2.5900729,4.1696844,4.6335783,3.1717918,5.800000190734863
Bone,2024-05-26,2024-05-25,7.6396723,4.7542105,7.7897005,8.446769,6.6158047,9.299999237060549
Bone,2024-05-27,2024-05-26,10.669249,7.5914583,7.404147,8.392577,7.1094913,2.1000001430511475
Bone,2024-05-28,2024-05-27,4.570818,2.4953985,3.3086722,3.2142887,2.5196834,4.5
Bone,2024-05-29,2024-05-28,6.761702,3.2634382,5.756395,5.0701094,4.6188726,0.9000000953674316
Bone,2024-05-30,2024-05-29,3.3035932,2.0128918,3.4755473,3.0064673,3.2578099,7.599999904632568
Bone,2024-05-31,2024-05-30,9.950249,7.395997,8.906241,7.8281364,8.478152,0.9000000357627869
Bone,2024-06-01,2024-05-31,3.0725882,2.21761,2.9390538,2.7229753,2.9116242,7.099999904632568
Bone,2024-06-02,2024-06-01,8.035065,4.266282,5.2786474,5.8677454,6.9468603,3.6999993324279785
Bone,2024-06-03,2024-06-02,4.528626,1.1718332,5.7430487,5.357354,4.8604,13.000000953674316
Bone,2024-06-04,2024-06-03,10.973893,5.6316853,8.552124,8.949562,7.8935757,1.0
Bone,2024-06-05,2024-06-04,2.5208364,1.9791851,3.8299093,4.0580597,3.6433449,1.3000000715255735
Bone,2024-06-06,2024-06-05,3.0177789,1.5309043,3.1008725,3.5522904,2.6453528,0.7000000476837158
Bone,2024-06-07,2024-06-06,2.0575018,1.5691196,2.4546032,2.3746343,1.7593207,0.3000000119209289
Bone,2024-06-08,2024-06-07,1.5259273,2.381534,1.4894706,2.0187016,1.2015713,4.1999993324279785
Bone,2024-06-09,2024-06-08,4.6559143,3.4168968,4.049559,4.8095284,3.8342166,1.9000002145767207
Bone,2024-06-10,2024-06-09,2.8768935,1.3951436,1.8915004,2.1248605,1.0348829,0.5
Bone,2024-06-11,2024-06-10,1.7218176,0.45859528,1.4643161,1.6631144,1.010003,5.999999523162842
Bone,2024-06-12,2024-06-11,4.3221345,3.9044452,5.011527,5.545505,4.8626986,2.499999761581421
Bone,2024-06-13,2024-06-12,2.40196,2.5078318,3.371825,3.2043924,2.7663653,0.1000000014901161
Bone,2024-06-14,2024-06-13,0.21344852,0.016870499,1.233989,0.9597994,0.3351903,2.0
Bone,2024-06-15,2024-06-14,1.6538788,1.7595123,2.4737928,2.5121713,1.7634242,2.400000095367432
Bone,2024-06-16,2024-06-15,0.93028784,1.3449526,1.8301289,1.7484004,0.9510219,4.099999904632568
Bone,2024-06-17,2024-06-16,3.176684,4.119046,3.5277905,3.2056491,2.2197082,2.0999999046325684
Bone,2024-06-18,2024-06-17,0.9255421,2.5348668,2.9057415,2.224312,2.089037,0.3000000119209289
Bone,2024-06-19,2024-06-18,0.566808,1.6008397,1.1028765,0.74898934,0.73937035,0.1000000014901161
Bone,2024-06-20,2024-06-19,0.06685948,0.46640372,0.7661941,0.16846585,0.23803449,0.1000000014901161
Bone,2024-06-21,2024-06-20,0.351619,-0.014091015,0.6542103,0.20914221,0.12786746,1.0
Bone,2024-06-22,2024-06-21,1.1054982,0.8498161,1.4294535,0.7960372,0.9285799,3.5
Bone,2024-06-23,2024-06-22,3.4301312,2.749023,2.3559492,1.6236628,2.586438,2.799999713897705
Bone,2024-06-24,2024-06-23,2.9062629,1.9671104,2.0449648,1.8722887,1.964608,0.3000000119209289
Bone,2024-06-25,2024-06-24,0.82399845,0.993773,1.0582627,0.7796068,0.484581,1.100000023841858
Bone,2024-06-26,2024-06-25,1.388944,1.5833651,1.7831807,1.5987025,1.2980602,1.2000000476837158
Bone,2024-06-27,2024-06-26,1.8102779,2.087228,1.448874,1.503246,1.2761266,0.6000000238418579
Bone,2024-06-28,2024-06-27,0.9828279,1.1312677,0.9310372,0.93893933,0.5280168,5.200000286102295
Bone,2024-06-29,2024-06-28,2.315372,1.6990287,3.966082,4.1492853,3.875524,13.100001335144045
Bone,2024-06-30,2024-06-29,6.58515,3.2485528,4.604985,6.0182056,5.116245,4.099999904632568
Bone,2024-07-01,2024-06-30,2.295239,0.89546585,4.017938,4.203183,3.3733575,11.399998664855955
Bone,2024-07-02,2024-07-01,6.4711885,-0.1750474,5.9450235,6.0767555,5.508876,33.79999923706055
Bone,2024-07-03,2024-07-02,12.061953,4.5527487,5.2260647,9.574191,7.4161816,33.400001525878906
Bone,2024-07-04,2024-07-03,10.125556,5.4075603,3.5929213,8.03082,5.4611597,0.3000000119209289
Bone,2024-07-05,2024-07-04,1.5229955,2.5910444,1.3842674,1.3959656,1.2701498,6.0
Bone,2024-07-06,2024-07-05,2.709612,4.3317814,3.776351,4.6760216,3.3815608,0.9000000953674316
Bone,2024-07-07,2024-07-06,1.3550868,3.0826397,1.5278492,2.29564,2.6281645,0.9000000953674316
Bone,2024-07-08,2024-07-07,1.0006088,1.7909322,1.4931674,1.3525987,1.6121949,3.299999713897705
Bone,2024-07-09,2024-07-08,2.9414585,3.5065444,3.5088303,3.5819445,3.830755,2.799999952316284
Bone,2024-07-10,2024-07-09,1.7344164,2.9625902,2.970011,3.0199044,3.1391706,0.5
Bone,2024-07-11,2024-07-10,0.8622558,1.6344777,1.4398472,1.7938861,1.848179,1.600000023841858
Bone,2024-07-12,2024-07-11,1.643716,2.4784117,1.8652232,2.1112814,1.7227317,0.2000000029802322
Bone,2024-07-13,2024-07-12,0.24254394,1.2035228,0.4860556,0.6469157,0.43575788,0.7000000476837158
Bone,2024-07-14,2024-07-13,0.742327,1.4992602,0.9417337,1.330985,0.86115193,0.6000000238418579
Bone,2024-07-15,2024-07-14,0.64729714,1.438138,0.45199728,1.3658701,0.6471019,1.100000023841858
Bone,2024-07-16,2024-07-15,1.1417775,1.806465,1.1908972,1.7285562,1.3589367,1.0000001
Bone,2024-07-17,2024-07-16,1.0422442,1.707554,1.0888996,1.6668578,1.2818725,0.4
Bone,2024-07-18,2024-07-17,0.4397118,0.71302676,0.19312716,0.7924776,0.687871,0.0
Bone,2024-07-19,2024-07-18,0.04687977,0.4671142,0.036924124,0.51862454,0.43764448,0.5
Bone,2024-07-20,2024-07-19,0.27766442,0.6448629,0.92510056,0.90883267,0.87510324,0.2
Bone,2024-07-21,2024-07-20,0.24090505,0.22222376,0.5475898,0.64942694,0.427181,1.7000003
Bone,2024-07-22,2024-07-21,1.7421919,0.7022164,1.0946809,0.9478729,1.4603755,1.0
Bone,2024-07-23,2024-07-22,1.0463306,0.64037037,1.2864707,1.7249959,1.7254137,0.90000004
Bone,2024-07-24,2024-07-23,0.9399307,0.70475435,1.1170545,1.252136,1.1703309,0.8000001
Bone,2024-07-25,2024-07-24,0.8418038,0.7590251,1.0291007,1.0775539,1.0605878,4.7999997
Bone,2024-07-26,2024-07-25,4.842865,3.4619436,3.944408,4.1916356,4.416165,1.5000001
Bone,2024-07-27,2024-07-26,1.5499817,1.2681675,1.5086832,2.0048347,2.0416932,1.4000001
Bone,2024-07-28,2024-07-27,1.447387,1.3700534,1.3057466,1.5649726,0.8331535,2.3
Bone,2024-07-29,2024-07-28,2.3490763,2.1083128,2.4029148,2.597425,1.8098142,0.2
Bone,2024-07-30,2024-07-29,0.24749565,0.15942407,0.49799657,0.5549135,0.4374311,5.4999995
Bone,2024-07-31,2024-07-30,5.556732,4.0586605,3.278586,3.8933086,3.5555074,1.1
Bone,2024-08-01,2024-07-31,1.149225,0.59183145,0.5901346,0.5727134,0.59011793,0.90000004
Bone,2024-08-02,2024-08-01,0.94710636,0.42893362,0.7066448,0.73668337,0.78092265,0.3
Bone,2024-08-03,2024-08-02,0.34638262,0.325701,0.3523302,0.5512459,0.5517156,0.1
Bone,2024-08-04,2024-08-03,0.14860988,0.076869965,0.28691578,0.29581475,0.30628777,0.6
Bone,2024-08-05,2024-08-04,0.6347952,0.80100584,0.7938764,0.73053575,0.78133583,1.3000002
Bone,2024-08-06,2024-08-05,1.3382503,1.046268,1.3457265,1.3358595,1.3696485,4.0
Bone,2024-08-07,2024-08-06,4.044965,3.5691361,2.2163672,2.7688777,2.7646115,0.6
Bone,2024-08-08,2024-08-07,0.64548135,1.1910195,0.66948986,0.79866123,0.7269616,2.1999998
Bone,2024-08-09,2024-08-08,2.2330873,2.3780556,2.347977,2.2785008,2.3223903,0.1
Bone,2024-08-10,2024-08-09,0.12538433,0.56948805,0.2674234,0.26391387,0.30744457,0.4
Bone,2024-08-11,2024-08-10,0.42469597,0.57203555,0.58187914,0.59123015,0.62613964,0.4
Bone,2024-08-12,2024-08-11,0.42520308,0.63757753,0.5349622,0.58286905,0.6059346,0.8000001
Bone,2024-08-13,2024-08-12,0.81236506,0.9698758,1.0007836,0.95421743,0.9581561,0.0
Bone,2024-08-14,2024-08-13,0.012291908,0.30567956,0.17894983,0.18666387,0.15287137,0.1
Bone,2024-08-15,2024-08-14,0.11577916,0.41833472,0.22800636,0.2679882,0.20426989,0.0
Bone,2024-08-16,2024-08-15,0.014696598,0.31685853,0.25801682,0.11041021,0.11538243,0.0
Bone,2024-08-17,2024-08-16,-0.011190176,0.15640497,0.17639661,0.11517668,0.01809287,0.0
Bone,2024-08-18,2024-08-17,-0.014168739,0.30652523,0.16796875,0.07411575,0.025227308,0.0
Bone,2024-08-19,2024-08-18,-0.009356499,0.10621381,0.09991932,0.04268408,0.02909398,2.1000001
Bone,2024-08-20,2024-08-19,2.1203358,1.8697205,1.9398065,1.5617961,1.950191,0.0
Bone,2024-08-21,2024-08-20,0.0073287487,0.08054209,0.17268085,0.09045553,0.08338475,0.0
Bone,2024-08-22,2024-08-21,0.00021958351,-0.03213644,0.12044215,0.06409359,0.03424692,0.6
Bone,2024-08-23,2024-08-22,0.6092801,0.080067396,0.6225188,0.63372445,0.57367873,0.1
Bone,2024-08-24,2024-08-23,0.12120652,-0.097741604,0.12959886,0.08663058,0.069728136,0.2
Bone,2024-08-25,2024-08-24,0.2132163,-0.026674986,0.18973374,0.18962789,0.16410995,1.7
Bone,2024-08-26,2024-08-25,1.7106172,0.5014243,1.5657884,1.4082383,1.5278509,2.9
Bone,2024-08-27,2024-08-26,2.6548886,1.1681887,2.4925745,1.7258761,2.0709293,0.0
Bone,2024-08-28,2024-08-27,0.034999847,0.021927357,0.021624327,0.08424878,-0.008593082,0.0
Bone,2024-08-29,2024-08-28,0.009521008,0.36676145,0.06942797,0.050773382,0.06132102,0.0
Bone,2024-08-30,2024-08-29,0.0032482147,0.21965098,0.022912264,0.04254079,0.071466684,1.1
Bone,2024-08-31,2024-08-30,1.120106,1.0998224,0.8254087,0.71241593,1.0912449,1.6
Bone,2024-09-01,2024-08-31,1.6335471,1.9057668,1.0030215,0.5001612,1.3571398,1.2
Bone,2024-09-02,2024-09-01,1.206014,0.36286974,0.76262975,0.72173524,0.93226886,0.2
Bone,2024-09-03,2024-09-02,0.20257592,0.27402377,0.10561609,0.08050513,0.22786736,1.3000001
Bone,2024-09-04,2024-09-03,1.3122845,0.96128094,0.9473382,0.96302915,1.2163454,0.0
Bone,2024-09-05,2024-09-04,0.020922422,-0.06433582,-0.07738519,0.118520975,0.1917646,0.6
Bone,2024-09-06,2024-09-05,0.612344,0.57508826,0.611727,0.61358213,0.73785377,1.0000001
Bone,2024-09-07,2024-09-06,1.0129255,0.83363533,0.8103473,0.7174938,0.9329119,1.2
Bone,2024-09-08,2024-09-07,1.219257,1.1250826,1.2994142,1.0428939,1.1485449,2.6000001
Bone,2024-09-09,2024-09-08,2.6257617,2.062295,2.1817818,1.7834234,2.1570244,0.2
Bone,2024-09-10,2024-09-09,0.21676707,0.4412949,0.199718,0.30664206,0.38564396,0.0
Bone,2024-09-11,2024-09-10,0.017482042,0.1856513,0.023288727,0.17707396,0.26320577,0.0
Bone,2024-09-12,2024-09-11,0.02217865,0.17172217,0.23005223,0.11019969,0.16679835,0.70000005
Bone,2024-09-13,2024-09-12,0.71703696,0.75848484,0.81945133,0.7280321,0.77576256,0.2
Bone,2024-09-14,2024-09-13,0.19189978,0.2706871,0.32521033,0.25058198,0.25927734,0.0
Bone,2024-09-15,2024-09-14,-0.01325655,0.050147057,0.06615853,-0.009002686,0.020603418,0.0
Bone,2024-09-16,2024-09-15,-0.0016806126,0.047920704,0.10782862,-0.035062075,-0.008571148,0.0
Bone,2024-09-17,2024-09-16,0.00064873695,0.07496905,0.1295228,0.0046777725,-0.02436328,0.0
Bone,2024-09-18,2024-09-17,0.0071160793,0.06368947,0.16505003,0.03181076,0.02680564,1.9
Bone,2024-09-19,2024-09-18,1.9243982,1.7450246,1.7923347,1.6324725,1.9241145,0.3
Bone,2024-09-20,2024-09-19,0.33469796,0.47953725,0.52226686,0.41677427,0.477499,1.4000001
Bone,2024-09-21,2024-09-20,1.4423652,1.2982816,1.7806845,1.3242434,1.5664756,1.1
Bone,2024-09-22,2024-09-21,1.1468142,0.9017489,1.5171795,1.2996509,1.3542209,7.2000003
Bone,2024-09-23,2024-09-22,6.0950365,2.1849113,3.7488594,2.8782427,3.748927,3.4
Bone,2024-09-24,2024-09-23,3.457631,1.0749105,3.0732596,2.5998578,2.9921284,7.6
Bone,2024-09-25,2024-09-24,4.862053,2.808439,4.5460167,4.4319363,4.698636,3.1
Bone,2024-09-26,2024-09-25,3.1591876,1.6310303,3.7422903,2.8047142,3.5560503,2.0
Bone,2024-09-27,2024-09-26,2.0633302,1.9430258,3.40447,2.947986,3.4093723,0.6
Bone,2024-09-28,2024-09-27,0.66444063,1.0373199,1.7222621,1.5192477,1.7082629,1.3000001
Bone,2024-09-29,2024-09-28,1.359972,1.053235,1.3313348,1.8026898,1.6275795,0.90000004
Bone,2024-09-30,2024-09-29,0.9528575,1.0403697,1.2227834,1.5956566,1.5110524,0.1
Bone,2024-10-01,2024-09-30,0.16110373,0.6379552,0.31286407,0.54710126,0.5292363,0.90000004
Bone,2024-10-02,2024-10-01,0.9624077,1.353139,1.1343424,1.1008804,1.2086616,0.2
Bone,2024-10-03,2024-10-02,0.26030207,0.7527764,0.79670143,0.4033823,0.28060865,2.4
Bone,2024-10-04,2024-10-03,2.458761,2.2791514,1.9769607,1.3273717,1.2581165,0.8
Bone,2024-10-05,2024-10-04,0.86202955,1.246642,1.3177779,1.0667566,0.9989705,0.0
Bone,2024-10-06,2024-10-05,0.061464548,0.5321822,0.6004691,0.4669075,0.6000309,0.4
Bone,2024-10-07,2024-10-06,0.45840144,0.7370963,0.90635693,0.76067424,0.8257327,0.0
Bone,2024-10-08,2024-10-07,0.053477526,0.49057198,0.3074026,0.2102356,0.24295688,1.3000001
Bone,2024-10-09,2024-10-08,1.3580415,1.5842628,1.9388318,1.9857757,1.94907,2.2
Bone,2024-10-10,2024-10-09,2.2613897,2.2609901,2.894647,3.4166079,3.1906004,1.9000002
Bone,2024-10-11,2024-10-10,1.9605318,1.8897524,2.9164412,3.295216,2.9734182,6.7
Bone,2024-10-12,2024-10-11,3.5921552,3.1750555,4.6114025,5.948128,6.282359,1.2
Bone,2024-10-13,2024-10-12,1.2580985,1.183629,2.2723758,2.7876656,2.743092,1.1
Bone,2024-10-14,2024-10-13,1.1572803,1.4343114,2.291068,2.9984171,2.472682,9.099999
Bone,2024-10-15,2024-10-14,6.673993,3.547942,1.9913425,3.0932226,2.5239983,12.0
Bone,2024-10-16,2024-10-15,7.379718,5.344874,2.8017204,3.746911,2.9818668,0.70000005
Bone,2024-10-17,2024-10-16,0.7598264,1.8040063,2.148074,1.9704931,1.464978,0.8000001
Bone,2024-10-18,2024-10-17,0.85811615,1.8916581,2.8706093,2.975155,2.4273546,1.0
Bone,2024-10-19,2024-10-18,1.0589504,1.4892335,2.768281,2.8809223,2.110631,2.0
Bone,2024-10-20,2024-10-19,2.0554419,2.0944822,1.8161471,2.5243478,1.084371,1.5
Bone,2024-10-21,2024-10-20,1.5570455,1.559302,1.5002772,1.6920044,0.61164784,6.1000004
Bone,2024-10-22,2024-10-21,6.1559744,3.681756,2.256641,3.5037723,2.7799866,2.9
Bone,2024-10-23,2024-10-22,2.955078,2.9613383,3.2227733,3.0304272,2.239827,0.5
Bone,2024-10-24,2024-10-23,0.5541756,1.7160866,1.9621696,1.7046313,1.138264,0.1
Bone,2024-10-25,2024-10-24,0.15564895,1.6991036,1.4218576,1.2437913,0.95800257,0.5
Bone,2024-10-26,2024-10-25,0.5535586,1.8017372,1.4229379,1.4866817,1.4050329,0.1
Bone,2024-10-27,2024-10-26,0.1540811,1.4230181,1.261664,1.0322202,1.1395111,0.0
Bone,2024-10-28,2024-10-27,0.05440545,1.0476638,0.83393383,0.6814599,0.7150111,1.1
Bone,2024-10-29,2024-10-28,1.1553614,1.8671899,2.195884,2.1071153,2.046356,1.6000001
Bone,2024-10-30,2024-10-29,1.6524037,2.3312755,3.328165,3.0046859,2.950166,0.1
Bone,2024-10-31,2024-10-30,0.15226746,0.9492296,2.0124848,1.5725905,1.5052024,5.7999997
Bone,2024-11-01,2024-10-31,4.93474,3.3079646,7.006057,5.967003,6.5115366,9.900001
Bone,2024-11-02,2024-11-01,4.699964,4.5666256,5.9757543,6.011609,6.0358944,19.199999
Bone,2024-11-03,2024-11-02,7.364374,5.156906,3.397732,5.757077,5.0103426,7.1000004
Bone,2024-11-04,2024-11-03,2.7800627,3.5875306,5.040842,5.419119,4.3306093,3.8999999
Bone,2024-11-05,2024-11-04,0.77670145,3.571475,3.5195749,4.32347,3.5438166,1.1
Bone,2024-11-06,2024-11-05,1.2353957,3.176286,3.2653694,3.2999337,3.749099,1.7
Bone,2024-11-07,2024-11-06,3.6720006,3.04678,3.1510687,3.3395195,3.29041,9.1
Bone,2024-11-08,2024-11-07,7.803769,7.0314302,6.916518,7.103389,6.8324976,11.200001
Bone,2024-11-09,2024-11-08,6.8708,6.464116,6.616342,6.501462,6.069211,0.2
Bone,2024-11-10,2024-11-09,2.1899817,2.9409413,3.5617561,3.1175432,2.7818978,17.0
Bone,2024-11-11,2024-11-10,12.096894,7.960761,5.910378,8.580228,7.8136034,5.7
Bone,2024-11-12,2024-11-11,7.8828077,7.295415,4.9353123,6.2244215,6.3301697,5.1000004
Bone,2024-11-13,2024-11-12,7.088648,5.5732584,4.8810534,6.189947,5.9169025,0.5
Bone,2024-11-14,2024-11-13,2.7454946,4.1104417,4.493033,4.3275304,4.21698,3.1999996
Bone,2024-11-15,2024-11-14,4.5810614,4.446179,3.7411716,4.7408266,4.731638,5.2999997
Bone,2024-11-16,2024-11-15,5.320304,6.408297,6.046279,6.712572,7.088826,20.599998
Bone,2024-11-17,2024-11-16,9.652631,8.404567,8.708595,11.038171,9.74293,17.7
Bone,2024-11-18,2024-11-17,5.9244013,6.949025,7.945711,10.442268,8.919793,9.6
Bone,2024-11-19,2024-11-18,5.0172577,7.1235704,10.226035,9.826765,10.236651,11.900002
Bone,2024-11-20,2024-11-19,6.560458,7.164834,10.305469,9.700302,10.5009775,14.6
Bone,2024-11-21,2024-11-20,8.055069,7.8941584,10.117791,10.884105,11.144761,8.500001
Bone,2024-11-22,2024-11-21,5.0063906,6.541831,7.795204,9.054721,9.399489,2.1
Bone,2024-11-23,2024-11-22,3.0853856,4.616681,3.6613572,4.7838893,5.077185,10.6
Bone,2024-11-24,2024-11-23,4.1332726,6.390603,6.8130407,9.195537,9.037434,18.800001
Bone,2024-11-25,2024-11-24,7.5736456,7.4203806,7.963189,11.321204,11.693395,26.400002
Bone,2024-11-26,2024-11-25,11.439705,9.0091,8.689513,13.335805,12.273155,20.200003
Bone,2024-11-27,2024-11-26,9.014632,6.6237955,9.431908,10.661708,10.09759,26.900005
Bone,2024-11-28,2024-11-27,10.809089,8.60727,10.883502,12.724323,11.818415,14.400001
Bone,2024-11-29,2024-11-28,8.749947,9.737728,10.828982,11.398725,11.321424,20.000002
Bone,2024-11-30,2024-11-29,10.128504,11.251731,9.416787,11.572839,10.615407,16.2
Bone,2024-12-01,2024-11-30,8.781075,9.487549,11.273262,11.292088,11.466091,7.6
Bone,2024-12-02,2024-12-01,7.1227245,8.505693,10.094335,10.861205,10.750765,8.900002
Bone,2024-12-03,2024-12-02,7.7523403,8.59371,8.106971,9.573253,10.394493,23.3
Bone,2024-12-04,2024-12-03,13.538278,11.702685,11.045302,15.151203,12.738053,0.6
Bone,2024-12-05,2024-12-04,2.4520175,4.112417,5.377968,5.8338966,5.421386,13.8
Bone,2024-12-06,2024-12-05,7.1672344,7.270425,9.333102,11.14702,9.871606,2.8999999
Bone,2024-12-07,2024-12-06,2.6331038,4.7980804,6.580925,7.315977,5.6907444,0.0
Bone,2024-12-08,2024-12-07,0.57098293,2.8146317,3.5995054,3.9777386,3.0308218,0.4
Bone,2024-12-09,2024-12-08,2.0250387,3.3168924,3.4136906,3.4147935,2.731473,2.9999998
Bone,2024-12-10,2024-12-09,2.2255852,4.131025,4.686861,5.050803,3.5092869,1.5
Bone,2024-12-11,2024-12-10,2.3249984,3.757774,2.637114,3.2255213,1.5131974,2.4999995
Bone,2024-12-12,2024-12-11,3.363429,3.8679123,4.906295,4.7456684,2.6854126,19.400002
Bone,2024-12-13,2024-12-12,6.8452044,5.5917177,7.959255,10.218054,8.123389,20.4
Bone,2024-12-14,2024-12-13,9.5617895,8.868207,9.520715,9.689484,7.381708,14.700001
Bone,2024-12-15,2024-12-14,9.233255,7.2781496,8.574171,7.6301594,6.623136,1.7
Bone,2024-12-16,2024-12-15,4.451882,4.014988,5.8030396,5.1869936,3.7548723,0.0
Bone,2024-12-17,2024-12-16,3.1380062,4.4747257,3.3070102,3.2870326,2.9286978,0.8
Bone,2024-12-18,2024-12-17,4.412194,3.9435081,2.545752,2.9233902,2.680278,8.099999
Bone,2024-12-19,2024-12-18,10.943314,7.8514023,9.880586,9.555035,8.187774,18.8
Bone,2024-12-20,2024-12-19,14.114597,10.287668,10.983871,10.158531,8.56129,22.1
Bone,2024-12-21,2024-12-20,16.306046,12.432244,10.592369,11.75682,10.07373,33.8
Bone,2024-12-22,2024-12-21,16.139664,12.626113,14.089294,15.1398115,12.858426,2.1999998
Bone,2024-12-23,2024-12-22,5.5437193,7.7871695,9.674468,7.7330093,6.3186016,1.1
Bone,2024-12-24,2024-12-23,4.3592863,6.7191954,9.564648,7.034937,5.150467,13.300001
Bone,2024-12-25,2024-12-24,10.404111,12.197918,13.057765,12.622225,10.615595,1.8000001
Bone,2024-12-26,2024-12-25,5.3898277,4.507578,5.977211,4.576359,3.8985724,0.3
Bone,2024-12-27,2024-12-26,4.188405,3.1504164,2.8516316,2.6947792,1.6823908,11.299999
Bone,2024-12-28,2024-12-27,11.089187,7.55801,6.2883368,7.625329,6.4940166,17.300001
Bone,2024-12-29,2024-12-28,13.905529,8.906742,10.802087,12.023946,10.367411,1.3000001
Bone,2024-12-30,2024-12-29,5.560447,3.924199,5.634619,4.503059,4.213666,18.5
Bone,2024-12-31,2024-12-30,12.979777,7.716977,9.484897,10.318677,8.140673,21.300001
Bone,2025-01-01,2024-12-31,12.986759,7.9884357,10.54843,11.1098385,9.675771,0.0
Bone,2025-01-02,2025-01-01,3.0083349,4.212406,5.751706,4.851966,3.4935336,4.4
Bone,2025-01-03,2025-01-02,6.2772517,7.4588375,6.5691643,7.2675314,5.829191,16.5
Bone,2025-01-04,2025-01-03,10.279076,10.711211,7.7493143,10.504623,7.2940826,1.2
Bone,2025-01-05,2025-01-04,5.040041,5.1151056,4.472504,4.791737,3.7247694,2.8
Bone,2025-01-06,2025-01-05,7.170328,6.783506,6.3475785,6.713267,5.9986067,2.3999999
Bone,2025-01-07,2025-01-06,6.528756,5.0097723,5.916794,5.2392826,4.148345,4.2
Bone,2025-01-08,2025-01-07,8.738291,4.9055457,7.309806,4.700483,4.746485,15.600001
Bone,2025-01-09,2025-01-08,12.980046,8.033449,8.296872,6.8868194,6.4606276,1.0
Bone,2025-01-10,2025-01-09,5.5141325,3.6812093,4.750986,4.017925,3.3275733,0.6
Bone,2025-01-11,2025-01-10,4.3877406,2.9592311,2.5052207,2.6947932,1.9894989,16.4
Bone,2025-01-12,2025-01-11,10.606123,10.601538,10.767224,11.619716,8.931518,34.3
Bone,2025-01-13,2025-01-12,15.780503,12.421878,10.937037,14.157446,10.623809,6.9999995
Bone,2025-01-14,2025-01-13,10.529775,8.726382,9.947086,8.77645,7.765606,22.500002
Bone,2025-01-15,2025-01-14,11.297748,5.572421,10.088628,11.6899,8.496193,17.4
Bone,2025-01-16,2025-01-15,10.19499,7.808158,11.412031,10.113637,8.151628,6.7999997
Bone,2025-01-17,2025-01-16,8.683846,8.421786,11.277385,8.6137295,8.094453,0.6
Bone,2025-01-18,2025-01-17,3.7494283,3.6709213,5.455736,3.822212,3.758295,10.200001
Bone,2025-01-19,2025-01-18,9.041861,6.212897,10.199387,10.339683,8.303151,27.2
Bone,2025-01-20,2025-01-19,15.030987,9.845959,15.927187,16.846256,13.764923,9.8
Bone,2025-01-21,2025-01-20,12.2285795,9.198294,11.284426,10.814974,10.008976,29.199999
Bone,2025-01-22,2025-01-21,13.444772,7.7681,11.631304,13.959047,13.935625,39.399998
Bone,2025-01-23,2025-01-22,13.919678,6.8701744,14.731586,18.381124,15.4849415,27.000002
Bone,2025-01-24,2025-01-23,11.426863,10.0357895,13.8303,17.036524,16.108202,15.900001
Bone,2025-01-25,2025-01-24,8.845751,7.841255,11.152217,12.43235,12.16096,27.000002
Bone,2025-01-26,2025-01-25,13.845527,9.000818,12.810441,13.884024,12.038418,6.4999995
Bone,2025-01-27,2025-01-26,8.232574,7.9618597,9.09097,9.056591,7.064039,0.4
Bone,2025-01-28,2025-01-27,2.5436938,4.1434674,6.569175,5.4262447,4.5407734,1.0
Bone,2025-01-29,2025-01-28,2.8121872,2.1599212,5.3702526,4.6715565,2.9991632,15.8
Bone,2025-01-30,2025-01-29,8.943189,7.414407,9.129882,10.271455,8.98338,11.100001
Bone,2025-01-31,2025-01-30,5.335973,6.792639,6.6740637,7.077221,5.7498913,1.2
Bone,2025-02-01,2025-01-31,3.1550543,4.0519767,6.1648436,5.2339835,4.1470566,0.3
Bone,2025-02-02,2025-02-01,3.1306567,3.3756685,3.8808987,3.8027053,3.1935387,0.0
Bone,2025-02-03,2025-02-02,3.6734056,4.0559864,1.3385733,2.1884024,1.6324226,0.0
Bone,2025-02-04,2025-02-03,3.457266,3.0403125,1.8880261,2.8340173,1.5767528,0.0
Bone,2025-02-05,2025-02-04,4.0417557,3.0680928,2.0680258,2.987028,2.0852418,0.0
Bone,2025-02-06,2025-02-05,3.4143965,2.6166997,2.5076427,2.5109782,1.225912,2.2
Bone,2025-02-07,2025-02-06,5.3236465,4.758376,6.5307894,5.8589034,4.1719184,2.2
Bone,2025-02-08,2025-02-07,4.068459,3.7533607,5.1665606,3.925141,3.1599822,0.3
Bone,2025-02-09,2025-02-08,2.5877852,2.388424,3.694139,2.8257284,2.0215025,2.1
Bone,2025-02-10,2025-02-09,4.5605745,3.900218,4.5056934,4.263914,2.3830163,0.6
Bone,2025-02-11,2025-02-10,3.1768777,2.588509,2.8151975,2.156124,0.8163848,0.7
Bone,2025-02-12,2025-02-11,3.242893,2.271978,3.3990278,2.9907265,2.531982,0.5
Bone,2025-02-13,2025-02-12,2.3972778,1.7734543,4.2515907,3.483312,3.1034994,0.6
Bone,2025-02-14,2025-02-13,2.501955,3.0089047,3.9372268,3.453024,3.0882804,0.90000004
Bone,2025-02-15,2025-02-14,3.7889755,3.267488,3.7638052,3.7199552,3.3463197,13.800001
Bone,2025-02-16,2025-02-15,9.490337,10.48834,9.918704,9.206024,9.092205,7.7999997
Bone,2025-02-17,2025-02-16,7.0301685,7.8359575,9.6671715,7.469286,7.628521,22.4
Bone,2025-02-18,2025-02-17,10.8064575,10.183935,15.547439,13.883603,12.098453,20.199999
Bone,2025-02-19,2025-02-18,12.200423,8.563283,9.3456545,9.476808,9.212636,4.0
Bone,2025-02-20,2025-02-19,5.578788,6.0756483,6.8255997,6.754348,5.9517293,11.599999
Bone,2025-02-21,2025-02-20,7.638526,7.5986357,7.9584064,8.969494,8.214294,2.8000002
Bone,2025-02-22,2025-02-21,4.680607,5.7463207,7.06859,6.099888,5.993661,19.7
Bone,2025-02-23,2025-02-22,8.663546,9.02182,8.216304,10.506391,10.838719,16.900002
Bone,2025-02-24,2025-02-23,8.779847,7.745573,9.247541,10.961666,10.444403,28.500004
Bone,2025-02-25,2025-02-24,14.372917,12.507324,9.310035,11.515345,10.551921,26.5
Bone,2025-02-26,2025-02-25,13.876425,11.878901,10.052134,13.142285,12.899926,26.599998
Bone,2025-02-27,2025-02-26,11.81779,11.393426,10.612337,13.043213,14.137071,10.000001
Bone,2025-02-28,2025-02-27,7.1878796,7.464079,10.681713,9.940376,10.967146,25.800001
Bone,2025-03-01,2025-02-28,12.683821,10.039732,9.255993,13.183671,11.359746,11.299999
Bone,2025-03-02,2025-03-01,6.4395456,9.016323,8.512996,10.1355505,9.833051,16.1
Bone,2025-03-03,2025-03-02,9.457215,7.207551,9.328209,11.794141,11.556594,9.400001
Bone,2025-03-04,2025-03-03,8.168062,5.152998,7.466794,9.2203665,9.052078,11.300001
Bone,2025-03-05,2025-03-04,8.780768,8.370541,9.114268,10.269055,10.240077,28.800003
Bone,2025-03-06,2025-03-05,13.0590925,7.895132,12.304196,14.734885,14.707136,34.6
Bone,2025-03-07,2025-03-06,14.778388,6.4444885,11.749373,14.972488,14.089576,19.0
Bone,2025-03-08,2025-03-07,10.456923,2.3340414,10.549612,12.410529,12.514821,9.2
Bone,2025-03-09,2025-03-08,4.354193,4.666418,13.078599,11.712556,11.652609,15.4
Bone,2025-03-10,2025-03-09,8.764365,6.265452,8.951131,11.239412,10.4540615,23.2
Bone,2025-03-11,2025-03-10,11.719025,6.50984,9.491155,13.053525,10.880069,7.3
Bone,2025-03-12,2025-03-11,6.610466,6.644368,7.55945,8.395025,7.935051,12.400002
Bone,2025-03-13,2025-03-12,9.204035,9.040132,8.332697,10.348212,8.469457,7.0999994
Bone,2025-03-14,2025-03-13,8.192448,8.09963,10.183961,10.321678,9.0881405,17.5
Bone,2025-03-15,2025-03-14,12.269635,10.313514,8.576745,9.799408,9.880155,13.3
Bone,2025-03-16,2025-03-15,9.336298,8.900186,9.862717,9.548536,9.312109,20.0
Bone,2025-03-17,2025-03-16,6.465147,4.4128428,9.370177,10.9236555,9.315962,0.6
Bone,2025-03-18,2025-03-17,0.13409567,2.938867,5.7931213,4.6770225,4.2912493,0.0
Bone,2025-03-19,2025-03-18,2.978496,3.3031619,4.9927483,4.061176,3.000961,7.0999994
Bone,2025-03-20,2025-03-19,5.5233374,6.5665197,9.267335,8.703806,7.0043745,1.2
Bone,2025-03-21,2025-03-20,3.575757,3.9666896,4.5451775,3.827917,3.1780245,0.8000001
Bone,2025-03-22,2025-03-21,3.1771715,3.9722662,4.7030106,4.234975,3.5117943,0.4
Bone,2025-03-23,2025-03-22,2.3541675,3.244811,4.210518,3.096765,1.892692,0.1
Bone,2025-03-24,2025-03-23,2.323136,3.0741396,3.2629032,2.7623954,2.4232316,0.0
Bone,2025-03-25,2025-03-24,1.9831645,2.1743104,2.6255736,1.7465609,1.1040089,2.3000002
Bone,2025-03-26,2025-03-25,1.7536814,2.7655907,5.23059,4.511817,3.7411137,0.0
Bone,2025-03-27,2025-03-26,1.3837911,1.3658928,3.1159563,2.872498,2.121342,0.1
Bone,2025-03-28,2025-03-27,2.4861393,2.0717354,2.8122919,2.530133,2.535448,0.0
Bone,2025-03-29,2025-03-28,2.3356323,2.1990707,3.6442807,2.857999,2.6930413,25.9
Bone,2025-03-30,2025-03-29,13.529926,11.932767,14.10266,13.715948,11.13988,0.2
Bone,2025-03-31,2025-03-30,2.0697443,3.755137,7.632845,4.9863167,4.5732036,1.5
Bone,2025-04-01,2025-03-31,3.2221766,5.7674,8.241126,6.115122,5.74395,12.000001
Bone,2025-04-02,2025-04-01,8.278886,10.298119,12.143662,9.537238,7.718376,3.2999997
Bone,2025-04-03,2025-04-02,5.4859877,6.464282,8.723232,6.597719,5.8345547,9.200001
Bone,2025-04-04,2025-04-03,7.78391,6.4070783,9.963498,8.835184,7.134553,6.7
Bone,2025-04-05,2025-04-04,6.528552,4.7140493,8.623654,8.31605,5.521803,24.300003
Bone,2025-04-06,2025-04-05,11.247927,8.6908455,11.663839,12.39231,9.473398,17.7
Bone,2025-04-07,2025-04-06,12.972708,11.232782,8.924186,10.159705,9.857849,6.799999
Bone,2025-04-08,2025-04-07,8.099305,8.058979,8.862243,7.9148817,8.5522,12.800001
Bone,2025-04-09,2025-04-08,12.15221,9.1999855,11.715978,11.51567,11.71155,37.899994
Bone,2025-04-10,2025-04-09,16.99371,14.293882,10.403625,14.7661085,11.922913,21.2
Bone,2025-04-11,2025-04-10,14.784563,10.443158,9.9720745,11.130859,9.381244,38.199997
Bone,2025-04-12,2025-04-11,18.782541,9.902596,11.491938,14.330195,11.802803,16.499998
Bone,2025-04-13,2025-04-12,15.0442295,7.1925287,11.726604,12.196042,10.617978,22.5
Bone,2025-04-14,2025-04-13,16.28045,12.362804,12.029792,15.062724,14.32494,18.800001
Bone,2025-04-15,2025-04-14,13.931937,7.995655,10.933963,12.68812,10.372112,21.499998
Bone,2025-04-16,2025-04-15,12.97866,10.8362665,8.377302,11.801766,9.528931,3.8
Bone,2025-04-17,2025-04-16,6.1213174,6.1922593,7.625991,7.585844,6.426,5.5
Bone,2025-04-18,2025-04-17,7.627743,6.858961,9.410457,9.952561,8.914985,5.2
Bone,2025-04-19,2025-04-18,5.8521647,5.966619,6.57015,8.319777,7.4481716,1.0
Bone,2025-04-20,2025-04-19,3.8466594,4.226179,5.466673,5.4673176,4.5466423,1.4
Bone,2025-04-21,2025-04-20,4.0540395,4.5509853,5.139784,5.218313,5.093854,20.000004
Bone,2025-04-22,2025-04-21,10.174511,5.019846,10.8775015,14.266092,12.9232855,5.7999997
Bone,2025-04-23,2025-04-22,6.4657335,4.4657207,8.144316,8.490089,7.2177067,1.0
Bone,2025-04-24,2025-04-23,3.2016706,2.7981887,3.6739068,4.4284434,2.7105265,10.700001
Bone,2025-04-25,2025-04-24,8.082863,6.018168,7.82475,9.329626,7.435651,6.9
Bone,2025-04-26,2025-04-25,7.9795427,6.1922045,6.4242287,6.896939,5.5328026,23.800001
Bone,2025-04-27,2025-04-26,12.457779,7.871708,6.867651,11.324681,8.8870325,19.600002
Bone,2025-04-28,2025-04-27,8.2225895,4.4287148,7.477542,8.3803625,4.5229554,1.7000002
Bone,2025-04-29,2025-04-28,4.4197826,5.912467,4.9014173,5.538209,5.1556835,14.8
Bone,2025-04-30,2025-04-29,9.694896,7.163438,9.150286,9.487143,6.912505,4.1
Bone,2025-05-01,2025-04-30,4.224462,7.114627,5.9596977,7.3807344,5.9360075,9.700003
Bone,2025-05-02,2025-05-01,8.793258,8.411588,6.770008,7.596122,6.8238506,0.3
Bone,2025-05-03,2025-05-02,3.527576,4.0898476,3.474483,3.4724996,3.3507943,4.3
Bone,2025-05-04,2025-05-03,6.83904,6.0158615,6.485345,5.8494263,5.4097166,3.3
Bone,2025-05-05,2025-05-04,6.351549,5.217776,7.2919855,6.717173,5.943516,26.3
Bone,2025-05-06,2025-05-05,16.260506,9.755422,11.575681,13.078323,9.511226,18.100002
Bone,2025-05-07,2025-05-06,11.521592,8.311436,9.796458,10.768422,9.275776,12.6
Bone,2025-05-08,2025-05-07,11.289299,7.4643583,11.012302,9.080364,8.359658,15.3
Bone,2025-05-09,2025-05-08,9.820487,5.7734356,12.644342,11.719168,9.718431,8.8
Bone,2025-05-10,2025-05-09,8.027148,5.377219,8.171976,6.870041,5.0186577,11.1
Bone,2025-05-11,2025-05-10,7.718733,4.4012403,8.456769,8.2948675,7.296691,4.7
Bone,2025-05-12,2025-05-11,6.1290436,2.456939,6.067496,5.592452,5.461374,11.3
Bone,2025-05-13,2025-05-12,6.756138,6.2998314,8.597521,9.050545,7.824073,1.1
Bone,2025-05-14,2025-05-13,3.1734297,2.5328054,4.5120068,3.3100212,3.3807309,12.099999
Bone,2025-05-15,2025-05-14,7.2427864,7.3297825,9.461008,9.865913,9.349026,0.0
Bone,2025-05-16,2025-05-15,2.7414212,2.0379484,3.9147468,2.8842692,2.095138,20.500002
Bone,2025-05-17,2025-05-16,11.034435,7.497918,9.393593,11.765149,9.5355015,3.2999997
Bone,2025-05-18,2025-05-17,5.0177746,6.320308,6.691462,6.5014114,5.108239,11.400002
Bone,2025-05-19,2025-05-18,11.716902,10.393973,6.9459343,7.99382,5.232786,3.7
Bone,2025-05-20,2025-05-19,7.2106094,6.98071,6.4157343,6.1369333,4.662339,9.1
Bone,2025-05-21,2025-05-20,10.992776,9.292807,7.671317,8.531976,7.518382,1.4000001
Bone,2025-05-22,2025-05-21,4.438354,3.4556017,3.0920036,2.265366,1.0174382,6.7
Bone,2025-05-23,2025-05-22,9.276316,7.0688286,5.9878592,5.8505383,4.15187,10.400002
Bone,2025-05-24,2025-05-23,10.688271,6.7378654,5.7600384,6.593774,4.1014814,6.0
Bone,2025-05-25,2025-05-24,8.895603,6.3777027,6.1050577,6.320722,4.661931,3.6
Bone,2025-05-26,2025-05-25,6.486376,4.521062,5.6424665,5.7635574,5.07942,22.400002
Bone,2025-05-27,2025-05-26,12.934939,9.598869,10.7965975,13.776648,11.293092,14.300001
Bone,2025-05-28,2025-05-27,10.4973545,8.336679,9.302618,9.938626,10.34319,2.7
Bone,2025-05-29,2025-05-28,5.907052,5.2562914,5.7735653,5.5323486,5.4893246,8.099999
Bone,2025-05-30,2025-05-29,8.639467,8.274065,8.159289,8.259107,7.8164454,6.299999
Bone,2025-05-31,2025-05-30,6.672011,6.071823,7.1136436,6.555331,6.9182606,26.300005
Bone,2025-06-01,2025-05-31,12.93552,9.053401,11.872874,13.950705,13.044656,42.7
Bone,2025-06-02,2025-06-01,14.055503,7.063304,10.026782,14.980975,11.385469,14.699999
Bone,2025-06-03,2025-06-02,8.337767,7.816969,11.194147,9.654351,9.143067,1.2
Bone,2025-06-04,2025-06-03,3.9197621,5.003125,8.036248,6.2384276,5.275408,1.0
Bone,2025-06-05,2025-06-04,3.6077695,6.2432966,5.193412,5.67628,4.8774576,1.9000001
Bone,2025-06-06,2025-06-05,4.4497066,3.2119954,1.9426394,2.4870641,2.1127067,0.8000001
Bone,2025-06-07,2025-06-06,3.7619407,3.1359134,2.1603627,2.3901598,2.4073946,17.000004
Bone,2025-06-08,2025-06-07,8.803798,3.9738512,7.2564945,9.267645,8.422432,1.5999999
Bone,2025-06-09,2025-06-08,3.963987,4.6085677,3.2020793,3.4996984,3.1131263,1.4
Bone,2025-06-10,2025-06-09,3.7176933,2.043769,2.5012627,2.7124498,1.9094563,3.3
Bone,2025-06-11,2025-06-10,4.4524217,4.7590194,4.324099,4.289836,3.273423,14.700002
Bone,2025-06-12,2025-06-11,10.171485,6.293785,6.423973,7.729927,5.771159,16.0
Bone,2025-06-13,2025-06-12,8.163483,5.59884,6.5824065,10.021937,7.5528145,6.399999
Bone,2025-06-14,2025-06-13,5.6568694,2.238514,4.1789613,6.171898,4.2413673,10.800001
Bone,2025-06-15,2025-06-14,5.6349926,4.9195833,5.377249,7.560629,5.663074,2.7
Bone,2025-06-16,2025-06-15,3.946631,4.555908,4.292862,5.271051,4.431368,0.4
Bone,2025-06-17,2025-06-16,1.7631296,3.3272996,1.7546152,3.2251267,2.7892973,1.1
Bone,2025-06-18,2025-06-17,2.2182622,2.7763014,1.4818327,2.1323729,1.1470447,2.5
Bone,2025-06-19,2025-06-18,3.5403292,2.7299018,3.2064886,3.3437545,2.3667111,6.5
Bone,2025-06-20,2025-06-19,4.573706,3.6749723,6.655222,6.0844793,5.838422,12.8
Bone,2025-06-21,2025-06-20,8.625738,5.4000435,6.1145253,6.4147754,4.6702023,1.3000001
Bone,2025-06-22,2025-06-21,2.821715,3.7774057,3.2104409,3.6307888,3.3413184,0.6
Bone,2025-06-23,2025-06-22,2.0332735,3.252475,1.8326066,2.502474,2.1595407,21.900003
Bone,2025-06-24,2025-06-23,10.608852,8.578584,7.7181034,9.489212,9.168501,2.9
Bone,2025-06-25,2025-06-24,4.8538303,5.7563553,5.0784645,4.922307,4.8415475,17.100002
Bone,2025-06-26,2025-06-25,13.608119,7.5050983,8.691301,8.400813,6.7188787,2.5999994
Bone,2025-06-27,2025-06-26,4.002178,2.9850664,4.7207785,2.4678414,1.2065495,1.3000001
Bone,2025-06-28,2025-06-27,2.715055,2.8584096,2.4073567,1.3886199,0.99056566,64.0
Bone,2025-06-29,2025-06-28,16.880314,17.423637,14.94914,20.942081,18.290422,4.3
Bone,2025-06-30,2025-06-29,4.414048,6.1772127,2.6677008,2.6371114,2.924746,10.4
Bone,2025-07-01,2025-06-30,7.468504,5.5472956,10.617865,9.774786,8.418598,0.90000004
Bone,2025-07-02,2025-07-01,1.2614133,3.2236087,2.7767704,2.9562116,2.8227916,3.2999997
Bone,2025-07-03,2025-07-02,3.589038,4.0808153,2.587417,2.5147943,3.0764985,2.6999998
Bone,2025-07-04,2025-07-03,2.8031354,3.2430098,2.6065512,2.8055596,2.5561974,14.499999
Bone,2025-07-05,2025-07-04,5.066983,4.61712,6.5433187,8.813967,8.493611,8.2
Bone,2025-07-06,2025-07-05,5.280593,4.43618,5.8962584,6.9461193,6.8145123,3.1999998
Bone,2025-07-07,2025-07-06,4.0844736,3.0196586,3.6184008,4.8380423,3.1381428,0.0
Bone,2025-07-08,2025-07-07,0.7235563,1.582839,1.3927853,2.636756,1.1657807,0.5
Bone,2025-07-09,2025-07-08,0.9019623,2.4749131,1.1046429,1.839465,0.84776497,10.3
Bone,2025-07-10,2025-07-09,4.7603807,6.209865,3.726754,7.036023,6.5590343,7.2999988
Bone,2025-07-11,2025-07-10,3.7559054,3.1856036,3.0381901,6.263171,5.252199,1.4000002
Bone,2025-07-12,2025-07-11,1.9975158,1.6902586,1.9974864,3.9237387,2.2831435,2.2
Bone,2025-07-13,2025-07-12,2.8016112,1.0087391,1.1788753,3.5741405,2.4616976,2.1
Bone,2025-07-14,2025-07-13,2.8215842,2.321124,2.483637,4.108647,3.444098,4.2
Bone,2025-07-15,2025-07-14,4.8910284,3.813042,3.9251719,3.553664,3.9447823,0.5
Bone,2025-07-16,2025-07-15,1.1635172,1.3177997,1.2423602,1.2903181,1.4190124,0.70000005
Bone,2025-07-17,2025-07-16,1.6406113,1.7081566,1.8096762,2.2683365,2.0906787,0.0
Bone,2025-07-18,2025-07-17,0.73728967,1.2541519,0.33936763,0.38483047,0.6830039,0.0
Bone,2025-07-19,2025-07-18,0.7167094,1.0459478,0.5818136,0.750448,0.7106075,0.1
Bone,2025-07-20,2025-07-19,0.37884712,1.3313004,0.54457116,0.8759737,0.8458772,0.4
Bone,2025-07-21,2025-07-20,0.60970473,1.1514108,1.208481,1.5896224,1.9366083,0.5
Bone,2025-07-22,2025-07-21,1.0346657,1.3376952,1.5021417,1.5585796,2.5228446,1.3000001
Bone,2025-07-23,2025-07-22,1.9078641,2.373596,0.8343394,0.7874434,0.43740296,0.4
Bone,2025-07-24,2025-07-23,0.7628584,1.0749159,0.04497385,0.23473024,-0.03820777,1.0
Bone,2025-07-25,2025-07-24,1.0989653,1.2756215,0.8420472,1.4743782,0.99751246,0.5
Bone,2025-07-26,2025-07-25,0.7859781,1.6065967,0.19037986,1.4201263,0.97686994,0.0
Bone,2025-07-27,2025-07-26,0.08204484,0.3850305,-1.5928385,-0.30951643,-0.29073143,0.8000001
Bone,2025-07-28,2025-07-27,0.8377011,2.0483139,-0.016097307,0.5467279,0.44382858,1.2000002
Bone,2025-07-29,2025-07-28,1.2358701,2.1009085,0.95130134,0.78391886,1.1431057,0.90000004
Bone,2025-07-30,2025-07-29,0.9317702,0.83876276,1.0109928,0.7560468,1.1004583,1.9000002
Bone,2025-07-31,2025-07-30,1.9355788,3.2439432,2.3409567,1.6206884,2.1319695,1.2000002
Bone,2025-08-01,2025-07-31,1.23386,1.7380972,2.2341151,1.3786151,1.607418,5.8999996
Bone,2025-08-02,2025-08-01,5.9339356,3.715761,6.0260277,4.9435477,5.6792293,5.0000005
Bone,2025-08-03,2025-08-02,5.032109,3.875661,4.579372,4.057312,4.159867,4.0999994
Bone,2025-08-04,2025-08-03,4.126305,2.525883,4.1498046,3.033801,3.1676364,1.4
Bone,2025-08-05,2025-08-04,1.4243804,-0.13828015,2.5801091,1.3553495,1.5145907,2.1
Bone,2025-08-06,2025-08-05,2.1253083,1.3650954,3.3784564,2.0395467,2.1498828,0.9000001
Bone,2025-08-07,2025-08-06,0.92136097,1.1885136,0.9681679,0.7302799,0.99894166,1.9000001
Bone,2025-08-08,2025-08-07,1.9321755,1.7048699,1.7994446,1.3078856,1.2276183,4.6
Bone,2025-08-09,2025-08-08,4.6318007,2.512696,4.713667,3.4903467,3.550745,4.4
Bone,2025-08-10,2025-08-09,4.4329433,3.2354221,5.4849005,4.051193,4.420775,4.6999993
Bone,2025-08-11,2025-08-10,4.733273,3.4222367,5.7713504,3.1736798,4.2992187,0.2
Bone,2025-08-12,2025-08-11,0.23195887,0.5821352,0.89719796,0.34958267,0.12913465,0.0
Bone,2025-08-13,2025-08-12,0.03210497,0.7068243,0.61014915,0.27377844,0.22533059,0.0
Bone,2025-08-14,2025-08-13,0.03386712,0.53197336,0.69579816,0.21228456,0.21727753,0.3
Bone,2025-08-15,2025-08-14,0.3288126,0.4598956,0.5951109,0.46443725,0.4300673,0.2
Bone,2025-08-16,2025-08-15,0.23000455,0.68310523,0.22784209,0.3078859,0.32021952,0.2
Bone,2025-08-17,2025-08-16,0.23171282,0.7065797,0.31322932,0.16557217,0.12854719,6.799999
Bone,2025-08-18,2025-08-17,4.9869576,4.577831,2.453459,2.940688,1.8731033,5.0
Bone,2025-08-19,2025-08-18,2.0134783,2.9172535,2.6617017,1.7775991,0.5274801,4.0
Bone,2025-08-20,2025-08-19,3.9811263,2.9915316,2.5299034,2.3412857,1.730269,0.4
Bone,2025-08-21,2025-08-20,0.43865418,0.6310148,0.7042122,0.92413545,0.37778544,2.8999999
Bone,2025-08-22,2025-08-21,2.9427354,2.7861843,2.8400447,2.8961046,2.6590245,0.3
Bone,2025-08-23,2025-08-22,0.33823252,0.8572495,0.5526352,0.5974176,0.37408328,3.2
Bone,2025-08-24,2025-08-23,3.2335644,3.8129656,1.7537686,2.3378065,2.068356,1.6
Bone,2025-08-25,2025-08-24,1.6349736,2.6617754,1.4129204,1.3697361,1.2926252,4.7999997
Bone,2025-08-26,2025-08-25,4.841793,5.2236547,3.409923,3.343288,3.7335963,1.3000001
Bone,2025-08-27,2025-08-26,1.3356457,1.7692035,1.4416637,1.3859112,1.238742,0.4
Bone,2025-08-28,2025-08-27,0.43058896,0.15806484,0.76115894,0.67687654,0.36340952,0.0
Bone,2025-08-29,2025-08-28,0.03057313,-0.116937876,0.2717104,0.32273674,0.11800504,0.3
Bone,2025-08-30,2025-08-29,0.3370509,0.49313736,0.55695224,0.49079037,0.4368086,1.1
Bone,2025-08-31,2025-08-30,1.1248003,1.1475321,0.7841275,1.1205271,1.0954247,0.2
Bone,2025-09-01,2025-08-31,0.21960497,0.52443814,0.031517506,0.25609136,0.29162002,0.6
Bone,2025-09-02,2025-09-01,0.6211562,0.70676255,0.3875792,0.5964043,0.53904533,0.1
Bone,2025-09-03,2025-09-02,0.12761974,0.3232162,-0.13334894,0.14940405,0.08811498,0.0
Bone,2025-09-04,2025-09-03,0.010667801,0.14738274,-0.12853813,0.010635614,-0.015637398,0.0
Bone,2025-09-05,2025-09-04,0.009370565,0.08495641,0.0654726,0.049376488,0.069517136,0.4
Bone,2025-09-06,2025-09-05,0.40960026,0.39916182,0.5783651,0.47667146,0.5045183,2.6999998
Bone,2025-09-07,2025-09-06,1.8756487,2.3726764,2.9060147,2.7142222,2.765153,15.9000025
Bone,2025-09-08,2025-09-07,3.4466157,5.1167965,4.923344,6.079455,6.012068,6.0999994
Bone,2025-09-09,2025-09-08,2.3787856,3.4818904,0.7995775,2.4839046,1.9412646,5.999999
Bone,2025-09-10,2025-09-09,5.3740683,3.3683717,1.6283216,2.6676443,2.9748766,20.2
Bone,2025-09-11,2025-09-10,5.9987354,4.7728515,3.062673,5.257955,5.228486,0.0
Bone,2025-09-12,2025-09-11,0.04739952,0.76903534,1.3754557,1.3754445,1.5990137,0.0
Bone,2025-09-13,2025-09-12,0.04773879,0.40922666,0.71628904,1.3822244,1.3285632,0.4
Bone,2025-09-14,2025-09-13,0.44789934,0.90595186,1.01234,1.6616127,1.6118279,5.2999997
Bone,2025-09-15,2025-09-14,5.3444195,3.4784832,4.886309,4.6642456,4.769157,0.0
Bone,2025-09-16,2025-09-15,0.043027163,0.47550178,1.520949,0.79876447,0.7928164,0.4
Bone,2025-09-17,2025-09-16,0.44588304,0.65159917,0.7612934,0.8193207,0.7858834,0.1
Bone,2025-09-18,2025-09-17,0.14778256,0.35417175,0.028275728,0.512815,0.3571179,0.0
Bone,2025-09-19,2025-09-18,0.042678118,0.48256278,0.20694113,0.16686273,0.15803456,0.0
Bone,2025-09-20,2025-09-19,0.037972927,0.4382131,0.14767694,0.2682755,0.18960571,0.0
Bone,2025-09-21,2025-09-20,0.036269426,0.42902803,0.28774405,0.35196543,0.23787117,0.0
Bone,2025-09-22,2025-09-21,0.040426016,0.5357449,0.19717383,0.32016373,0.16077495,0.2
Bone,2025-09-23,2025-09-22,0.23751974,0.7081342,0.36953092,0.49760556,0.30513644,0.1
Bone,2025-09-24,2025-09-23,0.13397932,0.41161728,0.25295544,0.36571097,0.2154417,0.3
Bone,2025-09-25,2025-09-24,0.33404207,0.59806657,0.5348184,0.54391384,0.41034293,0.2
Bone,2025-09-26,2025-09-25,0.23939419,0.29049993,0.5339122,0.52034307,0.32052636,2.3
Bone,2025-09-27,2025-09-26,2.3466918,1.2446066,2.8398588,2.6176956,2.6262443,0.8000001
Bone,2025-09-28,2025-09-27,0.84581804,0.718328,2.015143,1.6821651,1.824473,8.900001
Bone,2025-09-29,2025-09-28,8.305819,4.3812027,5.82623,6.976507,7.6071787,6.8
Bone,2025-09-30,2025-09-29,6.8602996,3.375658,3.9335604,5.1341276,4.9445944,0.9
Bone,2025-10-01,2025-09-30,0.96047735,0.8016374,2.0068374,2.1353927,2.104502,0.0
Bone,2025-10-02,2025-10-01,0.059794664,0.23352718,0.5152745,1.2104627,1.1756831,0.70000005
Bone,2025-10-03,2025-10-02,0.75946045,-0.20632052,1.1320088,1.5937688,1.6050103,2.1999998
Bone,2025-10-04,2025-10-03,2.2570233,1.2189585,2.9708803,3.0474122,2.938069,0.5
Bone,2025-10-05,2025-10-04,0.55893683,-0.33172107,1.3592178,1.0061466,1.0571651,0.0
Bone,2025-10-06,2025-10-05,0.0578835,-0.2696383,1.1604812,0.5735817,0.49996018,2.6999998
Bone,2025-10-07,2025-10-06,2.7635186,2.0058203,3.4204597,2.7805336,2.7314444,0.6
Bone,2025-10-08,2025-10-07,0.6614702,0.8918493,1.3522443,0.9966959,0.75976014,1.8000001
Bone,2025-10-09,2025-10-08,1.8613807,1.3670399,1.0630429,0.9050033,0.25765705,0.3
Bone,2025-10-10,2025-10-09,0.35883498,0.3613398,0.28003526,0.21444297,-0.12037134,1.3000001
Bone,2025-10-11,2025-10-10,1.3625398,1.1792108,1.4894484,1.2395048,1.1964816,2.9999998
Bone,2025-10-12,2025-10-11,3.0645995,2.1944606,2.423433,1.796151,1.483637,1.2
Bone,2025-10-13,2025-10-12,1.266081,1.9705862,1.8127289,1.673352,1.317136,0.9
Bone,2025-10-14,2025-10-13,0.9665135,1.5805439,1.6218247,1.5748956,1.4357263,0.8000001
Bone,2025-10-15,2025-10-14,0.86552787,1.5279003,1.5223266,1.6341714,1.5993198,0.2
Bone,2025-10-16,2025-10-15,0.2636795,0.91594553,0.9882206,0.86684275,0.89102554,0.8000001
Bone,2025-10-17,2025-10-16,0.86059403,0.5396917,1.5205092,1.5982555,1.5668865,0.1
Bone,2025-10-18,2025-10-17,0.16068292,-0.030864716,1.0689926,1.1835833,1.1865801,1.3000001
Bone,2025-10-19,2025-10-18,1.3600125,1.2163237,2.2199802,2.2843459,2.2877538,44.499996
Bone,2025-10-20,2025-10-19,14.113407,6.536666,2.8139486,9.898533,9.704338,9.900001
Bone,2025-10-21,2025-10-20,9.200494,2.795003,0.39156842,2.3410978,3.4671853,7.899999
Bone,2025-10-22,2025-10-21,6.739139,1.8630221,2.2933383,3.9447036,3.8543563,45.599995
Bone,2025-10-23,2025-10-22,12.121462,4.3640842,2.8067207,9.07522,7.223791,3.5000002
Bone,2025-10-24,2025-10-23,3.5708075,4.459202,5.562304,4.9714293,4.7687225,2.1
Bone,2025-10-25,2025-10-24,2.170301,2.2899292,7.0954056,5.0931673,5.039667,16.000002
Bone,2025-10-26,2025-10-25,8.315947,5.0551543,11.302335,10.445577,9.774752,16.300001
Bone,2025-10-27,2025-10-26,9.06974,9.224565,10.566636,9.873128,10.156512,1.0
Bone,2025-10-28,2025-10-27,1.4785961,4.562019,6.4626207,5.617115,5.3488092,33.3
Bone,2025-10-29,2025-10-28,12.875114,10.52589,10.444077,15.094341,15.47278,22.400002
Bone,2025-10-30,2025-10-29,11.168399,9.033256,6.9663486,13.054377,12.58917,1.3000001
Bone,2025-10-31,2025-10-30,3.1075838,6.1238775,5.050885,6.217023,7.064743,25.000002
Bone,2025-11-01,2025-10-31,9.237895,6.4220133,6.023283,13.72576,13.534524,4.2000003
Bone,2025-11-02,2025-11-01,5.802395,7.2406845,5.283369,8.253899,8.073375,6.0
Bone,2025-11-03,2025-11-02,5.3561573,7.293831,6.597133,9.042308,10.02437,10.0
Bone,2025-11-04,2025-11-03,6.8611298,8.617586,8.190083,10.928384,11.319439,3.5
Bone,2025-11-05,2025-11-04,5.544073,5.693763,6.2839813,7.669874,7.432974,0.5
Bone,2025-11-06,2025-11-05,3.01423,4.370398,5.1572165,5.7926874,5.52566,4.3
Bone,2025-11-07,2025-11-06,6.952573,5.2053437,7.8870583,8.77886,7.948081,3.8
Bone,2025-11-08,2025-11-07,6.2085705,4.4478774,7.776657,7.6544104,6.5338593,1.9
Bone,2025-11-09,2025-11-08,4.761916,3.7302353,6.7456465,6.4687815,6.699908,13.7
Bone,2025-11-10,2025-11-09,9.137417,9.162823,11.656805,13.637311,11.584993,8.900001
Bone,2025-11-11,2025-11-10,7.9190454,7.3996563,7.136672,10.07683,7.1176243,17.1
Bone,2025-11-12,2025-11-11,10.172542,10.416875,8.291554,13.369144,12.490705,6.899999
Bone,2025-11-13,2025-11-12,4.7497587,8.303338,7.6893263,10.461375,9.294923,0.5
Bone,2025-11-14,2025-11-13,2.2102919,4.466781,5.0051136,5.602744,5.4508047,0.1
Bone,2025-11-15,2025-11-14,3.9782681,4.5981536,3.9184065,4.1300964,4.8596115,0.2
Bone,2025-11-16,2025-11-15,3.1637747,3.3679223,3.1116815,2.8804731,2.7681162,14.4
Bone,2025-11-17,2025-11-16,8.751083,12.428503,12.737369,9.876685,7.5575705,14.4
Bone,2025-11-18,2025-11-17,9.774155,12.246059,12.663107,10.952829,9.077769,11.900001
Bone,2025-11-19,2025-11-18,7.7172956,11.328017,12.218878,10.697113,10.092054,6.2999997
Bone,2025-11-20,2025-11-19,6.335294,7.571925,8.513477,7.512512,6.000225,3.6
Bone,2025-11-21,2025-11-20,6.3606853,5.639875,7.353553,6.0357056,5.747057,2.8
Bone,2025-11-22,2025-11-21,5.630922,4.8588915,7.0656652,6.168809,6.0403996,2.1000001
Bone,2025-11-23,2025-11-22,5.3048515,3.76897,7.4328175,5.791795,5.430021,2.6
Bone,2025-11-24,2025-11-23,6.5706058,4.2347765,7.454253,6.2997704,5.922249,1.0
Bone,2025-11-25,2025-11-24,5.210472,3.7423112,5.7183805,3.8930624,3.5260649,7.2
Bone,2025-11-26,2025-11-25,9.282981,6.768112,10.420448,8.085522,7.977949,20.599998
Bone,2025-11-27,2025-11-26,14.507396,10.744088,15.9855995,14.314366,11.885714,0.90000004
Bone,2025-11-28,2025-11-27,2.712712,5.0261383,7.874626,5.841817,5.9626427,24.099998
Bone,2025-11-29,2025-11-28,12.924456,7.795948,9.251583,10.4984,8.22491,20.3
Bone,2025-11-30,2025-11-29,10.85171,9.026427,9.519024,10.236034,7.1429977,11.5
Bone,2025-12-01,2025-11-30,6.570846,8.096141,7.1885757,7.9977055,6.6154504,11.8
Bone,2025-12-02,2025-12-01,7.657851,6.6634927,6.345623,7.7896357,6.790104,9.099999
Bone,2025-12-03,2025-12-02,5.521804,6.287663,7.7883425,8.056662,5.7757273,2.0
Bone,2025-12-04,2025-12-03,2.429593,2.677226,5.4235535,4.9885716,4.6052246,6.3999996
Bone,2025-12-05,2025-12-04,8.296369,6.3054457,6.8937936,6.8669643,6.853307,34.2
Bone,2025-12-06,2025-12-05,12.522117,7.933529,10.988129,14.042906,11.840868,1.3000001
Bone,2025-12-07,2025-12-06,4.2035713,6.1578517,7.3719635,5.8873205,6.606279,6.2
Bone,2025-12-08,2025-12-07,8.416936,7.732342,10.662573,8.854031,8.615346,26.500002
Bone,2025-12-09,2025-12-08,15.919975,10.856091,9.580039,13.202836,12.314692,15.500004
Bone,2025-12-10,2025-12-09,13.021052,11.166531,10.453381,11.942421,11.570579,3.6
Bone,2025-12-11,2025-12-10,6.8274436,7.6945505,7.1891575,8.148262,6.7400312,9.1
Bone,2025-12-12,2025-12-11,9.655641,5.7899904,7.9410887,8.796564,7.409279,7.8
Bone,2025-12-13,2025-12-12,8.053194,7.26396,5.784071,6.035205,4.639194,1.3000001
Bone,2025-12-14,2025-12-13,5.0317893,4.930501,3.3575659,2.6442547,2.613211,4.4999995
Bone,2025-12-15,2025-12-14,7.5489016,5.006794,6.002429,4.9785337,4.8328714,1.7
Bone,2025-12-16,2025-12-15,5.105051,3.8137805,4.26314,4.3608904,2.8241158,0.1
Bone,2025-12-17,2025-12-16,3.9809136,2.7896295,3.0264788,2.9500475,1.6774653,0.3
Bone,2025-12-18,2025-12-17,3.5636973,2.872966,1.5890175,2.3914046,1.3250194,0.70000005
Bone,2025-12-19,2025-12-18,2.327413,1.8570201,2.7521634,2.85629,2.1852572,12.3
Bone,2025-12-20,2025-12-19,8.44891,5.4927454,8.935008,10.146941,8.844918,0.4
Bone,2025-12-21,2025-12-20,3.776248,2.6036463,4.206198,4.067995,2.7715604,11.1
Bone,2025-12-22,2025-12-21,8.778964,6.520228,6.587057,6.340045,4.467925,6.1
Bone,2025-12-23,2025-12-22,4.9630375,4.935944,8.553637,6.4572453,6.0315676,2.0
Bone,2025-12-24,2025-12-23,2.9102678,3.956807,6.2924557,5.160532,4.83189,0.6
Bone,2025-12-25,2025-12-24,3.6146092,2.6462348,5.6616416,4.339483,3.0147758,15.300001
Bone,2025-12-26,2025-12-25,8.438659,6.319636,13.551353,11.440859,9.479873,4.6
Bone,2025-12-27,2025-12-26,6.3448725,5.55536,10.598635,8.836521,8.387579,0.6
Bone,2025-12-28,2025-12-27,4.7657747,4.3405366,5.767988,4.7496066,4.530982,1.1
Bone,2025-12-29,2025-12-28,5.009691,4.803917,4.475153,4.073779,3.5869803,0.8
Bone,2025-12-30,2025-12-29,4.244335,3.2873976,4.691784,3.6297898,3.9147913,1.3000001
Bone,2025-12-31,2025-12-30,4.756171,3.0671318,5.1732783,4.077645,4.1810355,3.6
Bone,2026-01-01,2025-12-31,6.9698515,5.235405,7.541194,6.491235,6.5190287,10.400002
Bone,2026-01-02,2026-01-01,8.585833,8.038928,9.133661,7.9233274,7.067567,14.000001
Bone,2026-01-03,2026-01-02,9.701488,6.8361173,10.939305,9.350517,9.908956,1.1
Bone,2026-01-04,2026-01-03,2.7300293,3.8951576,6.345755,4.907467,4.1546483,14.0
Bone,2026-01-05,2026-01-04,5.8831654,6.557247,9.596123,9.092321,8.198149,10.300001
Bone,2026-01-06,2026-01-05,4.7323465,4.6985674,7.657648,7.211671,7.825103,2.4
Bone,2026-01-07,2026-01-06,3.5933642,4.0473423,4.765445,4.558349,3.5676508,0.4
Bone,2026-01-08,2026-01-07,2.4743273,0.9387225,2.9164066,2.2850583,1.5869772,0.0
Bone,2026-01-09,2026-01-08,2.60402,2.7616835,1.402241,1.6438948,1.1385905,3.1999998
Bone,2026-01-10,2026-01-09,4.9635067,4.847023,4.4279222,4.21184,3.482942,0.5
Bone,2026-01-11,2026-01-10,2.3829741,0.9930713,1.2604012,1.5536119,0.7318282,0.0
Bone,2026-01-12,2026-01-11,1.1905975,1.4349972,0.23174715,0.646065,-0.07066679,0.0
Bone,2026-01-13,2026-01-12,-0.016260862,0.905324,1.2050321,0.7051928,-0.36485052,0.0
Bone,2026-01-14,2026-01-13,0.60614586,1.5909489,0.7646611,1.2630097,-0.2969582,0.1
Bone,2026-01-15,2026-01-14,1.4591513,1.3358663,0.7929683,0.69819355,-0.1803112,0.0
Bone,2026-01-16,2026-01-15,1.2135441,1.2039593,0.691952,0.513926,-0.30895424,0.1
Bone,2026-01-17,2026-01-16,2.1008732,0.9075314,1.0249298,0.7009752,-0.13243794,0.6
Bone,2026-01-18,2026-01-17,3.0154812,1.7470081,2.2760549,1.7251387,0.42114067,1.7
Bone,2026-01-19,2026-01-18,3.5691805,1.3659371,3.8869252,2.9567125,1.9511664,0.2
Bone,2026-01-20,2026-01-19,2.285087,-0.5382798,2.252181,1.4540551,0.5277896,1.2
Bone,2026-01-21,2026-01-20,3.03088,1.2660725,1.7955354,1.7683917,0.1840899,0.3
Bone,2026-01-22,2026-01-21,1.7800578,0.85242224,1.916315,1.8470299,0.6818273,0.0
Bone,2026-01-23,2026-01-22,1.0451684,0.32123208,0.4134779,0.56661654,-0.01785469,0.0
Bone,2026-01-24,2026-01-23,0.7245643,0.8552427,0.58815503,0.51448536,0.1629293,0.0
Bone,2026-01-25,2026-01-24,0.63822126,1.1939431,0.88323355,0.6521435,0.40568352,0.2
Bone,2026-01-26,2026-01-25,1.297578,1.2108294,1.0169928,0.7901292,0.62748146,1.4000001
Bone,2026-01-27,2026-01-26,2.6511066,2.2808402,2.0354815,1.6862081,1.7255634,2.8000002
Bone,2026-01-28,2026-01-27,4.0320587,2.8231037,3.742176,2.7294626,3.0981684,5.899999
Bone,2026-01-29,2026-01-28,6.295826,2.5088189,4.890765,2.259451,3.399253,2.9999998
Bone,2026-01-30,2026-01-29,4.000882,0.6291287,1.7711151,-0.2354052,-0.109338045,0.4
Bone,2026-01-31,2026-01-30,2.104016,-0.8254061,0.9140136,0.71724844,0.2828374,0.90000004
Bone,2026-02-01,2026-01-31,2.3693297,-0.7968707,1.0989469,1.3414418,1.0039533,1.1
Bone,2026-02-02,2026-02-01,2.6237452,0.8766897,1.1545855,1.2601904,1.1092763,0.4
Bone,2026-02-03,2026-02-02,1.9821136,0.71164227,0.37907648,0.5106065,-0.11185408,0.5
Bone,2026-02-04,2026-02-03,1.813673,0.9057895,0.80493546,0.6765878,0.5214617,2.6000001
Bone,2026-02-05,2026-02-04,3.6239686,1.7119511,2.9630206,2.5616584,2.7606015,0.4
Bone,2026-02-06,2026-02-05,1.6350992,0.54342914,1.4599711,0.8760555,0.77067757,1.3000001
Bone,2026-02-07,2026-02-06,2.2841668,0.28018713,2.2344522,1.6718361,1.7852294,0.90000004
Bone,2026-02-08,2026-02-07,1.5360874,-0.9691422,2.549284,1.407977,1.5260652,2.9
Bone,2026-02-09,2026-02-08,3.352602,0.020721912,3.569787,1.6888895,2.166102,0.4
Bone,2026-02-10,2026-02-09,1.2653308,0.48587632,1.5278295,0.25497437,-0.26756048,26.900003
Bone,2026-02-11,2026-02-10,8.910156,1.7798747,0.5633805,3.3361812,2.1549764,2.2
Bone,2026-02-12,2026-02-11,4.1734104,-0.69136596,4.080324,2.2941055,1.1686368,3.1
Bone,2026-02-13,2026-02-12,4.4584503,0.17175126,5.2689767,3.8254328,3.014524,1.6000001
Bone,2026-02-14,2026-02-13,3.438686,0.061208963,5.668133,3.3911624,2.4230907,0.1
Bone,2026-02-15,2026-02-14,1.7299377,1.2521826,2.2360196,1.2098037,1.5318776,0.3
Bone,2026-02-16,2026-02-15,1.9268259,1.5970131,1.6975307,0.7651186,1.3260856,6.3999996
Bone,2026-02-17,2026-02-16,8.500567,5.4265833,7.6078186,6.452283,6.289879,5.2
Bone,2026-02-18,2026-02-17,6.3803635,4.253092,7.4409723,5.915825,5.458211,20.200005
Bone,2026-02-19,2026-02-18,10.298234,3.3942327,8.451021,9.6321535,9.575048,1.1
Bone,2026-02-20,2026-02-19,3.9454026,1.2159438,5.305929,3.8136368,4.72379,0.4
Bone,2026-02-21,2026-02-20,3.2965527,0.68081903,4.4556956,3.561266,3.6550317,22.800001
Bone,2026-02-22,2026-02-21,12.256959,1.8931197,4.0722775,6.14192,6.775013,0.1
Bone,2026-02-23,2026-02-22,3.166013,2.6384401,5.315833,3.951085,3.2055478,0.5
Bone,2026-02-24,2026-02-23,3.4722497,3.7965589,5.7975035,4.3624306,3.5038233,8.199999
Bone,2026-02-25,2026-02-24,10.163335,6.147434,8.612826,7.9611664,6.330265,5.899999
Bone,2026-02-26,2026-02-25,8.643624,6.7729955,7.467205,7.280594,5.8588667,1.2
Bone,2026-02-27,2026-02-26,4.501293,3.1842837,4.911848,3.9610505,3.227127,0.1
Bone,2026-02-28,2026-02-27,2.3490393,2.0165029,2.451838,2.5076103,2.0845945,0.0
Bone,2026-03-01,2026-02-28,1.1616002,1.3930575,1.7020798,1.7458113,1.3051636,0.0
Bone,2026-03-02,2026-03-01,2.1993384,0.48428035,2.5167494,1.7564527,0.95206416,0.0
Bone,2026-03-03,2026-03-02,-0.024932146,0.56270504,1.1242452,1.2183778,0.64570546,0.5
Bone,2026-03-04,2026-03-03,1.5492014,1.2121067,1.6611403,1.7193954,0.95727205,0.2
Bone,2026-03-05,2026-03-04,-0.07579398,1.3097333,1.2160649,1.2833557,0.72119,0.0
Bone,2026-03-06,2026-03-05,2.3749316,1.2279031,0.9682237,0.88525987,0.6232126,0.4
Bone,2026-03-07,2026-03-06,1.896972,1.1903052,1.6225209,1.0053624,0.7777581,3.1000001
Bone,2026-03-08,2026-03-07,0.52444124,3.7615755,5.122337,3.7310877,3.3109455,8.2
Bone,2026-03-09,2026-03-08,4.0435953,6.828026,5.223669,4.71619,3.8691046,0.8
Bone,2026-03-10,2026-03-09,2.9607856,2.5002992,4.025811,3.1924913,2.3909328,0.0
Bone,2026-03-11,2026-03-10,1.9651203,1.9424119,2.046729,1.6257669,1.0873308,1.7
Bone,2026-03-12,2026-03-11,3.8495636,3.479363,3.3972325,3.0753527,2.763536,1.1
Bone,2026-03-13,2026-03-12,2.9322689,2.2024932,2.7444847,2.4523678,2.1869264,0.8
Bone,2026-03-14,2026-03-13,2.6000676,1.488905,2.145369,1.8088247,1.6623535,0.8
Bone,2026-03-15,2026-03-14,2.4229155,1.7916518,1.9724163,1.5425318,1.4279382,1.2
Bone,2026-03-16,2026-03-15,3.226643,2.4125574,3.53898,2.7916193,2.593787,13.700001
Bone,2026-03-17,2026-03-16,11.011466,7.3706465,7.212822,7.4269066,6.412319,11.8
Bone,2026-03-18,2026-03-17,8.249007,5.851015,3.0954776,3.83563,3.8933089,10.1
Bone,2026-03-19,2026-03-18,6.357833,3.2631738,2.074651,2.6602805,3.2711875,20.400002
Bone,2026-03-20,2026-03-19,12.913116,7.6143675,8.2350025,7.748473,6.7879276,6.6
Bone,2026-03-21,2026-03-20,7.4856586,5.387637,4.012554,3.6447916,2.031364,13.900001
Bone,2026-03-22,2026-03-21,9.936141,4.6317396,5.1175766,5.806112,4.245312,13.900002
Bone,2026-03-23,2026-03-22,8.164065,4.769443,6.9125204,7.846367,5.832978,0.6
Bone,2026-03-24,2026-03-23,3.6672525,2.599187,2.9974341,2.272071,1.9739211,0.9
Bone,2026-03-25,2026-03-24,3.8211691,4.163589,3.8720503,3.209095,3.6848717,0.90000004
Bone,2026-03-26,2026-03-25,3.6766315,3.8297944,4.5903087,3.714586,4.0195417,6.2
Bone,2026-03-27,2026-03-26,4.317737,4.8019466,6.7078824,6.4785023,6.40135,3.4
Bone,2026-03-28,2026-03-27,4.010721,4.3120155,4.4134555,4.1685953,4.4859614,4.3999996
Bone,2026-03-29,2026-03-28,4.7824807,1.7983539,5.7145977,4.832778,5.5074706,0.6
Bone,2026-03-30,2026-03-29,3.538733,1.0785897,2.3865266,2.465858,2.625238,18.800001
Bone,2026-03-31,2026-03-30,10.579182,6.1853447,3.291685,6.690688,4.09886,12.2
Bone,2026-04-01,2026-03-31,8.370757,7.134555,2.9983084,5.848034,3.684963,5.0
Bone,2026-04-02,2026-04-01,7.300826,6.6641827,5.5592146,5.4884624,3.618319,9.400001
Bone,2026-04-03,2026-04-02,8.260195,6.7134686,8.393386,8.890418,7.2562256,7.0
Bone,2026-04-04,2026-04-03,7.7271194,8.585635,8.970572,9.039756,8.075026,0.9000001
Bone,2026-04-05,2026-04-04,3.570721,3.3181276,4.8437595,4.549613,4.4805818,19.800003
Bone,2026-04-06,2026-04-05,9.958859,7.292841,10.718467,12.566913,10.217431,9.099999
Bone,2026-04-07,2026-04-06,4.256283,5.217032,8.277091,10.1224165,6.9635878,13.500001
Bone,2026-04-08,2026-04-07,5.3838205,5.292322,7.56176,9.753773,7.9087467,15.600002
Bone,2026-04-09,2026-04-08,7.9993114,2.8804228,7.465045,8.398834,6.6187735,7.4999995
Bone,2026-04-10,2026-04-09,8.390295,6.0567408,5.656887,7.328643,5.866563,21.2
Bone,2026-04-11,2026-04-10,7.97501,4.116982,5.948345,9.094093,7.9394245,21.699999
Bone,2026-04-12,2026-04-11,9.871194,6.5744734,9.191624,11.3553295,9.914295,3.6000001
Bone,2026-04-13,2026-04-12,5.303194,4.6921573,3.8703904,5.534443,3.7940528,3.3000002
Bone,2026-04-14,2026-04-13,6.243015,5.92992,5.6468983,5.544614,5.2923374,0.3
Bone,2026-04-15,2026-04-14,3.4132593,4.073123,2.7436073,2.522908,2.2221646,1.0000001
Bone,2026-04-16,2026-04-15,2.7212527,2.5982318,1.7738076,1.6891829,0.71374154,5.6999993
Bone,2026-04-17,2026-04-16,5.7948074,6.405319,5.5925875,5.6909,5.4342117,2.6999998
Bone,2026-04-18,2026-04-17,4.5857606,3.8770647,4.32282,4.5546327,4.3016634,2.4999998
Bone,2026-04-19,2026-04-18,4.0268946,4.098319,6.24706,4.950989,4.8969455,1.4000001
Bone,2026-04-20,2026-04-19,3.202045,2.3888779,4.663722,3.7089055,3.2181969,1.0
Bone,2026-04-21,2026-04-20,1.8710566,2.7659476,3.5774353,3.0737247,2.5093765,6.8
Bone,2026-04-22,2026-04-21,4.088815,4.6870475,8.661894,6.71237,6.165497,10.1
Bone,2026-04-23,2026-04-22,7.395751,6.5126286,9.376293,8.678088,7.789263,0.7
Bone,2026-04-24,2026-04-23,2.9311028,3.6450737,4.844143,3.917551,3.8432596,1.3000001
Bone,2026-04-25,2026-04-24,4.155651,3.9217596,4.0662975,4.393242,3.9931617,4.1
Bone,2026-04-26,2026-04-25,7.271906,5.51071,7.5743227,6.9189014,6.803731,10.4000025
Bone,2026-04-27,2026-04-26,8.574167,7.5231075,11.3813715,9.639913,8.910088,30.0
Bone,2026-04-28,2026-04-27,12.957115,10.648587,11.66654,10.85261,9.932985,19.6
Bone,2026-04-29,2026-04-28,11.218191,8.610804,13.394544,12.450172,9.8143425,2.6000001
Bone,2026-04-30,2026-04-29,4.307299,5.631488,9.049066,7.9300146,7.721181,2.3999999
Bone,2026-05-01,2026-04-30,3.7609472,5.9184837,9.38483,7.8464575,7.6448126,21.8
Bone,2026-05-02,2026-05-01,11.241918,10.605663,12.324469,13.388558,11.987588,1.3000002
Bone,2026-05-03,2026-05-02,2.916543,4.0890083,5.8162346,4.7038374,4.2772818,17.400003
Bone,2026-05-04,2026-05-03,11.867863,10.598091,11.52884,11.462554,10.128895,6.6
Bone,2026-05-05,2026-05-04,6.8894005,7.362793,9.645407,8.637109,7.6739416,1.7
Bone,2026-05-06,2026-05-05,4.1478214,5.842547,5.5875587,4.8234234,4.681064,4.499999
Bone,2026-05-07,2026-05-06,6.1916933,7.3198805,6.707544,5.907522,6.086897,2.3999999
Bone,2026-05-08,2026-05-07,4.077602,4.7698965,5.309004,4.28593,4.6198087,7.3999996
Bone,2026-05-09,2026-05-08,7.8776493,7.115102,8.968567,7.433506,7.295067,8.199999
Bone,2026-05-10,2026-05-09,9.114702,6.079547,7.695689,8.240644,7.5410633,23.7
Bone,2026-05-11,2026-05-10,11.185606,8.665259,7.6919985,12.964362,10.587362,2.3999999
Bone,2026-05-12,2026-05-11,3.5551822,4.381278,4.997663,5.5087843,5.7848167,6.899999
Bone,2026-05-13,2026-05-12,6.4275784,6.0798435,7.7839365,8.770805,9.174686,8.6
Bone,2026-05-14,2026-05-13,5.3793035,5.6883507,7.869259,8.873235,7.8579226,19.300001
Bone,2026-05-15,2026-05-14,8.450303,5.595496,7.2594767,10.3545685,7.804961,15.099999
Bone,2026-05-16,2026-05-15,9.381211,6.270088,7.0254917,8.209798,5.9487405,20.200003
Bone,2026-05-17,2026-05-16,8.951884,4.0785103,6.8238707,8.812798,6.7597904,23.2
Bone,2026-05-18,2026-05-17,11.441068,4.5871625,9.935452,11.529638,10.534691,10.799999
Bone,2026-05-19,2026-05-18,10.800485,9.156001,11.926961,11.609771,11.047322,4.4999995
Bone,2026-05-20,2026-05-19,6.3350353,5.2492228,8.511666,7.208558,7.2438602,16.0
Bone,2026-05-21,2026-05-20,14.853206,7.3503456,10.867656,11.658814,10.159141,0.8000001
Bone,2026-05-22,2026-05-21,3.1430833,2.8638453,5.0645456,4.2649727,4.313907,29.099998
Bone,2026-05-23,2026-05-22,12.901414,8.783614,13.212422,16.152615,15.103908,16.300001
Bone,2026-05-24,2026-05-23,12.40069,6.406547,10.007781,11.112046,9.801585,8.5
Bone,2026-05-25,2026-05-24,10.434498,8.847201,12.01652,10.832443,10.289895,2.1
Bone,2026-05-26,2026-05-25,4.423498,6.4218874,7.4187164,6.120317,6.268074,4.1
Bone,2026-05-27,2026-05-26,6.3863215,6.398589,5.5743237,5.4145756,4.477528,1.4
Bone,2026-05-28,2026-05-27,3.8020701,4.117452,2.9496086,2.709051,1.8771209,6.1
Bone,2026-05-29,2026-05-28,7.4485006,5.26453,4.7495995,4.204529,3.4737868,1.9000001
Bone,2026-05-30,2026-05-29,3.2808986,3.7158434,3.20671,2.648341,2.4945161,5.2000003
Bone,2026-05-31,2026-05-30,6.48283,5.5617695,4.7321243,5.0767894,4.3843813,2.0
Bone,2026-06-01,2026-05-31,3.429609,2.9112062,2.0977368,2.6060731,1.8730954,2.3999999
Bone,2026-06-02,2026-06-01,3.490438,2.5469398,2.1213336,2.5302153,1.4695134,1.4000001
Bone,2026-06-03,2026-06-02,2.5070114,2.2287478,1.4197227,1.6630185,0.64377475,3.1000001
Bone,2026-06-04,2026-06-03,3.3253427,3.3647318,3.2783413,3.8532147,3.5659368,1.1
Bone,2026-06-05,2026-06-04,1.3831928,2.8289528,1.9743214,2.6399481,2.3875518,0.2
Bone,2026-06-06,2026-06-05,0.50919724,2.234862,0.9061383,1.2636461,0.69530225,0.70000005
Bone,2026-06-07,2026-06-06,1.2757233,2.0016208,1.5293851,1.4753271,1.1993463,0.6
Bone,2026-06-08,2026-06-07,1.069931,1.8242704,1.3345848,1.4695759,0.7731037,1.4000001
Bone,2026-06-09,2026-06-08,1.6606205,1.8434231,1.8109819,1.7304742,1.2067437,0.90000004
Bone,2026-06-10,2026-06-09,1.4356692,1.3715373,1.5163279,1.6008377,1.5807902,3.8999999
Bone,2026-06-11,2026-06-10,3.5673578,4.279973,4.664261,3.6424208,2.7801938,14.699999
Bone,2026-06-12,2026-06-11,5.073613,8.423428,7.509061,7.860511,5.817497,7.7999997
Bone,2026-06-13,2026-06-12,5.0783215,7.2289543,6.748416,7.1838846,5.733691,12.099999
Bone,2026-06-14,2026-06-13,8.185318,8.359457,8.556068,8.068483,7.0630245,1.6000001
Bone,2026-06-15,2026-06-14,2.591117,3.7113552,3.5973914,2.9447417,2.8878384,1.9000001
Bone,2026-06-16,2026-06-15,2.775515,3.887575,3.422861,3.0825505,2.739562,0.8
Bone,2026-06-17,2026-06-16,1.4131641,2.9658556,2.543553,1.9577022,1.5555362,1.3000001
Bone,2026-06-18,2026-06-17,1.5101193,2.1822522,1.9569108,1.210331,0.71665955,0.70000005
Bone,2026-06-19,2026-06-18,1.0443034,1.9317967,1.424452,1.087574,0.80836535,0.4
Bone,2026-06-20,2026-06-19,0.85435724,1.2225863,0.85873866,0.5247221,0.75686526,0.6
Bone,2026-06-21,2026-06-20,1.0083985,1.3963846,0.93857145,0.694782,0.82812476,2.0000002
Bone,2026-06-22,2026-06-21,2.2297642,1.8557639,2.345759,1.8445898,1.9368162,2.5
Bone,2026-06-23,2026-06-22,2.666745,2.3421576,3.1321533,2.693665,2.6558635,3.1
Bone,2026-06-24,2026-06-23,3.351881,3.0541024,3.496283,3.3033562,3.196309,1.3000001
Bone,2026-06-25,2026-06-24,1.4095669,1.6259716,1.8774762,1.6439536,1.4566468,1.6000003
Bone,2026-06-26,2026-06-25,1.6451643,2.0830338,1.9630079,1.7820609,1.5160193,3.9999995
Bone,2026-06-27,2026-06-26,4.070535,4.154613,3.9408593,3.637687,3.2368586,1.5000001
Bone,2026-06-28,2026-06-27,1.540461,1.7381507,1.640478,1.6216468,1.0629728,0.5
Bone,2026-06-29,2026-06-28,0.57305217,0.98400545,0.7411349,0.8100014,0.38495278,0.8000001
Bone,2026-06-30,2026-06-29,0.839108,1.1327053,1.125137,0.76786876,0.844692,1.5
Bone,2026-07-01,2026-06-30,1.5368034,1.8432871,1.8941748,1.4983437,1.6586134,0.70000005
Bone,2026-07-02,2026-07-01,0.7401757,0.93391895,1.2884591,1.0849568,1.0978112,0.5
Bone,2026-07-03,2026-07-02,0.54093623,0.595361,1.1942956,0.9056895,0.84759474,0.8000001
Bone,2026-07-04,2026-07-03,0.8405702,0.8227947,1.1482048,1.1106195,1.1155642,0.0
Bone,2026-07-05,2026-07-04,0.03971982,0.20203924,0.34054732,0.30674624,0.33869004,0.0
Bone,2026-07-06,2026-07-05,0.042230844,0.14521861,0.60374594,0.26654458,0.20755601,0.0
Bone,2026-07-07,2026-07-06,0.041113615,0.33202672,0.6258719,0.29729772,0.24333453,0.1
Bone,2026-07-08,2026-07-07,0.1388576,0.23557281,0.58266497,0.26945782,0.212744,0.9000001
Bone,2026-07-09,2026-07-08,0.9393333,0.9060489,1.2652367,1.0026275,0.9436847,0.3
Bone,2026-07-10,2026-07-09,0.33947372,0.43474627,0.6668217,0.3559053,0.36496162,1.8000001
Bone,2026-07-11,2026-07-10,1.8370109,1.57181,2.0485394,1.7801226,1.7900857,0.0
Bone,2026-07-12,2026-07-11,0.02908945,0.043765783,0.24778819,0.097168684,0.016033173,0.1
Bone,2026-07-13,2026-07-12,0.1239841,0.033183098,0.33383584,0.22390223,0.15048885,0.0
Bone,2026-07-14,2026-07-13,-0.21123147,-0.06710291,0.35371065,0.14604378,0.05164671,0.90000004
Bone,2026-07-15,2026-07-14,0.9215462,0.5984962,1.1036614,1.0280353,0.9206047,1.7
Bone,2026-07-16,2026-07-15,1.7300293,1.5839722,1.3502719,1.373629,1.5128485,1.4000001
Pinrang,2022-07-17,2022-07-16,0.4935876,2.5893817,1.0324179,1.6379864,2.1693563,5.599999904632568
Pinrang,2022-07-18,2022-07-17,5.653686,4.571501,5.9236894,5.510907,5.8287787,0.3000000119209289
Pinrang,2022-07-19,2022-07-18,0.34144914,1.6364903,0.55572236,0.534137,0.5908252,1.600000023841858
Pinrang,2022-07-20,2022-07-19,1.6691556,1.4402776,1.508178,1.2544303,1.6253996,0.0
Pinrang,2022-07-21,2022-07-20,0.042563915,-0.11916494,0.4200045,0.55762875,0.6156002,4.0
Pinrang,2022-07-22,2022-07-21,3.1137419,4.9201956,3.379084,3.6497152,3.5633006,2.300000190734864
Pinrang,2022-07-23,2022-07-22,2.3413773,0.84254277,2.1547868,2.485989,2.2188623,0.6000000238418579
Pinrang,2022-07-24,2022-07-23,0.6430472,-0.6259301,0.6828948,1.281528,0.9794562,0.1000000014901161
Pinrang,2022-07-25,2022-07-24,0.14500618,-1.156352,0.26860166,0.87673545,0.5516622,0.0
Pinrang,2022-07-26,2022-07-25,0.044247866,1.4046965,0.08044958,0.26418746,0.13732505,0.3000000119209289
Pinrang,2022-07-27,2022-07-26,0.3429036,-0.02580738,0.42353952,0.8463259,0.725703,0.1000000014901161
Pinrang,2022-07-28,2022-07-27,0.14355445,-0.2731943,0.16004467,0.39774394,0.36498702,0.0
Pinrang,2022-07-29,2022-07-28,0.04455924,-0.32904124,0.05341935,0.21374762,0.23580289,0.0
Pinrang,2022-07-30,2022-07-29,0.041899443,-0.22998333,0.11226201,0.4608997,0.19767833,2.1000001430511475
Pinrang,2022-07-31,2022-07-30,2.146476,1.8998666,1.7941005,1.9326873,1.7111315,5.399999618530273
Pinrang,2022-08-01,2022-07-31,5.449686,3.672909,1.9168298,1.764004,1.8476169,3.700000047683716
Pinrang,2022-08-02,2022-08-01,3.7514262,2.8702838,0.76695955,0.7717947,1.3164384,1.2999999523162842
Pinrang,2022-08-03,2022-08-02,1.347513,1.6258678,1.4173115,0.9312488,1.1719409,0.0
Pinrang,2022-08-04,2022-08-03,0.046314478,0.9663724,0.6569959,0.7649691,1.065453,0.0
Pinrang,2022-08-05,2022-08-04,0.04751849,1.4247942,0.16933513,0.4707297,0.58832383,0.3000000119209289
Pinrang,2022-08-06,2022-08-05,0.3473972,1.2080171,0.41678917,0.7658261,0.95415723,0.4000000059604645
Pinrang,2022-08-07,2022-08-06,0.44186378,1.0245175,0.5221355,0.8355241,0.97697294,0.6000000238418579
Pinrang,2022-08-08,2022-08-07,0.6457161,0.3003111,0.44862044,0.2724272,0.5813607,14.200000762939451
Pinrang,2022-08-09,2022-08-08,6.273538,4.092438,1.569351,3.3044338,2.277646,1.5
Pinrang,2022-08-10,2022-08-09,1.5516987,1.2266946,1.8216813,1.7787186,0.9908788,11.90000057220459
Pinrang,2022-08-11,2022-08-10,3.976562,3.3182526,2.6328528,3.740493,2.7439737,0.8000000715255737
Pinrang,2022-08-12,2022-08-11,0.84886754,0.525692,0.86788654,1.3886783,0.7808089,3.799999952316284
Pinrang,2022-08-13,2022-08-12,3.8505096,3.818712,2.3378892,4.333048,2.5212333,21.200000762939453
Pinrang,2022-08-14,2022-08-13,4.880592,7.6130877,0.22668326,4.5645247,3.3766866,0.0
Pinrang,2022-08-15,2022-08-14,0.049255848,2.483271,-0.24947548,0.45142722,0.8995377,0.0
Pinrang,2022-08-16,2022-08-15,-0.16146159,2.4045372,0.65500546,0.7331846,1.4883069,0.0
Pinrang,2022-08-17,2022-08-16,0.05346942,1.9453614,1.3163112,1.0495789,1.0669833,0.0
Pinrang,2022-08-18,2022-08-17,0.051645756,0.5748658,0.25443435,0.2577182,0.27287495,0.0
Pinrang,2022-08-19,2022-08-18,0.048371077,0.4684738,0.2841494,0.35995102,0.33779204,0.0
Pinrang,2022-08-20,2022-08-19,-0.19602156,0.12750602,0.16604829,0.24345648,0.18900204,0.0
Pinrang,2022-08-21,2022-08-20,0.04613805,0.4507401,0.03653097,0.08985829,0.12992239,0.6000000238418579
Pinrang,2022-08-22,2022-08-21,0.64424074,0.9197086,0.60544884,0.8700211,0.70499337,0.0
Pinrang,2022-08-23,2022-08-22,0.03710413,0.31206727,-0.034088373,0.18001914,0.041107655,0.0
Pinrang,2022-08-24,2022-08-23,0.042999983,0.65160084,-0.054236174,0.15235925,-0.015130281,0.6000000238418579
Pinrang,2022-08-25,2022-08-24,0.64887214,1.318641,0.4938382,0.80223846,0.4595194,0.5
Pinrang,2022-08-26,2022-08-25,0.5466405,0.690971,0.09386706,0.5315287,0.1293211,0.2000000029802322
Pinrang,2022-08-27,2022-08-26,0.244053,0.15948606,0.06327653,0.41533983,0.09706831,0.9000000357627869
Pinrang,2022-08-28,2022-08-27,0.94665027,0.9877924,0.99589205,1.3261976,1.006846,0.1000000014901161
Pinrang,2022-08-29,2022-08-28,0.1494205,0.45767856,0.47085238,0.59451437,0.4923972,5.900000095367432
Pinrang,2022-08-30,2022-08-29,2.8041685,4.245262,4.4732614,5.18435,5.3736854,16.200000762939453
Pinrang,2022-08-31,2022-08-30,4.593763,4.4274244,3.4836457,4.718993,4.1795926,2.700000047683716
Pinrang,2022-09-01,2022-08-31,2.7515283,2.2124932,2.890188,3.64116,4.1805987,0.0
Pinrang,2022-09-02,2022-09-01,0.055856466,1.1102959,0.22035623,1.7221882,1.4334507,0.800000011920929
Pinrang,2022-09-03,2022-09-02,0.85260713,1.883968,1.5342371,1.5873096,1.7612714,3.6999995708465576
Pinrang,2022-09-04,2022-09-03,3.6167116,3.06253,3.6846337,3.8371058,3.8234315,0.4000000059604645
Pinrang,2022-09-05,2022-09-04,0.45516515,0.84110856,1.5640512,1.0910467,1.0212201,1.100000023841858
Pinrang,2022-09-06,2022-09-05,1.1584568,1.225714,2.178661,1.6950557,1.7358285,0.6000000238418579
Pinrang,2022-09-07,2022-09-06,0.65921485,1.3650074,1.6675801,0.96935785,0.813658,0.0
Pinrang,2022-09-08,2022-09-07,0.058384657,0.72988415,0.59744835,0.43085146,0.41300225,9.70000171661377
Pinrang,2022-09-09,2022-09-08,5.203149,4.2869425,4.2240486,4.735014,4.268335,9.300000190734863
Pinrang,2022-09-10,2022-09-09,4.8669386,4.9127693,3.4422085,2.9578424,2.2430835,1.6000001430511477
Pinrang,2022-09-11,2022-09-10,1.6627767,2.3937624,1.6478257,1.7880685,0.9944993,0.5
Pinrang,2022-09-12,2022-09-11,0.560521,1.5251215,0.72311795,0.7108308,0.0883522,0.2000000029802322
Pinrang,2022-09-13,2022-09-12,0.26199698,1.3014305,0.5816257,0.71989954,0.5534618,0.1000000014901161
Pinrang,2022-09-14,2022-09-13,0.16127443,0.69496286,0.39790094,0.40460575,0.34207106,0.800000011920929
Pinrang,2022-09-15,2022-09-14,0.85750425,1.5962958,1.0735649,1.2504034,1.0739841,0.0
Pinrang,2022-09-16,2022-09-15,0.053398132,0.69392526,0.38520885,0.36378753,0.47856522,0.3000000119209289
Pinrang,2022-09-17,2022-09-16,0.35746455,1.1421016,1.2804196,0.91935277,1.1569371,0.0
Pinrang,2022-09-18,2022-09-17,0.060074568,0.53549194,0.8723588,0.5236248,0.5595944,3.0999999046325684
Pinrang,2022-09-19,2022-09-18,3.1538994,2.8847783,3.0417378,2.921345,2.7643695,13.100001335144045
Pinrang,2022-09-20,2022-09-19,3.721283,4.2803984,2.0775824,3.7625618,3.259423,29.900001525878903
Pinrang,2022-09-21,2022-09-20,3.9769115,6.5646567,1.9285188,6.257923,5.024743,2.0
Pinrang,2022-09-22,2022-09-21,1.5128984,2.3568544,-1.8190174,-1.097414,-0.6748724,24.400001525878903
Pinrang,2022-09-23,2022-09-22,3.1870081,4.4888983,4.0315857,6.8500695,5.316703,2.5999999046325684
Pinrang,2022-09-24,2022-09-23,1.5088308,2.264241,2.4976459,2.6416087,2.096307,1.8000000715255735
Pinrang,2022-09-25,2022-09-24,1.8692912,2.5936675,3.2602801,4.2168655,3.784903,0.2000000029802322
Pinrang,2022-09-26,2022-09-25,0.27069056,2.1276362,3.0049865,2.7605078,2.909872,0.1000000014901161
Pinrang,2022-09-27,2022-09-26,0.15765738,0.86845934,0.8286005,0.52175176,0.85874486,0.3000000119209289
Pinrang,2022-09-28,2022-09-27,0.3594066,1.5872362,1.1234345,1.1002728,1.253736,2.400000095367432
Pinrang,2022-09-29,2022-09-28,2.4636297,3.0534184,2.9919147,3.6370807,3.0437932,19.100004196166992
Pinrang,2022-09-30,2022-09-29,5.1479936,5.850978,5.6124663,9.011103,8.802163,2.0999999046325684
Pinrang,2022-10-01,2022-09-30,2.1614363,2.9776254,3.289236,2.867643,4.146157,7.599999904632568
Pinrang,2022-10-02,2022-10-01,3.072544,3.45685,3.2069378,4.6833315,4.8508725,2.299999952316284
Pinrang,2022-10-03,2022-10-02,2.0670288,1.7346625,2.1554854,3.764575,3.094433,7.199999809265137
Pinrang,2022-10-04,2022-10-03,3.0893092,5.3826528,3.2142806,4.898554,4.5965796,6.399999618530273
Pinrang,2022-10-05,2022-10-04,4.7316647,5.318084,4.360133,5.024475,3.9768658,38.70000076293945
Pinrang,2022-10-06,2022-10-05,11.036938,8.170146,8.537457,13.736065,10.205593,12.5
Pinrang,2022-10-07,2022-10-06,5.581567,6.137764,9.646283,9.71987,8.4611225,3.299999713897705
Pinrang,2022-10-08,2022-10-07,3.3763342,5.711878,7.0472307,7.51043,8.020096,9.90000057220459
Pinrang,2022-10-09,2022-10-08,3.0982504,2.9591782,9.300127,9.035605,8.101443,7.09999942779541
Pinrang,2022-10-10,2022-10-09,3.8869162,4.976017,7.4812126,7.9511704,6.777054,7.600000381469727
Pinrang,2022-10-11,2022-10-10,1.8814608,5.7358217,7.2704015,8.393281,7.8059464,13.700000762939451
Pinrang,2022-10-12,2022-10-11,1.6371663,6.180101,6.6820903,9.327383,8.702809,6.099999904632568
Pinrang,2022-10-13,2022-10-12,0.87292457,4.7518597,4.598094,6.0718946,5.3788333,0.3000000119209289
Pinrang,2022-10-14,2022-10-13,2.2612035,2.9470463,1.7501336,2.4952412,2.7508664,10.800000190734863
Pinrang,2022-10-15,2022-10-14,3.829776,5.1401787,4.950034,6.51181,6.0915155,12.0
Pinrang,2022-10-16,2022-10-15,4.863019,7.1060724,8.715498,9.104877,8.146654,24.80000114440918
Pinrang,2022-10-17,2022-10-16,8.013157,8.997359,8.863724,12.162443,9.327596,14.800000190734863
Pinrang,2022-10-18,2022-10-17,5.4269676,8.433016,5.9172235,8.588196,5.9025955,11.200000762939451
Pinrang,2022-10-19,2022-10-18,6.7502446,8.706184,6.9643583,8.423864,5.9299545,10.90000057220459
Pinrang,2022-10-20,2022-10-19,5.1634045,8.880047,7.423957,9.142002,7.2843194,10.700000762939451
Pinrang,2022-10-21,2022-10-20,7.5574193,9.137802,9.845911,11.051071,10.875992,12.100000381469728
Pinrang,2022-10-22,2022-10-21,7.6640067,7.542651,5.7360926,7.336181,6.188845,4.499999523162842
Pinrang,2022-10-23,2022-10-22,6.7052436,5.2781343,5.937232,6.318656,6.238675,4.299999713897705
Pinrang,2022-10-24,2022-10-23,5.6060514,4.96255,5.8078465,5.2809973,5.6880064,6.5
Pinrang,2022-10-25,2022-10-24,5.426074,5.2801905,7.2237253,7.291933,6.4267945,9.0
Pinrang,2022-10-26,2022-10-25,6.5786667,6.8142138,8.223391,9.125832,8.72854,17.39999771118164
Pinrang,2022-10-27,2022-10-26,9.804356,10.2145,10.268873,12.634491,11.8682995,23.30000114440918
Pinrang,2022-10-28,2022-10-27,11.006123,8.968893,10.520079,12.703865,11.280354,19.10000228881836
Pinrang,2022-10-29,2022-10-28,10.541718,9.999081,9.980666,12.119694,11.617561,0.5
Pinrang,2022-10-30,2022-10-29,3.9139266,4.514504,5.6482306,4.9616203,3.3201647,1.7000000476837158
Pinrang,2022-10-31,2022-10-30,4.7413816,4.737914,4.774275,4.170193,1.8245806,0.0
Pinrang,2022-11-01,2022-10-31,2.9719453,2.7085295,3.3553128,2.5260975,1.7006756,1.5000001192092896
Pinrang,2022-11-02,2022-11-01,3.7311969,3.1769273,4.1806817,3.5581722,3.2700348,0.3000000119209289
Pinrang,2022-11-03,2022-11-02,2.4819894,2.450876,2.6837368,2.0300138,1.224558,2.6999998092651367
Pinrang,2022-11-04,2022-11-03,4.4009457,3.9860466,4.9631596,4.0965457,3.59095,24.39999771118164
Pinrang,2022-11-05,2022-11-04,10.915762,10.184374,9.404535,11.752251,10.061571,9.0
Pinrang,2022-11-06,2022-11-05,8.155003,8.444267,7.6654468,7.160445,7.077744,17.399999618530273
Pinrang,2022-11-07,2022-11-06,8.856825,9.951544,8.575514,9.458148,8.956533,23.600000381469727
Pinrang,2022-11-08,2022-11-07,6.583613,9.884703,7.558712,9.73056,9.244192,16.200000762939453
Pinrang,2022-11-09,2022-11-08,7.4160337,11.158432,9.740938,10.5617695,10.99489,17.90000343322754
Pinrang,2022-11-10,2022-11-09,8.91418,11.170488,8.405688,9.068159,8.279822,5.199999809265137
Pinrang,2022-11-11,2022-11-10,5.034542,7.2378263,4.7972164,5.532961,4.6241374,1.5000001192092896
Pinrang,2022-11-12,2022-11-11,4.0445013,5.2423077,3.7714322,3.6237385,3.3410003,2.400000095367432
Pinrang,2022-11-13,2022-11-12,3.818243,5.5857553,6.086272,5.5268335,5.075534,1.7000000476837158
Pinrang,2022-11-14,2022-11-13,2.7309246,3.5871599,4.9398794,4.010717,3.6973777,22.0
Pinrang,2022-11-15,2022-11-14,8.038799,7.7856164,9.895558,11.896046,10.498089,20.00000190734864
Pinrang,2022-11-16,2022-11-15,7.8574085,5.238977,8.577629,10.848124,9.573677,20.00000190734864
Pinrang,2022-11-17,2022-11-16,8.309727,5.5968986,7.8996797,10.543995,10.094933,11.40000057220459
Pinrang,2022-11-18,2022-11-17,8.751908,7.148894,7.9513426,9.000212,8.509857,56.90000534057617
Pinrang,2022-11-19,2022-11-18,11.149603,13.640181,10.578899,17.198622,13.891846,1.3000000715255735
Pinrang,2022-11-20,2022-11-19,2.9649978,7.320624,3.6652477,4.235362,4.02984,1.2000000476837158
Pinrang,2022-11-21,2022-11-20,2.4370453,6.5658517,4.4343853,5.6183634,3.9321327,0.3000000119209289
Pinrang,2022-11-22,2022-11-21,0.86634827,3.5999146,4.1291995,4.597433,3.8360708,2.999999761581421
Pinrang,2022-11-23,2022-11-22,4.514097,4.065306,5.4096584,4.2942934,3.9513588,0.6000000238418579
Pinrang,2022-11-24,2022-11-23,2.3423908,1.8923646,3.9328022,2.6807625,1.9655898,5.099999904632568
Pinrang,2022-11-25,2022-11-24,4.636753,4.9216185,8.045697,6.5368595,6.3496847,11.999999046325684
Pinrang,2022-11-26,2022-11-25,6.2677813,7.357827,8.16933,9.933001,8.841417,12.900001525878906
Pinrang,2022-11-27,2022-11-26,9.27635,5.5759573,5.991945,8.35276,7.8922677,12.80000114440918
Pinrang,2022-11-28,2022-11-27,9.029311,6.489703,6.9353356,8.664795,8.660332,4.199999809265137
Pinrang,2022-11-29,2022-11-28,4.6898994,5.4295425,5.3484936,5.644704,5.459902,18.39999961853028
Pinrang,2022-11-30,2022-11-29,9.34521,8.070385,7.233407,10.113771,9.323647,15.299999237060549
Pinrang,2022-12-01,2022-11-30,11.275507,11.083664,9.873882,10.893366,9.564677,14.20000171661377
Pinrang,2022-12-02,2022-12-01,10.83688,10.220058,7.1129537,9.07906,7.4080935,12.600001335144045
Pinrang,2022-12-03,2022-12-02,11.911175,9.088503,8.946114,9.969255,8.995533,10.700000762939451
Pinrang,2022-12-04,2022-12-03,10.358152,9.084171,8.409854,9.400394,8.019009,4.5
Pinrang,2022-12-05,2022-12-04,5.8178673,6.3794146,8.050587,6.3794847,6.520114,1.4000000953674316
Pinrang,2022-12-06,2022-12-05,3.308981,3.6707191,5.0591354,4.238662,4.2900763,9.70000171661377
Pinrang,2022-12-07,2022-12-06,8.523404,8.016899,7.447399,7.7971673,7.873096,0.3000000119209289
Pinrang,2022-12-08,2022-12-07,2.1994102,3.0848348,2.8594167,3.0549672,3.468974,1.2999999523162842
Pinrang,2022-12-09,2022-12-08,3.5080447,3.1587405,3.0483005,3.7048798,3.6963007,14.899999618530272
Pinrang,2022-12-10,2022-12-09,13.101233,10.895115,11.1775875,12.67893,12.180611,0.9000000357627869
Pinrang,2022-12-11,2022-12-10,3.5266113,3.413918,3.8339074,3.6896365,3.787425,5.800000190734863
Pinrang,2022-12-12,2022-12-11,8.602157,8.348206,7.5202127,7.8885384,8.069881,18.30000114440918
Pinrang,2022-12-13,2022-12-12,10.956268,7.6382227,8.303486,7.832609,6.027455,7.59999942779541
Pinrang,2022-12-14,2022-12-13,6.647858,5.9388657,7.172688,5.98592,3.9232445,19.000003814697266
Pinrang,2022-12-15,2022-12-14,10.324944,7.9919524,9.52619,9.496187,7.0378227,17.600000381469727
Pinrang,2022-12-16,2022-12-15,8.374014,8.405537,8.1669655,8.392616,6.155014,22.80000114440918
Pinrang,2022-12-17,2022-12-16,8.392738,9.188667,9.537888,12.126724,9.706545,7.199999809265137
Pinrang,2022-12-18,2022-12-17,4.957141,6.0991154,6.3349776,7.7481785,6.214079,19.5
Pinrang,2022-12-19,2022-12-18,7.3458414,9.448441,9.435162,10.333092,8.64058,3.299999952316284
Pinrang,2022-12-20,2022-12-19,3.7020898,4.5936403,6.0784645,4.898161,4.509099,0.699999988079071
Pinrang,2022-12-21,2022-12-20,1.8028531,4.207973,3.960838,3.0002666,3.4249506,0.0
Pinrang,2022-12-22,2022-12-21,1.9671626,3.8107471,2.9189858,2.1316793,2.155843,42.5
Pinrang,2022-12-23,2022-12-22,18.218134,15.500256,13.96916,18.11609,15.020956,110.99998474121094
Pinrang,2022-12-24,2022-12-23,26.481594,20.705326,12.552206,29.270098,22.368334,26.29999732971192
Pinrang,2022-12-25,2022-12-24,11.140741,5.2642055,8.024195,13.521723,8.628806,1.100000023841858
Pinrang,2022-12-26,2022-12-25,3.0112646,2.1316385,2.3034945,5.3986917,3.6802697,2.5
Pinrang,2022-12-27,2022-12-26,2.4627197,7.1133623,3.210898,5.968932,3.9254255,9.100001335144045
Pinrang,2022-12-28,2022-12-27,6.3499584,7.9062333,6.239131,7.1389694,7.24773,5.499999523162842
Pinrang,2022-12-29,2022-12-28,4.811054,6.060469,3.4324007,4.249298,4.2217293,8.600001335144043
Pinrang,2022-12-30,2022-12-29,5.0522738,8.209419,4.945636,5.9413633,6.541527,2.0999999046325684
Pinrang,2022-12-31,2022-12-30,2.0746002,4.6522045,1.5552878,2.4175897,2.5689094,0.2000000029802322
Pinrang,2023-01-01,2022-12-31,1.1824985,1.0787109,1.9509814,2.7079308,1.8899078,0.0
Pinrang,2023-01-02,2023-01-01,0.77616274,-0.8136022,1.4226649,1.8426877,0.7501265,0.0
Pinrang,2023-01-03,2023-01-02,0.2708454,-0.54554224,2.502757,2.612297,2.0016935,8.799999237060547
Pinrang,2023-01-04,2023-01-03,4.647665,0.23115957,6.0484333,8.384043,7.9067492,18.69999885559082
Pinrang,2023-01-05,2023-01-04,9.828369,6.3245034,6.66227,13.729063,12.173059,6.399999618530273
Pinrang,2023-01-06,2023-01-05,6.8360047,5.0207424,3.4033456,8.844929,6.826796,22.099998474121094
Pinrang,2023-01-07,2023-01-06,16.071526,7.8500876,8.355063,14.110922,12.5912895,21.299999237060547
Pinrang,2023-01-08,2023-01-07,16.962057,11.122536,8.843555,13.485712,11.50408,4.0
Pinrang,2023-01-09,2023-01-08,6.3456464,6.2145376,7.2032495,6.858387,7.010571,3.90000057220459
Pinrang,2023-01-10,2023-01-09,5.5507584,4.5396833,6.5070143,4.7033405,4.3018403,9.0
Pinrang,2023-01-11,2023-01-10,9.38296,8.217453,10.493856,8.4080105,8.340599,1.7000000476837158
Pinrang,2023-01-12,2023-01-11,3.488194,5.1114826,6.090687,5.640958,5.7779136,1.900000095367432
Pinrang,2023-01-13,2023-01-12,4.899276,3.8741517,4.7112856,5.127055,5.2106447,1.7000001668930054
Pinrang,2023-01-14,2023-01-13,2.889535,3.2088416,4.786718,4.6331816,4.928651,3.700000047683716
Pinrang,2023-01-15,2023-01-14,6.2710195,4.167972,6.4941216,6.383668,6.3595862,9.600001335144045
Pinrang,2023-01-16,2023-01-15,12.623327,9.238808,10.278385,11.179762,11.251438,0.7000000476837158
Pinrang,2023-01-17,2023-01-16,3.4801145,2.957901,3.396889,4.0917654,3.002565,1.600000023841858
Pinrang,2023-01-18,2023-01-17,4.027795,4.100598,3.5351796,4.4134216,2.7835464,21.900001525878903
Pinrang,2023-01-19,2023-01-18,11.514759,13.128832,9.312648,11.782515,6.176155,13.699999809265137
Pinrang,2023-01-20,2023-01-19,10.267103,13.249041,8.91387,9.620017,5.4621096,21.200000762939453
Pinrang,2023-01-21,2023-01-20,17.506357,9.089975,12.407597,13.918901,11.001005,6.399999618530273
Pinrang,2023-01-22,2023-01-21,8.891194,1.9453452,4.6488934,6.7899485,4.7937346,8.899999618530273
Pinrang,2023-01-23,2023-01-22,11.872009,4.844492,8.35914,8.363952,6.261473,3.0
Pinrang,2023-01-24,2023-01-23,5.177423,1.8720204,5.1407995,4.851942,5.0232725,11.100000381469728
Pinrang,2023-01-25,2023-01-24,10.530426,6.7656803,9.240601,8.51053,8.28144,55.89999771118164
Pinrang,2023-01-26,2023-01-25,19.059275,17.443632,13.694563,20.062973,15.924437,64.9000015258789
Pinrang,2023-01-27,2023-01-26,14.503105,19.67155,11.261414,20.618773,15.636847,19.5
Pinrang,2023-01-28,2023-01-27,7.328404,11.115252,10.651413,12.614759,9.966105,2.6000001430511475
Pinrang,2023-01-29,2023-01-28,3.9805837,7.9736395,2.8348265,5.0242887,4.3328123,15.200000762939451
Pinrang,2023-01-30,2023-01-29,9.744215,9.562124,10.461409,12.230709,9.340118,16.80000114440918
Pinrang,2023-01-31,2023-01-30,11.224169,10.378117,9.371214,11.287512,10.950624,8.699999809265137
Pinrang,2023-02-01,2023-01-31,4.7350216,6.3444133,6.5185003,6.6190004,6.5609026,50.30000305175781
Pinrang,2023-02-02,2023-02-01,16.028933,14.999491,15.976664,21.113348,18.428095,14.000000953674316
Pinrang,2023-02-03,2023-02-02,7.746614,14.123001,11.443853,14.218163,12.838568,8.800000190734863
Pinrang,2023-02-04,2023-02-03,8.019053,10.722288,9.182252,10.400558,9.295502,0.9000000953674316
Pinrang,2023-02-05,2023-02-04,1.5538785,5.0080976,4.65172,5.511361,4.7568746,0.1000000014901161
Pinrang,2023-02-06,2023-02-05,0.20272815,1.8714688,3.8417225,3.780643,3.7287211,2.200000047683716
Pinrang,2023-02-07,2023-02-06,2.7464702,2.9763458,3.9369402,5.3210764,5.2832065,0.0
Pinrang,2023-02-08,2023-02-07,2.202321,0.95636594,2.7557173,3.040998,3.1796546,4.0
Pinrang,2023-02-09,2023-02-08,4.2437286,4.7024784,6.10505,6.7602506,6.4475036,0.6000000238418579
Pinrang,2023-02-10,2023-02-09,4.3689785,1.7380153,1.9287411,3.7635207,2.680138,0.0
Pinrang,2023-02-11,2023-02-10,3.616959,2.192471,2.734634,4.0974946,3.3501198,10.90000057220459
Pinrang,2023-02-12,2023-02-11,8.611098,6.890323,11.184969,9.449253,10.038906,20.69999885559082
Pinrang,2023-02-13,2023-02-12,11.1898575,11.651899,13.69603,12.617136,11.930624,46.400001525878906
Pinrang,2023-02-14,2023-02-13,16.530722,12.648909,12.432955,15.94659,12.474651,1.5000001192092896
Pinrang,2023-02-15,2023-02-14,1.5140393,7.0311055,6.641533,7.7652025,6.8121657,1.899999976158142
Pinrang,2023-02-16,2023-02-15,2.0980887,7.3313975,7.334834,6.1327567,5.6766996,0.3000000119209289
Pinrang,2023-02-17,2023-02-16,2.9991424,6.1260157,6.825245,5.511709,5.0496187,4.499999523162842
Pinrang,2023-02-18,2023-02-17,6.7207236,6.5346847,8.66914,7.659635,8.18409,16.60000228881836
Pinrang,2023-02-19,2023-02-18,13.191202,13.065468,16.273544,16.15418,16.323757,2.999999761581421
Pinrang,2023-02-20,2023-02-19,5.09945,4.7861147,6.790972,6.350508,6.04097,6.900000095367432
Pinrang,2023-02-21,2023-02-20,4.988323,7.0637126,9.432755,8.8387985,8.121598,11.400002479553224
Pinrang,2023-02-22,2023-02-21,11.250332,10.595625,9.857684,10.759436,9.32143,4.59999942779541
Pinrang,2023-02-23,2023-02-22,6.555112,6.9239464,5.503418,6.239006,4.945073,1.5000001192092896
Pinrang,2023-02-24,2023-02-23,3.0939748,3.948276,2.1802921,2.9848218,2.7959852,32.500003814697266
Pinrang,2023-02-25,2023-02-24,18.788483,17.768011,18.2877,21.123508,19.446129,3.8000001907348633
Pinrang,2023-02-26,2023-02-25,6.2212977,6.772823,5.9066157,7.065156,3.4450612,6.299999713897705
Pinrang,2023-02-27,2023-02-26,8.595207,4.854348,5.1915636,7.155368,3.7128665,4.699999809265137
Pinrang,2023-02-28,2023-02-27,6.8375244,4.5721827,4.471908,5.557282,1.677034,13.699999809265137
Pinrang,2023-03-01,2023-02-28,10.437086,9.691381,6.2863917,7.822438,5.0715,10.20000171661377
Pinrang,2023-03-02,2023-03-01,8.774208,7.3565507,8.2336035,7.970187,6.5501266,15.90000057220459
Pinrang,2023-03-03,2023-03-02,9.512913,6.096287,6.291114,8.097235,6.8574266,3.8999996185302734
Pinrang,2023-03-04,2023-03-03,5.403722,2.935081,5.276963,4.6334934,4.377057,7.399999618530273
Pinrang,2023-03-05,2023-03-04,7.9298224,6.6942196,9.110165,8.1653385,7.709129,5.0
Pinrang,2023-03-06,2023-03-05,5.0244217,7.852478,5.549781,6.511945,6.559659,1.899999976158142
Pinrang,2023-03-07,2023-03-06,3.2027798,4.993795,3.7259257,3.8561802,4.018215,8.40000057220459
Pinrang,2023-03-08,2023-03-07,7.9243703,8.356697,7.9079175,8.49346,8.415634,2.5
Pinrang,2023-03-09,2023-03-08,5.359095,5.3170366,5.527794,5.6451793,5.728774,2.1000001430511475
Pinrang,2023-03-10,2023-03-09,4.213997,3.1065807,4.650895,3.0375917,1.5950232,6.699999809265137
Pinrang,2023-03-11,2023-03-10,8.883673,6.2089386,7.539404,6.6488185,5.4841514,5.800000190734863
Pinrang,2023-03-12,2023-03-11,7.879009,6.6603994,7.9785924,6.8573985,5.8215485,8.09999942779541
Pinrang,2023-03-13,2023-03-12,8.669443,7.680492,9.685778,7.6177216,7.1859546,23.200000762939453
Pinrang,2023-03-14,2023-03-13,13.392656,12.478636,11.894846,12.643158,10.168112,18.499998092651367
Pinrang,2023-03-15,2023-03-14,7.9639997,9.586711,10.578703,10.872099,8.3246,3.400000095367432
Pinrang,2023-03-16,2023-03-15,6.5548778,3.8618784,8.800804,7.4218407,5.9164743,16.600000381469727
Pinrang,2023-03-17,2023-03-16,10.7570915,8.412533,11.082302,11.536699,10.515572,18.89999961853028
Pinrang,2023-03-18,2023-03-17,9.601076,15.284157,11.669918,12.390593,12.691639,16.5
Pinrang,2023-03-19,2023-03-18,10.182684,12.296829,11.229715,10.592115,11.362156,6.999999523162842
Pinrang,2023-03-20,2023-03-19,9.496088,9.981856,10.043317,8.76619,8.853449,21.80000114440918
Pinrang,2023-03-21,2023-03-20,9.742371,11.119183,11.092739,10.450153,10.575249,1.2000000476837158
Pinrang,2023-03-22,2023-03-21,3.6528974,4.688385,7.067088,5.022217,4.5229044,0.7000000476837158
Pinrang,2023-03-23,2023-03-22,3.7252367,4.366041,5.932437,3.8038025,3.6279063,0.0
Pinrang,2023-03-24,2023-03-23,3.912126,4.172493,5.006482,3.1966038,2.926736,12.399999618530272
Pinrang,2023-03-25,2023-03-24,8.409657,9.223975,10.470129,9.619663,9.114409,28.89999961853028
Pinrang,2023-03-26,2023-03-25,11.087191,11.680391,13.174654,15.533745,14.060129,19.39999961853028
Pinrang,2023-03-27,2023-03-26,7.1041117,6.1997557,9.434019,10.262634,9.043476,12.399999618530272
Pinrang,2023-03-28,2023-03-27,5.383229,7.890028,9.2632885,9.7254,8.58338,2.799999713897705
Pinrang,2023-03-29,2023-03-28,3.5824463,4.7677426,8.243137,6.622055,6.1767683,0.5
Pinrang,2023-03-30,2023-03-29,0.46015763,4.5135775,4.680805,3.6284974,2.8689022,23.70000267028809
Pinrang,2023-03-31,2023-03-30,3.9146423,8.600787,10.601677,11.854038,10.933422,35.79999923706055
Pinrang,2023-04-01,2023-03-31,7.0395136,8.230873,11.096081,14.8608055,12.007866,10.799999237060549
Pinrang,2023-04-02,2023-04-01,0.24438953,5.8015175,7.851899,8.575218,6.906703,7.1999993324279785
Pinrang,2023-04-03,2023-04-02,1.6138313,7.1351933,7.872607,8.116761,7.50445,4.099999904632568
Pinrang,2023-04-04,2023-04-03,-0.11416459,8.017351,6.5899262,6.981525,6.2317586,7.599999904632568
Pinrang,2023-04-05,2023-04-04,1.7980342,6.84578,5.242738,6.292567,6.4598303,3.3999998569488525
Pinrang,2023-04-06,2023-04-05,1.2210305,5.157523,5.6901655,5.1708107,4.839492,7.0
Pinrang,2023-04-07,2023-04-06,3.8323612,9.080086,7.1922135,6.971678,7.1334963,11.5
Pinrang,2023-04-08,2023-04-07,2.403358,10.878271,7.2847247,7.99406,8.117767,4.299999713897705
Pinrang,2023-04-09,2023-04-08,2.9769769,6.911525,5.997122,5.8952255,5.3599706,3.59999942779541
Pinrang,2023-04-10,2023-04-09,1.4818178,4.764083,5.4027004,5.4239388,5.2896233,17.200000762939453
Pinrang,2023-04-11,2023-04-10,6.453803,8.461092,9.618234,10.543339,9.495878,0.800000011920929
Pinrang,2023-04-12,2023-04-11,0.86822736,3.2661538,4.000724,3.747282,3.6509597,0.0
Pinrang,2023-04-13,2023-04-12,1.4217056,3.4280896,4.377263,3.5399673,3.6438754,10.699999809265137
Pinrang,2023-04-14,2023-04-13,5.444241,5.211396,6.1478443,5.953913,5.4290986,2.1999998092651367
Pinrang,2023-04-15,2023-04-14,2.8553135,5.7971687,6.8135657,5.7725945,5.5069723,8.500000953674316
Pinrang,2023-04-16,2023-04-15,6.5361,10.430853,11.664318,11.119562,10.339886,9.80000114440918
Pinrang,2023-04-17,2023-04-16,7.6938133,9.147921,11.09964,8.973116,9.018124,1.3000000715255735
Pinrang,2023-04-18,2023-04-17,3.5967917,4.681924,5.864971,4.806794,5.086149,2.0
Pinrang,2023-04-19,2023-04-18,3.7951221,5.11462,6.482388,5.048334,4.958505,3.499999761581421
Pinrang,2023-04-20,2023-04-19,5.452966,5.6348963,6.8088107,6.136698,6.3736486,11.200000762939451
Pinrang,2023-04-21,2023-04-20,9.729759,9.442986,9.669209,9.999004,9.707689,5.899999618530273
Pinrang,2023-04-22,2023-04-21,6.50545,7.688798,7.530275,7.1694255,6.9585514,0.0
Pinrang,2023-04-23,2023-04-22,1.6936145,2.549278,3.3943262,2.654624,2.7450483,0.0
Pinrang,2023-04-24,2023-04-23,1.6884983,2.6975548,2.604019,2.629911,2.628047,0.800000011920929
Pinrang,2023-04-25,2023-04-24,2.3141105,3.1622121,2.9538922,2.2433789,2.218639,7.399999618530273
Pinrang,2023-04-26,2023-04-25,7.3240757,7.675225,6.276366,4.8334026,4.6969047,41.20000076293945
Pinrang,2023-04-27,2023-04-26,15.3130245,14.290455,10.821959,13.798338,10.605993,0.2000000029802322
Pinrang,2023-04-28,2023-04-27,1.9575112,6.4625177,5.7795696,3.0617406,5.281176,16.69999885559082
Pinrang,2023-04-29,2023-04-28,10.404932,10.990976,10.6335335,11.010555,9.626646,16.500001907348633
Pinrang,2023-04-30,2023-04-29,8.99523,10.585617,11.03809,10.348736,8.029268,10.199999809265137
Pinrang,2023-05-01,2023-04-30,7.633584,8.891272,6.0139103,7.030371,5.140004,36.899993896484375
Pinrang,2023-05-02,2023-05-01,15.7372265,15.986185,9.784537,14.620787,12.070927,1.7000000476837158
Pinrang,2023-05-03,2023-05-02,3.304308,5.513156,2.242396,2.4852428,0.91319835,0.5
Pinrang,2023-05-04,2023-05-03,2.406814,5.2800155,3.4808402,3.3949575,3.3667305,4.199999809265137
Pinrang,2023-05-05,2023-05-04,4.086808,5.93915,6.7543364,6.2181187,6.7358866,0.1000000014901161
Pinrang,2023-05-06,2023-05-05,0.4653095,2.3178968,2.7690866,1.9409058,1.9003098,5.0
Pinrang,2023-05-07,2023-05-06,3.3104656,5.2526402,6.3773537,5.6590004,4.308407,0.6000000238418579
Pinrang,2023-05-08,2023-05-07,1.4660958,2.5416737,3.4792662,2.7184792,2.1682007,31.39999771118164
Pinrang,2023-05-09,2023-05-08,7.971766,7.536615,9.259979,14.655552,13.405937,14.100001335144045
Pinrang,2023-05-10,2023-05-09,5.044668,5.622961,6.4666395,10.34919,8.356015,4.299999713897705
Pinrang,2023-05-11,2023-05-10,-0.8773122,4.0523615,3.7988644,5.7663565,4.7028255,3.200000047683716
Pinrang,2023-05-12,2023-05-11,-0.42464066,3.6978579,6.250216,6.8588843,6.2009954,0.0
Pinrang,2023-05-13,2023-05-12,0.37562954,3.075644,3.4956212,3.2141166,2.773878,0.0
Pinrang,2023-05-14,2023-05-13,1.0432407,2.9644268,0.8841815,2.240411,2.610927,3.299999475479126
Pinrang,2023-05-15,2023-05-14,2.4250677,3.920515,3.5557237,4.4752026,3.671043,2.5
Pinrang,2023-05-16,2023-05-15,0.89244723,2.8636847,2.6463284,3.1361156,1.5389192,6.999999523162842
Pinrang,2023-05-17,2023-05-16,6.7070956,6.870683,7.0179954,8.790958,8.543348,0.4000000059604645
Pinrang,2023-05-18,2023-05-17,1.5520453,1.9486208,2.7099628,2.9107294,2.9799633,0.3000000119209289
Pinrang,2023-05-19,2023-05-18,1.3984088,2.0831,2.2779791,2.2811484,2.3413527,0.1000000014901161
Pinrang,2023-05-20,2023-05-19,1.1632012,1.5127387,2.094516,2.3733597,2.3811383,0.2000000029802322
Pinrang,2023-05-21,2023-05-20,1.0354487,2.2215219,2.0179129,2.8480875,2.1786878,2.799999952316284
Pinrang,2023-05-22,2023-05-21,3.1948347,4.253661,2.8195906,4.2906466,3.6668143,0.5
Pinrang,2023-05-23,2023-05-22,1.4040823,1.909133,1.2985146,2.5433812,2.2718062,0.0
Pinrang,2023-05-24,2023-05-23,0.46822894,0.9661956,1.7843412,2.0986311,1.8975918,4.599999904632568
Pinrang,2023-05-25,2023-05-24,5.2232165,5.519575,5.571561,5.8507233,5.6529098,0.0
Pinrang,2023-05-26,2023-05-25,-0.2995355,1.3022783,1.4964786,0.6027161,-0.13001013,0.0
Pinrang,2023-05-27,2023-05-26,0.34118438,0.53018427,1.571179,0.7334062,0.6116514,0.6000000238418579
Pinrang,2023-05-28,2023-05-27,1.1069565,1.0455546,1.8588922,1.6741008,1.5141966,0.0
Pinrang,2023-05-29,2023-05-28,0.570685,1.7165961,0.6141739,1.4310824,1.4389719,0.4000000059604645
Pinrang,2023-05-30,2023-05-29,0.8629836,1.4170216,0.4915458,0.91582966,0.5513114,0.0
Pinrang,2023-05-31,2023-05-30,0.48572135,0.3086779,0.2821641,0.42445242,0.066880465,0.7000000476837158
Pinrang,2023-06-01,2023-05-31,1.5975338,1.2199725,1.4446281,1.4451935,1.5574422,0.0
Pinrang,2023-06-02,2023-06-01,0.8290869,0.84658444,0.5075439,0.8478688,0.63409257,1.9000002145767207
Pinrang,2023-06-03,2023-06-02,2.8138406,2.0528688,1.743108,1.797385,1.3301502,1.0
Pinrang,2023-06-04,2023-06-03,1.8457761,1.7048739,1.4995816,1.0677431,-0.034872293,15.09999942779541
Pinrang,2023-06-05,2023-06-04,7.8873096,7.185243,4.935121,5.5838976,3.207903,5.699999809265137
Pinrang,2023-06-06,2023-06-05,3.7503352,2.1954656,4.319489,3.9283662,3.3306537,0.5
Pinrang,2023-06-07,2023-06-06,1.4065012,0.81586874,0.7199868,0.46266747,0.9220228,0.0
Pinrang,2023-06-08,2023-06-07,0.8855132,0.07353544,0.20063186,-0.32709384,0.27778852,0.0
Pinrang,2023-06-09,2023-06-08,0.6618892,0.8920357,0.4813708,0.6156361,0.7460761,1.900000095367432
Pinrang,2023-06-10,2023-06-09,-0.91857815,1.77922,2.1055498,1.5434515,1.4610548,3.5999996662139893
Pinrang,2023-06-11,2023-06-10,-0.1810646,2.4268715,0.9458182,1.7453607,1.0827711,0.0
Pinrang,2023-06-12,2023-06-11,-0.24221253,0.41727686,0.6858741,0.31667113,0.16603708,2.400000095367432
Pinrang,2023-06-13,2023-06-12,1.2305899,1.7365026,2.5574923,2.451747,2.6934683,0.7000000476837158
Pinrang,2023-06-14,2023-06-13,1.171337,0.482306,0.69643617,0.91722214,0.8535141,1.600000023841858
Pinrang,2023-06-15,2023-06-14,0.8819463,1.5937338,1.1986518,1.5559583,1.4511338,6.800000190734863
Pinrang,2023-06-16,2023-06-15,1.5419495,4.8070116,0.533095,2.5015378,1.4348872,0.3000000119209289
Pinrang,2023-06-17,2023-06-16,-0.5406406,0.7762817,-0.2043283,0.5357759,0.06395674,0.8000000715255737
Pinrang,2023-06-18,2023-06-17,0.8583245,0.107002735,0.65573514,1.0888315,0.18217516,7.900000095367432
Pinrang,2023-06-19,2023-06-18,1.7630817,4.0483522,0.7116412,2.708903,0.6285893,7.099999904632568
Pinrang,2023-06-20,2023-06-19,3.7168927,5.3827944,3.8091817,4.2727013,3.6425633,2.0
Pinrang,2023-06-21,2023-06-20,1.6982889,1.964561,2.8277533,2.4565034,2.0915802,0.0
Pinrang,2023-06-22,2023-06-21,0.05729294,-0.31444526,0.71129346,0.71527004,0.31946898,0.3000000119209289
Pinrang,2023-06-23,2023-06-22,0.3536775,0.5027536,0.5164001,0.77418756,0.72936845,2.0999999046325684
Pinrang,2023-06-24,2023-06-23,-0.63713217,2.0112429,2.2200768,2.5129535,2.4732373,12.699999809265137
Pinrang,2023-06-25,2023-06-24,2.2889779,3.9677496,2.9559147,5.4350815,4.087485,0.0
Pinrang,2023-06-26,2023-06-25,-0.2904017,1.2274573,-0.0682559,0.8314415,0.5816498,4.899999618530273
Pinrang,2023-06-27,2023-06-26,3.5173407,2.7273138,2.3076274,3.7278173,3.0907772,10.900002479553224
Pinrang,2023-06-28,2023-06-27,4.3908377,4.276663,2.5172725,4.5199623,2.723159,3.5999999046325684
Pinrang,2023-06-29,2023-06-28,2.4336052,2.9396935,1.107094,1.8703638,0.76437044,4.199999809265137
Pinrang,2023-06-30,2023-06-29,2.8315835,2.9595685,2.1671433,2.2191887,1.2794888,10.799999237060549
Pinrang,2023-07-01,2023-06-30,4.296913,2.817072,2.0393217,3.6970916,3.063355,11.199999809265137
Pinrang,2023-07-02,2023-07-01,4.598945,4.5086765,4.452917,5.342518,5.038287,8.799999237060547
Pinrang,2023-07-03,2023-07-02,3.7585483,3.863347,4.444955,5.9168367,5.8565593,51.69999313354492
Pinrang,2023-07-04,2023-07-03,14.143103,6.706344,5.223192,13.030859,9.427311,5.099999904632568
Pinrang,2023-07-05,2023-07-04,2.3519466,3.0014052,2.340022,3.5982566,4.1454263,15.300000190734863
Pinrang,2023-07-06,2023-07-05,6.585209,4.9042234,5.89054,7.759167,5.581058,0.4000000059604645
Pinrang,2023-07-07,2023-07-06,0.43900156,0.19780755,2.1446114,2.6234534,2.4476156,2.400000095367432
Pinrang,2023-07-08,2023-07-07,2.1048179,2.4245484,1.9971061,2.8246393,2.770454,1.2000000476837158
Pinrang,2023-07-09,2023-07-08,0.4115281,1.3355225,0.98491764,2.1791966,1.9051211,0.0
Pinrang,2023-07-10,2023-07-09,-0.5149536,0.15675926,-0.26929998,0.34893596,0.40012765,0.0
Pinrang,2023-07-11,2023-07-10,0.07015371,-0.2987728,-0.18727398,0.0766108,0.36266685,0.0
Pinrang,2023-07-12,2023-07-11,0.064105034,-0.10266447,0.43723166,0.7957468,0.091484785,20.999998092651367
Pinrang,2023-07-13,2023-07-12,7.591614,3.627503,4.7541122,10.097017,8.2745905,8.200000762939453
Pinrang,2023-07-14,2023-07-13,4.563571,0.7816647,3.967639,6.3909907,5.010581,0.7000000476837158
Pinrang,2023-07-15,2023-07-14,0.77275693,0.94631517,2.6843877,4.353876,2.946628,0.0
Pinrang,2023-07-16,2023-07-15,0.06984949,2.061599,0.34938085,2.4194856,1.4586784,2.1999998092651367
Pinrang,2023-07-17,2023-07-16,1.5345374,3.246185,2.3311822,3.2678478,3.1197667,0.0
Pinrang,2023-07-18,2023-07-17,0.0691669,1.24059,0.6643542,1.615206,1.3926294,0.1000000014901161
Pinrang,2023-07-19,2023-07-18,0.17030048,0.96281815,0.6722057,1.5706248,1.2024738,0.0
Pinrang,2023-07-20,2023-07-19,0.06423092,-0.15562963,0.38991475,0.95165956,0.9086802,1.399999976158142
Pinrang,2023-07-21,2023-07-20,1.4622362,1.2113746,1.500709,2.6788201,2.386965,2.299999713897705
Pinrang,2023-07-22,2023-07-21,2.3644712,1.2766304,1.3159214,2.081459,2.2232575,0.1000000014901161
Pinrang,2023-07-23,2023-07-22,0.16538191,-0.1611228,-0.015464544,0.66405857,0.29853058,0.1000000014901161
Pinrang,2023-07-24,2023-07-23,0.1543808,0.34256232,-0.008038759,0.73312736,0.6933681,0.0
Pinrang,2023-07-25,2023-07-24,0.053318024,0.5871724,0.15515375,1.0616317,1.195044,0.0
Pinrang,2023-07-26,2023-07-25,0.056022406,0.26462173,0.08855271,0.5183865,0.5597923,1.0
Pinrang,2023-07-27,2023-07-26,1.0578126,1.7067001,1.137903,1.7020588,2.0621402,0.9000000357627869
Pinrang,2023-07-28,2023-07-27,0.9598173,1.284242,0.246907,0.7738092,0.34677696,0.0
Pinrang,2023-07-29,2023-07-28,0.059440136,1.3304071,0.21836591,0.89365864,0.45756745,0.0
Pinrang,2023-07-30,2023-07-29,0.06565976,1.2183704,0.3222232,0.46543336,-0.042907715,0.0
Pinrang,2023-07-31,2023-07-30,0.06295371,0.8855498,0.35366023,0.47234356,0.011297941,0.4000000059604645
Pinrang,2023-08-01,2023-07-31,0.45978177,0.3767221,0.78870237,0.38984442,0.13627577,0.0
Pinrang,2023-08-02,2023-08-01,0.056734324,0.41669643,0.5230464,0.15410113,-0.005209446,0.0
Pinrang,2023-08-03,2023-08-02,0.058200598,-0.16707969,0.090970516,0.09407139,0.07158208,0.0
Pinrang,2023-08-04,2023-08-03,0.05836916,-0.53448987,0.0523057,0.113297224,0.07221508,0.7000000476837158
Pinrang,2023-08-05,2023-08-04,0.7523129,0.59390116,0.5576105,0.73532224,0.6342573,0.0
Pinrang,2023-08-06,2023-08-05,0.05146742,-0.009292126,-0.08046198,0.06411958,-0.012745619,0.0
Pinrang,2023-08-07,2023-08-06,0.055505037,0.09868908,0.020747662,0.036442757,-0.015695095,0.0
Pinrang,2023-08-08,2023-08-07,0.056012392,0.2992419,0.013192654,-0.023718357,-0.025228977,0.0
Pinrang,2023-08-09,2023-08-08,0.029634714,-0.049915552,0.08099556,0.069942474,0.021744728,0.6000000238418579
Pinrang,2023-08-10,2023-08-09,0.63073564,0.2377609,0.7131034,0.57215035,0.587968,0.9000000357627869
Pinrang,2023-08-11,2023-08-10,0.94052446,0.41701698,0.88046134,0.7623092,0.84486675,0.0
Pinrang,2023-08-12,2023-08-11,0.048231363,-0.42710638,0.10272288,0.032290697,0.042241096,0.0
Pinrang,2023-08-13,2023-08-12,0.05355048,0.01517272,0.04719925,0.008598566,0.016213655,0.4000000059604645
Pinrang,2023-08-14,2023-08-13,0.4540609,0.2468406,0.42917776,0.38389182,0.41885173,0.3000000119209289
Pinrang,2023-08-15,2023-08-14,0.35725057,0.2297548,0.30144942,0.21297014,0.3020097,1.2000000476837158
Pinrang,2023-08-16,2023-08-15,1.2607934,0.68184817,1.110848,0.878085,1.124553,0.3000000119209289
Pinrang,2023-08-17,2023-08-16,0.35205615,0.40865815,0.3517946,0.2911626,0.32377994,0.1000000014901161
Pinrang,2023-08-18,2023-08-17,0.14854169,-0.040539265,0.1407404,0.06228447,0.13762283,1.2000000476837158
Pinrang,2023-08-19,2023-08-18,1.2563856,0.54160416,1.1953427,1.1230797,1.2082448,0.0
Pinrang,2023-08-20,2023-08-19,0.054267168,-0.1432488,0.061524868,-0.024026632,0.022346258,0.0
Pinrang,2023-08-21,2023-08-20,0.037088156,0.006621361,0.09357524,-0.045134306,-0.012647629,0.0
Pinrang,2023-08-22,2023-08-21,0.038489103,-0.123328924,0.09946132,-0.073177576,-0.016187668,0.0
Pinrang,2023-08-23,2023-08-22,0.035999537,0.09879565,0.06366062,-0.04750228,-0.006453514,0.0
Pinrang,2023-08-24,2023-08-23,0.057653427,-0.14394999,0.000698328,-0.015465498,0.028531075,0.3000000119209289
Pinrang,2023-08-25,2023-08-24,0.3533337,0.60239995,0.25596476,0.24522376,0.32063055,0.0
Pinrang,2023-08-26,2023-08-25,0.051698923,0.25222993,-0.0081038475,-0.02421546,0.0020804405,0.0
Pinrang,2023-08-27,2023-08-26,-1.037267,0.08015752,0.046755314,-0.068202734,-0.023569584,0.0
Pinrang,2023-08-28,2023-08-27,-2.3252454,0.1625824,0.021608591,-0.0600605,-0.031090975,0.0
Pinrang,2023-08-29,2023-08-28,0.038223743,0.13366556,0.043319464,-0.06453347,-0.023944378,0.0
Pinrang,2023-08-30,2023-08-29,0.03585863,0.17416477,0.048075676,-0.10700774,-0.044626474,0.0
Pinrang,2023-08-31,2023-08-30,0.020432949,0.21252084,0.08761644,-0.08752346,-0.031500816,0.0
Pinrang,2023-09-01,2023-08-31,0.027849913,0.1597054,0.07446575,-0.095291376,-0.050197124,0.0
Pinrang,2023-09-02,2023-09-01,0.0050270557,0.13945842,0.06294012,-0.096577644,-0.04460478,0.0
Pinrang,2023-09-03,2023-09-02,0.0043621063,0.092690706,0.02564454,-0.12272096,-0.04785514,0.0
Pinrang,2023-09-04,2023-09-03,-0.010778427,0.015309811,0.016869307,-0.13159728,-0.04785824,0.699999988079071
Pinrang,2023-09-05,2023-09-04,0.7084193,0.6127722,0.6638149,0.5911472,0.6763418,0.2000000029802322
Pinrang,2023-09-06,2023-09-05,0.19400811,0.15288377,0.12554073,0.055809736,0.18084073,0.0
Pinrang,2023-09-07,2023-09-06,-0.010941505,-0.027672768,-0.013344049,-0.087739944,-0.037606955,0.0
Pinrang,2023-09-08,2023-09-07,-0.009195089,0.04406452,-0.00809741,-0.091982126,-0.015829563,0.5
Pinrang,2023-09-09,2023-09-08,0.51442575,0.4798187,0.4042368,0.3721782,0.49432826,0.0
Pinrang,2023-09-10,2023-09-09,0.009718418,0.008510351,0.011679411,-0.091454744,0.024673939,0.1000000014901161
Pinrang,2023-09-11,2023-09-10,0.107568264,0.13954115,0.1608944,0.082229376,0.15255618,0.6000000238418579
Pinrang,2023-09-12,2023-09-11,0.60271275,0.5854403,0.66380084,0.50947833,0.62118447,0.0
Pinrang,2023-09-13,2023-09-12,0.01178813,-0.0759244,0.13473964,0.08461332,0.016863585,0.0
Pinrang,2023-09-14,2023-09-13,0.0012946129,-0.06419778,0.16524959,-0.014814615,0.019382715,0.0
Pinrang,2023-09-15,2023-09-14,-0.003772974,-0.05124259,0.12942219,-0.08139348,0.0317626,0.0
Pinrang,2023-09-16,2023-09-15,-0.012079239,0.005853176,0.104315996,-0.062187195,0.015892506,0.2000000029802322
Pinrang,2023-09-17,2023-09-16,0.21103883,0.16788101,0.27145243,0.16327715,0.22529995,0.0
Pinrang,2023-09-18,2023-09-17,0.0062088966,-0.016394854,-0.0035283566,-0.09633613,0.012718439,0.1000000014901161
Pinrang,2023-09-19,2023-09-18,0.107589245,0.117999315,0.20542419,0.023973465,0.21553242,1.4000000953674316
Pinrang,2023-09-20,2023-09-19,1.402053,0.9769089,1.3346881,1.0962609,1.4369688,0.8000000715255737
Pinrang,2023-09-21,2023-09-20,0.8245497,0.7146535,0.8084328,0.7291063,0.86088634,0.0
Pinrang,2023-09-22,2023-09-21,0.021244764,0.028495312,0.11320281,-0.00019311905,0.12371826,0.7000000476837158
Pinrang,2023-09-23,2023-09-22,0.72771657,0.65344775,0.66789865,0.6501107,0.7335501,0.0
Pinrang,2023-09-24,2023-09-23,0.020888329,0.02788186,-0.03192854,0.02962017,0.10993981,0.0
Pinrang,2023-09-25,2023-09-24,0.03651285,0.067307234,-0.09295869,0.022940397,0.11133528,0.0
Pinrang,2023-09-26,2023-09-25,0.03385353,-0.017100811,0.029365301,-0.11286211,0.012771368,0.0
Pinrang,2023-09-27,2023-09-26,0.033894062,-0.008166075,0.05692005,-0.11960125,-0.010249138,0.0
Pinrang,2023-09-28,2023-09-27,-0.0029952526,-0.022895575,0.08871794,-0.11587548,0.0090556145,0.0
Pinrang,2023-09-29,2023-09-28,0.019257307,-0.026481152,0.065687895,-0.09857106,0.015955448,0.0
Pinrang,2023-09-30,2023-09-29,0.030868769,-0.016013384,-0.15352464,-0.16411304,0.01979351,0.0
Pinrang,2023-10-01,2023-09-30,0.044684887,-0.0016658306,-0.5217767,-0.3396089,-0.08106351,0.2000000029802322
Pinrang,2023-10-02,2023-10-01,0.22017395,0.2384299,-0.040500164,-0.20821857,0.23511791,0.0
Pinrang,2023-10-03,2023-10-02,-1.7865484,0.117848635,-0.0062959194,-0.09773135,0.16056132,6.899999618530273
Pinrang,2023-10-04,2023-10-03,-1.3985915,2.967269,1.6299117,1.5141876,2.1549382,0.1000000014901161
Pinrang,2023-10-05,2023-10-04,-0.7267089,0.33438563,-0.37618637,-0.48335242,-0.28709245,0.2000000029802322
Pinrang,2023-10-06,2023-10-05,0.24922574,0.4764285,0.19843483,0.18266106,-0.03837037,0.0
Pinrang,2023-10-07,2023-10-06,0.056325197,0.21672869,0.1882031,0.40794683,0.45632517,0.0
Pinrang,2023-10-08,2023-10-07,0.057418585,0.08589649,0.27270973,0.12366176,0.19600987,0.0
Pinrang,2023-10-09,2023-10-08,0.054922342,0.061801434,0.31990862,0.18927002,0.26695406,0.0
Pinrang,2023-10-10,2023-10-09,0.027655363,0.05142975,0.3369764,0.054590702,0.20664954,0.0
Pinrang,2023-10-11,2023-10-10,0.04363656,0.08950186,0.20318627,0.010484934,0.23170447,0.0
Pinrang,2023-10-12,2023-10-11,0.044956923,-0.034466505,0.26221538,0.046670914,0.21791148,0.0
Pinrang,2023-10-13,2023-10-12,0.051120043,-0.013442516,0.35255444,0.028425694,0.27564585,0.2000000029802322
Pinrang,2023-10-14,2023-10-13,0.24151015,0.1174438,0.110197544,-0.18853498,0.49569404,0.0
Pinrang,2023-10-15,2023-10-14,0.059461355,0.20509481,0.011777401,-0.18717694,0.23593152,0.0
Pinrang,2023-10-16,2023-10-15,0.066287756,0.21105897,0.31665003,-0.11809254,0.1742177,0.2000000029802322
Pinrang,2023-10-17,2023-10-16,0.2688496,0.3875034,0.47312033,0.14685059,0.36667478,9.800000190734863
Pinrang,2023-10-18,2023-10-17,6.089732,5.3786874,2.394543,2.7956414,3.3075995,4.899999618530273
Pinrang,2023-10-19,2023-10-18,3.8124928,2.7178607,2.3323603,1.6997825,1.3570923,0.6000000238418579
Pinrang,2023-10-20,2023-10-19,0.6997541,0.8325881,1.0762869,1.6868325,1.8144989,0.0
Pinrang,2023-10-21,2023-10-20,0.097285986,0.31987774,0.6714026,1.0041641,1.2002352,0.2000000029802322
Pinrang,2023-10-22,2023-10-21,0.2977544,0.62882257,0.6932061,0.75598884,0.9599179,4.600000381469727
Pinrang,2023-10-23,2023-10-22,3.3249316,3.0529552,3.8532634,4.1013737,4.45694,4.399999618530273
Pinrang,2023-10-24,2023-10-23,1.0844232,2.1507053,-0.19888139,1.7342302,2.006815,0.5
Pinrang,2023-10-25,2023-10-24,-0.24351573,0.7778462,-0.4758289,0.66599727,1.1840044,0.0
Pinrang,2023-10-26,2023-10-25,0.09886837,0.3553443,-0.9375808,0.12308025,0.26379788,0.0
Pinrang,2023-10-27,2023-10-26,0.09978151,0.746395,0.14670706,0.24704397,-0.028492212,0.0
Pinrang,2023-10-28,2023-10-27,0.09884834,0.43734848,0.2574793,-0.13314342,-0.33205986,0.0
Pinrang,2023-10-29,2023-10-28,0.09646392,0.459684,0.34347546,0.072291136,-0.5656643,0.0
Pinrang,2023-10-30,2023-10-29,0.09561801,0.2170304,0.42493105,-0.029016495,-0.60875225,0.4000000059604645
Pinrang,2023-10-31,2023-10-30,0.49867725,0.6022656,0.73981524,0.22892845,0.3360585,0.7000000476837158
Pinrang,2023-11-01,2023-10-31,0.79826033,1.0037689,1.0190818,0.6003034,0.5769757,3.5
Pinrang,2023-11-02,2023-11-01,3.5991395,2.3543463,2.9697337,2.4635103,2.6817188,6.299999713897705
Pinrang,2023-11-03,2023-11-02,2.307088,2.2781537,3.3814917,3.3312063,3.7508225,8.0
Pinrang,2023-11-04,2023-11-03,3.6028595,2.5694144,3.168998,3.7628517,4.4029436,11.700000762939451
Pinrang,2023-11-05,2023-11-04,2.1695037,4.2311974,1.2255018,4.255684,3.4612756,1.4000000953674316
Pinrang,2023-11-06,2023-11-05,-0.20880556,2.6612427,1.8056645,2.6984196,2.4777005,0.0
Pinrang,2023-11-07,2023-11-06,0.07573867,2.2004418,0.8917835,1.8808838,2.1190882,4.699999809265137
Pinrang,2023-11-08,2023-11-07,1.3508557,4.3002815,3.9174232,5.36474,5.4137278,0.1000000014901161
Pinrang,2023-11-09,2023-11-08,0.1913867,1.3286291,0.5703372,1.2984015,1.744726,1.8000000715255735
Pinrang,2023-11-10,2023-11-09,1.8883924,2.8428776,1.0592296,2.6751933,2.5487795,3.0999999046325684
Pinrang,2023-11-11,2023-11-10,3.1901693,3.3247414,0.6375028,3.1735568,2.3120813,0.3000000119209289
Pinrang,2023-11-12,2023-11-11,0.3877436,1.2133238,0.01412797,1.2932038,0.88675404,0.7000000476837158
Pinrang,2023-11-13,2023-11-12,0.785457,1.4909687,-0.26577854,0.7743287,-0.25642157,0.0
Pinrang,2023-11-14,2023-11-13,0.08122063,0.81381464,0.13224912,0.7262795,0.37804425,0.4000000059604645
Pinrang,2023-11-15,2023-11-14,0.48161733,1.2241113,0.1577959,1.2356231,0.5953349,4.599999904632568
Pinrang,2023-11-16,2023-11-15,3.7719848,3.5509324,-0.2844875,1.38814,-0.37809443,6.199999809265137
Pinrang,2023-11-17,2023-11-16,3.6467333,3.7867131,0.08767271,1.6620307,-0.36414242,15.400001525878906
Pinrang,2023-11-18,2023-11-17,6.3626018,5.3962736,2.502098,4.914323,2.4325686,5.799999713897705
Pinrang,2023-11-19,2023-11-18,3.2661915,4.533663,4.8552265,4.5391083,3.6667852,15.0
Pinrang,2023-11-20,2023-11-19,6.807543,6.4114575,5.2747283,6.8291597,5.0866437,1.5000001192092896
Pinrang,2023-11-21,2023-11-20,1.5781043,4.1720047,3.456739,3.912089,3.5572186,0.5
Pinrang,2023-11-22,2023-11-21,0.5748483,3.5097399,2.0384796,2.6946082,2.8834584,3.3999998569488525
Pinrang,2023-11-23,2023-11-22,4.542691,5.570387,3.901728,5.1488075,4.907931,15.300000190734863
Pinrang,2023-11-24,2023-11-23,12.746925,8.9311905,4.89268,8.046677,5.9032974,10.600000381469728
Pinrang,2023-11-25,2023-11-24,9.600775,7.3143187,2.8886166,5.692808,4.7393208,42.60000228881836
Pinrang,2023-11-26,2023-11-25,18.041216,7.7156086,4.455516,10.513163,8.071354,22.00000190734864
Pinrang,2023-11-27,2023-11-26,9.637121,4.5863647,3.487716,7.4965982,5.1603723,27.50000190734864
Pinrang,2023-11-28,2023-11-27,13.225092,7.313387,3.7326252,8.577992,5.787111,25.39999961853028
Pinrang,2023-11-29,2023-11-28,10.029533,5.703005,3.9732294,7.2055206,4.9543247,3.6000001430511475
Pinrang,2023-11-30,2023-11-29,2.4442515,5.75124,3.7480793,5.397588,4.3059187,10.200000762939451
Pinrang,2023-12-01,2023-11-30,4.587186,8.834881,6.548365,8.87808,7.293605,9.400001525878906
Pinrang,2023-12-02,2023-12-01,5.4806166,8.777496,6.7121854,8.814284,7.496256,3.0
Pinrang,2023-12-03,2023-12-02,5.4822216,4.931546,3.692115,4.597275,4.4467344,16.30000114440918
Pinrang,2023-12-04,2023-12-03,10.4467945,9.677147,6.502968,11.037973,9.593611,7.5
Pinrang,2023-12-05,2023-12-04,5.9223747,7.724049,4.558298,7.8641624,7.6615295,7.800000190734863
Pinrang,2023-12-06,2023-12-05,5.198237,5.877017,6.065692,8.193782,8.400789,20.50000190734864
Pinrang,2023-12-07,2023-12-06,8.644951,7.132735,6.794877,11.024448,9.032597,14.900001525878906
Pinrang,2023-12-08,2023-12-07,7.9390097,6.8351793,4.698284,9.47167,9.029987,3.200000047683716
Pinrang,2023-12-09,2023-12-08,2.951936,5.717987,5.5257196,7.5367584,6.7867637,13.199999809265137
Pinrang,2023-12-10,2023-12-09,5.2863827,5.881757,4.987014,9.495123,8.445542,19.20000267028809
Pinrang,2023-12-11,2023-12-10,8.851089,10.35054,7.883796,11.746735,9.945626,1.100000023841858
Pinrang,2023-12-12,2023-12-11,3.341708,4.576554,4.5563264,5.374667,4.8160944,3.200000047683716
Pinrang,2023-12-13,2023-12-12,5.376247,6.08339,6.224016,7.1809754,6.75025,12.200000762939451
Pinrang,2023-12-14,2023-12-13,7.6185985,7.230583,8.100517,8.371639,7.6360326,4.300000190734863
Pinrang,2023-12-15,2023-12-14,5.4549294,6.0144167,8.175814,7.030141,7.048431,1.2999999523162842
Pinrang,2023-12-16,2023-12-15,3.3851342,4.153979,5.352461,5.0104837,5.388082,1.600000023841858
Pinrang,2023-12-17,2023-12-16,2.130923,4.193026,5.176874,5.1075068,5.352791,31.99999618530273
Pinrang,2023-12-18,2023-12-17,10.848742,11.306818,12.370708,15.051241,13.3421955,11.600000381469728
Pinrang,2023-12-19,2023-12-18,8.766134,10.628571,11.399958,11.878868,11.302986,0.4000000059604645
Pinrang,2023-12-20,2023-12-19,2.344828,5.3627853,4.7698193,4.5205727,3.7995238,0.1000000014901161
Pinrang,2023-12-21,2023-12-20,2.2588985,5.867195,4.841425,4.4640255,4.482439,0.0
Pinrang,2023-12-22,2023-12-21,3.7543974,3.174653,2.4965737,2.4268985,2.3878107,0.0
Pinrang,2023-12-23,2023-12-22,2.9275753,1.9242941,2.0368276,1.6255724,1.0315301,0.0
Pinrang,2023-12-24,2023-12-23,3.2898927,2.4333737,3.048659,2.0134377,1.2073886,1.100000023841858
Pinrang,2023-12-25,2023-12-24,4.331438,3.5399945,4.354554,3.2164536,2.3965635,10.900002479553224
Pinrang,2023-12-26,2023-12-25,11.204416,8.167513,8.664879,7.3147717,6.0324,7.400000095367432
Pinrang,2023-12-27,2023-12-26,8.693284,6.3342967,7.0668674,6.2214966,5.2470613,0.2000000029802322
Pinrang,2023-12-28,2023-12-27,3.5022063,1.7992437,1.9391918,1.4477389,1.3485212,0.1000000014901161
Pinrang,2023-12-29,2023-12-28,3.2562447,1.939524,2.9469318,2.0164096,2.0143588,2.200000047683716
Pinrang,2023-12-30,2023-12-29,5.3838887,4.323901,5.427021,4.9101486,4.859932,6.299999713897705
Pinrang,2023-12-31,2023-12-30,8.6538105,6.509831,8.649809,7.075484,6.439935,4.199999809265137
Pinrang,2024-01-01,2023-12-31,6.3419223,5.7556458,7.0071816,5.990036,5.382249,15.199999809265137
Pinrang,2024-01-02,2024-01-01,13.554207,7.5246725,10.249374,10.087718,8.5204735,7.699999809265137
Pinrang,2024-01-03,2024-01-02,9.402191,8.737424,11.156345,9.493437,9.09338,1.6000001430511477
Pinrang,2024-01-04,2024-01-03,4.0847893,4.465909,6.69692,5.078582,4.6146436,8.900001525878906
Pinrang,2024-01-05,2024-01-04,8.994326,6.452222,8.124077,6.3332443,5.3447514,27.80000114440918
Pinrang,2024-01-06,2024-01-05,14.376297,13.282003,12.704987,12.817949,9.500313,16.5
Pinrang,2024-01-07,2024-01-06,10.214125,10.80131,9.750982,9.829046,9.792922,7.599999904632568
Pinrang,2024-01-08,2024-01-07,6.4754176,6.945381,7.9988446,7.9465055,8.263472,20.200000762939453
Pinrang,2024-01-09,2024-01-08,8.275587,9.445721,10.895407,11.485058,10.44121,10.899998664855955
Pinrang,2024-01-10,2024-01-09,9.201607,10.090973,8.881374,9.885591,9.662907,1.600000023841858
Pinrang,2024-01-11,2024-01-10,3.2947853,4.3026295,6.069461,4.3817005,4.8161106,13.000000953674316
Pinrang,2024-01-12,2024-01-11,6.71721,5.0850825,10.424988,9.208311,8.40083,7.1999993324279785
Pinrang,2024-01-13,2024-01-12,7.655444,6.964402,9.215594,7.077788,6.8621554,16.0
Pinrang,2024-01-14,2024-01-13,11.766392,9.217447,9.77844,9.732222,9.0311985,0.7000000476837158
Pinrang,2024-01-15,2024-01-14,2.3811836,3.6367364,4.941782,4.02044,3.720816,13.399999618530272
Pinrang,2024-01-16,2024-01-15,8.984968,9.00701,13.290577,12.608936,12.242115,16.100000381469727
Pinrang,2024-01-17,2024-01-16,11.275637,9.791753,10.7235985,11.747305,11.348892,1.600000023841858
Pinrang,2024-01-18,2024-01-17,3.7205539,4.7586937,5.773994,5.7752647,5.2979736,6.499999523162842
Pinrang,2024-01-19,2024-01-18,7.4488497,7.5012536,7.952815,7.5340385,7.517453,0.800000011920929
Pinrang,2024-01-20,2024-01-19,2.6079736,3.484396,4.94313,4.6713,4.078725,0.8000000715255737
Pinrang,2024-01-21,2024-01-20,2.3048606,3.5083585,2.8678129,3.0002596,2.2526977,0.0
Pinrang,2024-01-22,2024-01-21,1.741475,3.0480995,1.7235005,2.2436671,1.3542091,0.0
Pinrang,2024-01-23,2024-01-22,1.7842479,1.3267505,1.9179358,2.1872706,1.7360029,0.1000000014901161
Pinrang,2024-01-24,2024-01-23,2.3194175,1.0698326,1.6313063,1.747745,1.0613867,0.3000000119209289
Pinrang,2024-01-25,2024-01-24,2.1705108,0.663054,1.2505507,1.2747514,0.22302055,0.0
Pinrang,2024-01-26,2024-01-25,1.2965012,1.2377017,2.1672397,2.049995,2.0800385,0.800000011920929
Pinrang,2024-01-27,2024-01-26,1.3427918,2.20927,3.620836,3.2614126,3.263413,2.5999999046325684
Pinrang,2024-01-28,2024-01-27,2.2814634,3.4830956,5.1901464,4.708491,4.1324377,1.8000000715255735
Pinrang,2024-01-29,2024-01-28,2.7297544,2.4810514,3.580697,3.6632993,3.5329552,0.3000000119209289
Pinrang,2024-01-30,2024-01-29,1.914979,1.4168057,2.7534952,2.179663,1.9509276,0.699999988079071
Pinrang,2024-01-31,2024-01-30,1.2553401,1.5561821,3.2746525,2.5389988,2.2355342,4.59999942779541
Pinrang,2024-02-01,2024-01-31,4.5840316,5.361049,5.6923513,5.743065,4.6713543,6.699999809265137
Pinrang,2024-02-02,2024-02-01,5.617145,6.3548665,4.4843855,4.8223395,3.1477933,3.200000047683716
Pinrang,2024-02-03,2024-02-02,4.116938,4.273316,4.356271,3.8629842,2.7057943,0.800000011920929
Pinrang,2024-02-04,2024-02-03,3.0500255,1.8661687,3.4794984,2.67001,2.2115676,10.70000171661377
Pinrang,2024-02-05,2024-02-04,10.189266,6.780356,8.766533,7.9717107,6.4534116,13.900001525878906
Pinrang,2024-02-06,2024-02-05,10.314827,7.60207,8.031462,8.389682,6.754222,4.600000381469727
Pinrang,2024-02-07,2024-02-06,4.7458296,4.8629627,6.14565,6.1937475,4.4451704,35.399993896484375
Pinrang,2024-02-08,2024-02-07,13.851978,11.316853,7.7858253,11.147774,7.990722,9.59999942779541
Pinrang,2024-02-09,2024-02-08,7.8731365,8.028656,8.315128,7.6020594,5.4230356,3.5999999046325684
Pinrang,2024-02-10,2024-02-09,3.9120936,6.2837048,5.797989,5.3424273,3.777061,3.0
Pinrang,2024-02-11,2024-02-10,4.4837575,5.3008776,6.147148,5.180683,3.6291037,7.499999523162842
Pinrang,2024-02-12,2024-02-11,6.7941504,7.265443,5.2090225,6.688429,4.335287,0.6000000238418579
Pinrang,2024-02-13,2024-02-12,2.652794,2.869194,3.0677168,2.6090217,1.873313,1.2999999523162842
Pinrang,2024-02-14,2024-02-13,3.0648808,3.521596,3.7970824,3.0908406,3.169117,5.900000095367432
Pinrang,2024-02-15,2024-02-14,4.6831717,5.989133,6.219647,6.474336,5.609151,5.900000095367432
Pinrang,2024-02-16,2024-02-15,6.761206,6.240684,6.195361,6.954671,6.859078,3.400000095367432
Pinrang,2024-02-17,2024-02-16,4.407132,4.5208664,4.8809185,5.40891,4.871606,8.5
Pinrang,2024-02-18,2024-02-17,8.159531,6.0733376,6.743264,7.8807187,6.870122,0.0
Pinrang,2024-02-19,2024-02-18,2.8515139,2.3885887,3.1223826,2.6955755,2.600571,0.0
Pinrang,2024-02-20,2024-02-19,3.0697217,2.5323477,1.9656626,2.279339,1.9868678,0.0
Pinrang,2024-02-21,2024-02-20,3.5042017,2.540741,2.4954631,2.7257543,2.3955004,0.4000000059604645
Pinrang,2024-02-22,2024-02-21,3.6816273,2.2073905,2.6304553,2.6763184,2.3866112,9.800000190734863
Pinrang,2024-02-23,2024-02-22,8.218933,9.406078,8.562342,9.245799,9.258826,8.5
Pinrang,2024-02-24,2024-02-23,5.7498083,7.3116274,6.7098765,6.0078316,4.50118,5.299999713897705
Pinrang,2024-02-25,2024-02-24,4.498555,5.2364783,6.1498976,4.8205442,3.507805,15.90000343322754
Pinrang,2024-02-26,2024-02-25,6.9373536,7.5767765,7.4457197,7.2519016,4.9199705,37.09999465942383
Pinrang,2024-02-27,2024-02-26,9.571199,9.481104,10.077707,12.740231,7.5159636,0.5
Pinrang,2024-02-28,2024-02-27,0.7917502,2.8190508,4.1488323,1.8839992,2.6718938,1.5
Pinrang,2024-02-29,2024-02-28,0.3240559,4.704226,4.9960938,4.3466735,4.4086046,12.399999618530272
Pinrang,2024-03-01,2024-02-29,2.606097,6.4378977,10.046278,9.458508,8.083342,20.89999961853028
Pinrang,2024-03-02,2024-03-01,7.49257,10.504511,12.734316,14.043509,12.085016,23.39999961853028
Pinrang,2024-03-03,2024-03-02,7.5723376,9.288607,11.641262,12.262543,10.762821,9.59999942779541
Pinrang,2024-03-04,2024-03-03,2.1541235,5.1446695,8.162205,7.17085,5.8334923,12.300000190734863
Pinrang,2024-03-05,2024-03-04,4.5246,7.107637,10.369017,9.811842,8.479792,6.799999713897705
Pinrang,2024-03-06,2024-03-05,4.2960124,7.9374876,9.420148,8.798494,7.288826,12.700000762939451
Pinrang,2024-03-07,2024-03-06,4.400542,9.583888,9.934285,10.364971,9.928547,29.10000228881836
Pinrang,2024-03-08,2024-03-07,7.0915737,10.391893,12.07019,15.292011,13.834076,17.299999237060547
Pinrang,2024-03-09,2024-03-08,5.620994,9.1825695,10.117758,12.067665,11.776981,28.999998092651367
Pinrang,2024-03-10,2024-03-09,6.6854854,9.61183,11.874243,15.593151,15.121622,16.700002670288086
Pinrang,2024-03-11,2024-03-10,1.4538829,7.5509396,8.47151,11.075577,9.603571,0.0
Pinrang,2024-03-12,2024-03-11,-5.6174054,4.2329855,5.5371275,5.3284664,5.054886,3.299999713897705
Pinrang,2024-03-13,2024-03-12,-4.2285557,5.4421597,7.5756965,8.120255,7.7994375,2.0
Pinrang,2024-03-14,2024-03-13,-2.2830958,3.4970193,5.5421085,5.244913,5.174679,0.0
Pinrang,2024-03-15,2024-03-14,-0.5567019,2.0798476,3.414365,2.9298635,3.0121267,0.2000000029802322
Pinrang,2024-03-16,2024-03-15,1.8885512,2.579759,3.7107675,3.125434,3.1954203,1.7000000476837158
Pinrang,2024-03-17,2024-03-16,1.5323982,3.7789502,4.7706122,4.605525,4.432125,0.0
Pinrang,2024-03-18,2024-03-17,2.1598516,2.7828372,3.545377,3.5319676,3.9344325,5.599999904632568
Pinrang,2024-03-19,2024-03-18,4.805208,6.55592,5.868896,6.624093,5.9158974,1.100000023841858
Pinrang,2024-03-20,2024-03-19,4.236866,3.5000315,4.289171,4.397325,4.4202313,3.799999952316284
Pinrang,2024-03-21,2024-03-20,6.6428847,5.9851084,6.710834,6.7453294,6.980087,9.70000171661377
Pinrang,2024-03-22,2024-03-21,9.039688,6.557336,8.42598,6.9898295,5.474573,0.9000000357627869
Pinrang,2024-03-23,2024-03-22,3.8187532,2.9911728,5.095269,3.9262695,2.9791477,0.1000000014901161
Pinrang,2024-03-24,2024-03-23,2.910893,3.0219688,4.374549,3.8043318,3.4103775,1.3000001907348633
Pinrang,2024-03-25,2024-03-24,3.878958,4.1175222,5.488782,4.725707,4.377904,1.6999999284744265
Pinrang,2024-03-26,2024-03-25,4.2980995,3.9317417,5.1887374,4.352794,3.447986,13.000001907348633
Pinrang,2024-03-27,2024-03-26,6.851845,9.87257,10.050896,9.057172,6.449563,14.90000057220459
Pinrang,2024-03-28,2024-03-27,8.342403,10.957708,9.300819,8.9740715,6.4718323,10.300000190734863
Pinrang,2024-03-29,2024-03-28,6.337375,10.431309,10.550699,9.126556,6.8259187,1.5000001192092896
Pinrang,2024-03-30,2024-03-29,2.9620318,4.643136,4.8098946,3.921667,3.0061035,3.799999952316284
Pinrang,2024-03-31,2024-03-30,4.5927744,5.9683948,5.60235,5.6098022,4.7958355,10.600000381469728
Pinrang,2024-04-01,2024-03-31,6.3655477,8.812153,9.35854,8.696939,7.620475,1.2000001668930054
Pinrang,2024-04-02,2024-04-01,2.7430723,4.0176334,4.1142035,3.6708753,3.1204338,0.2000000029802322
Pinrang,2024-04-03,2024-04-02,2.0983098,2.3882558,3.2677274,2.585291,1.9565324,0.2000000029802322
Pinrang,2024-04-04,2024-04-03,3.04716,2.8762138,4.019327,2.6674306,2.0027456,2.299999952316284
Pinrang,2024-04-05,2024-04-04,4.428034,4.4387236,5.390108,3.6634812,3.4491153,2.0
Pinrang,2024-04-06,2024-04-05,3.7900724,3.6208196,4.4631414,3.1466436,2.9655433,0.6000000238418579
Pinrang,2024-04-07,2024-04-06,2.8572912,1.4796956,2.306147,1.3129025,1.3515627,5.099999904632568
Pinrang,2024-04-08,2024-04-07,5.358377,3.8834827,5.44333,5.4235916,5.023271,22.39999961853028
Pinrang,2024-04-09,2024-04-08,9.363375,10.028786,7.723438,10.743418,8.934095,4.100000381469727
Pinrang,2024-04-10,2024-04-09,5.124398,4.9739046,4.762184,4.0469522,3.837205,15.799999237060549
Pinrang,2024-04-11,2024-04-10,6.80065,7.17832,5.095748,7.0186076,5.942668,29.099998474121094
Pinrang,2024-04-12,2024-04-11,8.830801,8.208464,7.464063,11.410246,8.132059,0.6000000238418579
Pinrang,2024-04-13,2024-04-12,2.0859413,4.4361057,3.0414076,2.6039715,2.982444,11.40000057220459
Pinrang,2024-04-14,2024-04-13,9.118082,8.51152,8.296556,7.856641,6.2046576,1.5000001192092896
Pinrang,2024-04-15,2024-04-14,2.1667705,5.159358,4.534814,3.6581888,2.856629,2.299999713897705
Pinrang,2024-04-16,2024-04-15,2.8641999,4.028413,3.6919446,3.3404496,2.978705,1.4000000953674316
Pinrang,2024-04-17,2024-04-16,1.7588047,3.4838066,4.7096233,3.8847027,3.8657207,8.800000190734863
Pinrang,2024-04-18,2024-04-17,1.0978706,7.5711236,5.878629,6.4496365,5.7722654,4.699999809265137
Pinrang,2024-04-19,2024-04-18,1.7526448,5.8621426,5.1354566,5.0159388,4.2845526,0.2000000029802322
Pinrang,2024-04-20,2024-04-19,1.6424652,2.268384,2.8201637,2.3239353,2.3128755,3.09999942779541
Pinrang,2024-04-21,2024-04-20,3.248246,4.0025287,4.98917,4.8855147,4.6035466,3.0
Pinrang,2024-04-22,2024-04-21,4.3964167,4.027018,4.778993,4.497321,3.8296304,13.40000057220459
Pinrang,2024-04-23,2024-04-22,8.913719,7.055348,6.317514,8.080374,7.380994,4.599999904632568
Pinrang,2024-04-24,2024-04-23,4.3511147,5.6871223,7.6118946,7.0769587,6.223893,8.800000190734863
Pinrang,2024-04-25,2024-04-24,5.2075233,4.1690555,7.121181,7.2016206,5.1636076,6.099998950958252
Pinrang,2024-04-26,2024-04-25,5.220065,4.548707,6.8216953,6.5148983,5.003555,7.299999713897705
Pinrang,2024-04-27,2024-04-26,4.818831,5.879276,5.9493613,6.2714186,5.322643,7.999999523162842
Pinrang,2024-04-28,2024-04-27,5.335622,6.104739,5.445564,5.0487194,4.3486376,7.300000190734863
Pinrang,2024-04-29,2024-04-28,4.3778906,7.3090467,5.977534,6.3286657,4.7103662,59.89999771118164
Pinrang,2024-04-30,2024-04-29,8.160002,10.738514,10.857874,19.787498,13.269726,2.499999761581421
Pinrang,2024-05-01,2024-04-30,0.9456494,3.5218205,2.5938494,3.5487037,2.736364,0.0
Pinrang,2024-05-02,2024-05-01,-1.8904715,4.5629826,4.4575777,4.5124846,3.2096577,9.899999618530272
Pinrang,2024-05-03,2024-05-02,-2.1771612,5.646986,8.969138,10.579056,8.2685995,11.59999942779541
Pinrang,2024-05-04,2024-05-03,1.87462,6.1611433,5.2174215,6.925126,6.0636153,5.799999713897705
Pinrang,2024-05-05,2024-05-04,1.3704908,4.7891064,4.56785,6.1822305,5.0479164,17.80000114440918
Pinrang,2024-05-06,2024-05-05,1.8673533,5.2462363,4.5029526,7.7194,6.406317,0.2000000029802322
Pinrang,2024-05-07,2024-05-06,-0.33585382,2.1429353,2.725365,2.0960283,1.6855597,4.399999618530273
Pinrang,2024-05-08,2024-05-07,4.6602054,5.758704,4.915595,4.8521643,4.499769,4.099999904632568
Pinrang,2024-05-09,2024-05-08,2.146236,5.8414984,4.0445004,4.8749666,3.503944,6.900000095367432
Pinrang,2024-05-10,2024-05-09,3.3582082,7.6987543,4.352769,5.3124895,4.203606,0.1000000014901161
Pinrang,2024-05-11,2024-05-10,0.63362753,2.3665442,0.9482646,1.3747065,0.9023516,0.0
Pinrang,2024-05-12,2024-05-11,0.6198329,2.085988,0.77782226,2.0716739,1.5671175,5.100000381469727
Pinrang,2024-05-13,2024-05-12,3.1482406,3.8102007,3.8578444,5.7050858,5.3665695,0.0
Pinrang,2024-05-14,2024-05-13,0.8031415,2.1839986,1.052316,2.4804478,1.8355446,0.1000000014901161
Pinrang,2024-05-15,2024-05-14,0.064833164,1.9336472,0.65687644,2.0362792,1.7788663,1.7000000476837158
Pinrang,2024-05-16,2024-05-15,2.0234683,2.1510477,2.3434734,3.2533944,2.2231965,0.3000000119209289
Pinrang,2024-05-17,2024-05-16,0.42562246,0.8587034,1.4634013,2.0128393,1.2715586,0.1000000014901161
Pinrang,2024-05-18,2024-05-17,0.35168672,1.0587965,1.2520388,1.7395005,1.1295426,0.0
Pinrang,2024-05-19,2024-05-18,0.50195026,1.3143039,1.0630238,1.2608223,0.6575875,0.0
Pinrang,2024-05-20,2024-05-19,0.9567784,0.9666312,1.5418208,2.0530577,1.9959168,0.6000000238418579
Pinrang,2024-05-21,2024-05-20,1.1267679,1.3639851,1.7594523,2.2691102,2.401053,0.1000000014901161
Pinrang,2024-05-22,2024-05-21,0.9093454,0.3807752,1.3107958,1.6340497,1.4755716,6.300000190734863
Pinrang,2024-05-23,2024-05-22,6.9674883,5.9371643,6.5918336,7.1440573,7.0203123,0.699999988079071
Pinrang,2024-05-24,2024-05-23,1.4922947,0.7961943,2.370152,2.660249,1.4041076,0.1000000014901161
Pinrang,2024-05-25,2024-05-24,0.83399487,0.5579016,1.9949013,2.4525855,1.3832818,0.1000000014901161
Pinrang,2024-05-26,2024-05-25,1.2013971,0.970271,1.798665,2.283474,1.2544696,6.0
Pinrang,2024-05-27,2024-05-26,4.0154386,5.8310766,5.1817427,6.5809717,4.8166966,0.2000000029802322
Pinrang,2024-05-28,2024-05-27,1.1073076,0.67336607,0.8558725,0.9085357,0.14571929,1.0000001192092896
Pinrang,2024-05-29,2024-05-28,1.9395741,0.65718305,1.6500946,1.6295625,0.645849,11.800000190734863
Pinrang,2024-05-30,2024-05-29,8.628025,2.9878125,4.9624844,5.5965266,3.7922623,11.0
Pinrang,2024-05-31,2024-05-30,9.24501,4.9591627,5.776932,6.5683904,4.123807,3.400000095367432
Pinrang,2024-06-01,2024-05-31,2.9392107,2.6654232,3.690719,4.1777635,3.0218558,1.4000000953674316
Pinrang,2024-06-02,2024-06-01,1.9567355,1.744942,2.6656413,3.3286617,2.2943792,1.2999999523162842
Pinrang,2024-06-03,2024-06-02,1.2165761,0.9952421,2.2615473,2.9382741,2.0073955,7.599998474121094
Pinrang,2024-06-04,2024-06-03,3.361683,3.070693,3.9089873,5.635124,4.2410946,1.0
Pinrang,2024-06-05,2024-06-04,0.81161284,1.1085804,1.3896691,2.4078639,1.8690615,0.7000000476837158
Pinrang,2024-06-06,2024-06-05,0.86766624,-0.3540349,0.4737426,1.750293,1.3398993,0.0
Pinrang,2024-06-07,2024-06-06,-1.1792395,0.26051378,0.19691682,0.79324734,0.5465064,9.500000953674316
Pinrang,2024-06-08,2024-06-07,0.7405591,3.261817,5.2272043,6.835745,5.4533596,8.399999618530273
Pinrang,2024-06-09,2024-06-08,3.1751451,4.2773757,2.6878037,4.24803,3.2983146,2.799999952316284
Pinrang,2024-06-10,2024-06-09,0.96941817,2.2443717,1.2976623,2.8903515,1.2471653,0.7000000476837158
Pinrang,2024-06-11,2024-06-10,-0.07677078,1.5103879,1.2771993,2.3797247,1.7827532,9.400001525878906
Pinrang,2024-06-12,2024-06-11,4.265424,6.338408,5.0103264,6.900997,6.282232,12.600000381469728
Pinrang,2024-06-13,2024-06-12,3.4963946,6.1850452,5.8106565,7.5343246,6.7488117,3.299999952316284
Pinrang,2024-06-14,2024-06-13,-0.81917834,2.262636,1.442951,3.3430324,2.6312494,0.5
Pinrang,2024-06-15,2024-06-14,-2.783214,0.499377,1.8985745,3.268883,2.9454942,0.800000011920929
Pinrang,2024-06-16,2024-06-15,-0.45942307,0.7072352,1.0257633,2.5725331,2.1810486,0.0
Pinrang,2024-06-17,2024-06-16,-0.45560932,0.8528302,0.15164042,0.79752946,0.59503555,0.0
Pinrang,2024-06-18,2024-06-17,-0.024846077,0.5240612,0.09476948,0.29632294,0.30048501,0.0
Pinrang,2024-06-19,2024-06-18,-0.2448175,0.88033414,0.104121685,0.44145823,0.398185,0.0
Pinrang,2024-06-20,2024-06-19,-0.1437316,0.53101635,0.0398221,0.1516416,0.26787078,0.0
Pinrang,2024-06-21,2024-06-20,0.19568038,0.43788934,0.026497602,0.14318514,-0.012630463,2.0999999046325684
Pinrang,2024-06-22,2024-06-21,0.7789068,2.2182422,1.4983691,2.0118854,1.8836648,0.3000000119209289
Pinrang,2024-06-23,2024-06-22,-0.55944943,1.0955907,0.17854548,0.62657166,0.47161865,0.699999988079071
Pinrang,2024-06-24,2024-06-23,0.75946164,0.6006981,0.61717796,0.63057077,0.567978,18.900001525878903
Pinrang,2024-06-25,2024-06-24,9.170051,4.548549,2.229067,4.923809,3.4997401,9.300000190734863
Pinrang,2024-06-26,2024-06-25,4.595042,3.1097064,0.78343606,2.3051536,0.8997501,2.5
Pinrang,2024-06-27,2024-06-26,2.3807757,2.693625,1.5914099,2.068887,2.1988595,0.0
Pinrang,2024-06-28,2024-06-27,0.06608415,1.0885234,-0.64322424,0.55853224,0.51833975,15.20000171661377
Pinrang,2024-06-29,2024-06-28,3.806779,3.8884542,7.1476207,8.014447,7.3032994,1.8000001907348633
Pinrang,2024-06-30,2024-06-29,-1.4108126,1.316593,3.4904108,3.8644462,3.7915037,14.700002670288086
Pinrang,2024-07-01,2024-06-30,2.3942482,3.420445,5.0227118,6.9996514,6.9219403,10.600001335144045
Pinrang,2024-07-02,2024-07-01,1.7985487,1.5420375,6.97238,6.8041306,6.525675,30.5
Pinrang,2024-07-03,2024-07-02,10.971792,5.0435,4.5551558,10.2998295,8.560814,14.40000057220459
Pinrang,2024-07-04,2024-07-03,3.041979,2.7958791,2.1955125,4.5056286,3.6652737,0.0
Pinrang,2024-07-05,2024-07-04,-0.69654036,2.446559,0.61214507,1.1599396,1.029809,0.6000000238418579
Pinrang,2024-07-06,2024-07-05,-1.4555771,2.6844468,1.2503047,1.8244647,2.2562003,0.0
Pinrang,2024-07-07,2024-07-06,-1.2885108,1.4807554,0.46296036,1.051742,1.1246794,1.899999976158142
Pinrang,2024-07-08,2024-07-07,-0.9145472,1.830166,1.9353735,2.07418,1.9557667,0.6000000238418579
Pinrang,2024-07-09,2024-07-08,0.24768353,1.309329,0.7959868,1.1576962,0.95728683,0.3000000119209289
Pinrang,2024-07-10,2024-07-09,0.27704203,1.592241,0.3620957,0.63087285,0.47291887,0.0
Pinrang,2024-07-11,2024-07-10,0.072733164,1.7984457,0.28248858,0.92291725,0.5861263,0.0
Pinrang,2024-07-12,2024-07-11,0.0658474,0.69892895,0.07025671,0.27886653,-0.24139833,0.0
Pinrang,2024-07-13,2024-07-12,0.064753294,0.32175648,0.15295887,0.41017723,-0.12399769,1.100000023841858
Pinrang,2024-07-14,2024-07-13,0.96187985,0.8879458,1.3487093,1.6047848,1.0853708,0.0
Pinrang,2024-07-15,2024-07-14,0.06738067,0.6416979,0.07966685,0.8635918,0.48270583,8.5
Pinrang,2024-07-16,2024-07-15,4.7274914,6.2292013,4.617773,5.9217787,4.9537086,0.1
Pinrang,2024-07-17,2024-07-16,0.16290307,1.7255955,0.021929502,1.6273675,0.7522825,0.0
Pinrang,2024-07-18,2024-07-17,0.06734371,1.801716,0.26279807,1.3299785,0.8211839,0.0
Pinrang,2024-07-19,2024-07-18,0.07125187,1.7636726,0.19410229,0.69984853,0.5625299,0.0
Pinrang,2024-07-20,2024-07-19,0.063678026,0.5493684,0.26656878,0.59223044,0.36407757,0.0
Pinrang,2024-07-21,2024-07-20,0.0654695,0.3821876,0.3669696,0.7868252,0.45696068,0.3
Pinrang,2024-07-22,2024-07-21,0.36982024,0.6783222,0.69399786,1.1931741,0.8833276,0.2
Pinrang,2024-07-23,2024-07-22,0.27508092,0.60540223,0.579373,0.8039198,0.5437207,0.2
Pinrang,2024-07-24,2024-07-23,0.26783013,0.23276818,-0.07304239,0.3434807,0.22840846,3.1
Pinrang,2024-07-25,2024-07-24,3.1707184,2.1790257,2.156015,2.8244998,3.0509498,11.300001
Pinrang,2024-07-26,2024-07-25,10.587484,6.334765,3.3149562,5.392831,4.8389463,7.899999
Pinrang,2024-07-27,2024-07-26,7.983024,6.0965075,1.3858168,3.8813186,2.1578834,0.1
Pinrang,2024-07-28,2024-07-27,0.17898583,1.1732452,-0.60938954,-0.18327522,-1.4578879,2.6999998
Pinrang,2024-07-29,2024-07-28,2.7812958,2.2764323,1.3574349,1.9066023,0.5715376,0.0
Pinrang,2024-07-30,2024-07-29,0.084632635,0.8447926,0.49663317,0.35262227,0.2931335,0.1
Pinrang,2024-07-31,2024-07-30,0.18391657,-0.35219693,0.4680426,0.25640726,0.23767221,1.2
Pinrang,2024-08-01,2024-07-31,1.2789216,-0.23874211,1.3212347,1.2626265,0.8616127,0.0
Pinrang,2024-08-02,2024-08-01,0.080253124,-0.47521806,0.43915045,0.38626575,0.41148138,0.0
Pinrang,2024-08-03,2024-08-02,0.08380723,-0.016906738,0.3032595,0.46223128,0.4704603,0.1
Pinrang,2024-08-04,2024-08-03,0.1861546,0.19313383,0.4549023,0.35353208,0.41404676,0.0
Pinrang,2024-08-05,2024-08-04,0.07401109,0.27021217,0.15412593,0.13714027,0.19519067,0.70000005
Pinrang,2024-08-06,2024-08-05,0.7760105,0.47654283,0.828969,0.97094774,0.9263998,2.8999999
Pinrang,2024-08-07,2024-08-06,0.8603879,0.61209595,0.8849298,1.5853425,1.5973349,0.0
Pinrang,2024-08-08,2024-08-07,0.08047533,0.2882998,0.051014423,0.15990853,0.066434145,0.2
Pinrang,2024-08-09,2024-08-08,-0.47986627,0.19739771,0.20969117,0.11348939,0.09207773,0.0
Pinrang,2024-08-10,2024-08-09,0.07188296,0.16973925,0.03662181,0.0043098927,-0.02505517,0.0
Pinrang,2024-08-11,2024-08-10,0.07052851,0.24814689,0.0623672,-0.019827127,0.068499565,0.0
Pinrang,2024-08-12,2024-08-11,0.073580265,0.12769103,0.09279299,0.01068759,0.12394738,0.0
Pinrang,2024-08-13,2024-08-12,0.056119442,0.094502926,0.11536479,0.17995214,0.12521648,0.0
Pinrang,2024-08-14,2024-08-13,0.06341004,0.0005915165,0.10925698,0.19176555,0.15971494,0.0
Pinrang,2024-08-15,2024-08-14,0.06132579,0.08068347,0.08577132,0.15160441,0.046653032,0.0
Pinrang,2024-08-16,2024-08-15,0.06339598,0.16368937,-0.09136438,-0.055782318,-0.04095435,0.0
Pinrang,2024-08-17,2024-08-16,0.034363747,-0.13755894,-0.09650183,0.013582945,-0.10411644,0.0
Pinrang,2024-08-18,2024-08-17,0.037521362,0.042619944,-0.1271863,-0.05129361,-0.10899353,0.0
Pinrang,2024-08-19,2024-08-18,0.045919895,0.07668352,-0.27204275,-0.10142541,-0.06073332,4.0
Pinrang,2024-08-20,2024-08-19,4.0787125,1.2874178,1.220228,1.0000184,1.8203524,0.0
Pinrang,2024-08-21,2024-08-20,0.06542778,-0.037947178,0.121542215,0.10211873,0.057197332,0.0
Pinrang,2024-08-22,2024-08-21,0.07075763,0.11546326,0.14876771,0.05821967,0.1630218,0.9
Pinrang,2024-08-23,2024-08-22,0.97614014,0.38923168,0.9393681,0.95618033,0.99731326,0.0
Pinrang,2024-08-24,2024-08-23,0.07898855,0.20441735,0.13327718,0.13046622,0.14063191,0.0
Pinrang,2024-08-25,2024-08-24,0.067347765,0.054394484,0.074201584,0.10257816,0.13882947,2.6
Pinrang,2024-08-26,2024-08-25,0.13428926,1.6321528,2.6749055,2.3487296,2.6731217,0.1
Pinrang,2024-08-27,2024-08-26,-1.0557764,-0.4751377,0.3302828,0.19397163,0.22410679,0.0
Pinrang,2024-08-28,2024-08-27,-0.97892237,-0.22572947,0.21313834,0.08608079,0.1189363,0.4
Pinrang,2024-08-29,2024-08-28,-0.4238906,0.49610794,0.58609223,0.39690125,0.5009608,0.0
Pinrang,2024-08-30,2024-08-29,-2.0374818,0.28632104,0.15861297,-0.016997337,0.11371875,0.6
Pinrang,2024-08-31,2024-08-30,-3.1344538,0.6143583,0.5307622,0.12595248,0.4407544,0.0
Pinrang,2024-09-01,2024-08-31,-0.10177779,0.19537973,0.1182611,-0.45269346,-0.14197135,1.3
Pinrang,2024-09-02,2024-09-01,1.2997377,-0.13700366,1.5098805,1.014385,1.2044065,0.0
Pinrang,2024-09-03,2024-09-02,0.049821854,-0.3804822,0.15485477,0.09385896,0.19379973,0.1
Pinrang,2024-09-04,2024-09-03,0.166718,-0.21272421,0.23221779,0.14406705,0.25467205,7.599999
Pinrang,2024-09-05,2024-09-04,4.006233,2.7239852,3.9451857,3.483018,4.681395,1.6
Pinrang,2024-09-06,2024-09-05,1.6735897,1.635983,1.3714304,1.2471812,1.5991943,0.8
Pinrang,2024-09-07,2024-09-06,0.87936425,0.8274969,0.8418467,1.0222535,1.0750616,2.0
Pinrang,2024-09-08,2024-09-07,2.0864859,1.0380813,1.8203158,1.9896257,1.9251131,8.1
Pinrang,2024-09-09,2024-09-08,-0.24068546,1.5983973,4.369314,4.6759977,5.202491,0.6
Pinrang,2024-09-10,2024-09-09,-0.8267629,0.69364357,0.597147,1.0912303,1.4160075,0.0
Pinrang,2024-09-11,2024-09-10,-1.2482193,-0.18783355,0.36436498,0.39479887,0.670051,0.0
Pinrang,2024-09-12,2024-09-11,0.089206696,0.73987794,0.33469748,0.18201327,0.45906878,0.0
Pinrang,2024-09-13,2024-09-12,0.078017235,0.2599907,0.15323329,0.06769347,0.20236623,0.1
Pinrang,2024-09-14,2024-09-13,0.15349102,0.24027503,0.20941281,0.1271236,0.28004122,0.0
Pinrang,2024-09-15,2024-09-14,0.054725647,0.087744474,0.14774513,-0.04123497,0.1387558,0.0
Pinrang,2024-09-16,2024-09-15,0.06941795,0.13825798,0.07161641,-0.021636963,0.07916951,0.0
Pinrang,2024-09-17,2024-09-16,0.0731411,0.10247707,0.093610525,0.059859276,0.091394186,0.0
Pinrang,2024-09-18,2024-09-17,0.06748104,0.090993166,0.19305539,0.12388015,0.1519978,0.0
Pinrang,2024-09-19,2024-09-18,0.07885885,0.12223315,0.07577896,0.25034034,0.1950059,0.0
Pinrang,2024-09-20,2024-09-19,0.08590841,0.07873297,-0.041529894,0.30888653,0.13915634,0.0
Pinrang,2024-09-21,2024-09-20,0.084667206,0.36211312,0.24216592,0.29604268,0.3412001,0.0
Pinrang,2024-09-22,2024-09-21,0.08217955,0.32101738,0.3443097,0.31280696,0.5229809,0.1
Pinrang,2024-09-23,2024-09-22,0.1857884,0.44323826,0.4334135,0.59905875,1.0017928,4.1
Pinrang,2024-09-24,2024-09-23,1.0960062,2.3592308,3.2283492,2.8097951,3.9298966,1.4000001
Pinrang,2024-09-25,2024-09-24,1.489568,1.5448836,1.2851877,1.9660316,2.6320777,8.2
Pinrang,2024-09-26,2024-09-25,2.1316626,3.8592086,5.1098423,5.8667154,6.9001455,2.0
Pinrang,2024-09-27,2024-09-26,0.21284747,1.4392256,2.065754,2.1515195,2.5728555,3.8999994
Pinrang,2024-09-28,2024-09-27,1.1324316,2.6622562,3.0198529,3.5413837,2.654205,3.5
Pinrang,2024-09-29,2024-09-28,1.7309437,1.1806515,0.9390007,1.4380016,1.5406592,0.0
Pinrang,2024-09-30,2024-09-29,0.08630276,0.20887423,0.46578383,0.4365666,0.656981,0.1
Pinrang,2024-10-01,2024-09-30,0.18848252,0.2133621,0.7449577,0.40023768,0.78523743,1.1
Pinrang,2024-10-02,2024-10-01,1.189308,1.406977,1.2491686,0.93386626,1.377584,10.1
Pinrang,2024-10-03,2024-10-02,3.2750306,3.4327679,1.3323855,2.3037274,1.8689431,20.699999
Pinrang,2024-10-04,2024-10-03,3.8468661,4.2690234,1.5984693,4.5471525,2.1271286,1.9000001
Pinrang,2024-10-05,2024-10-04,1.4999402,1.4975502,3.1091223,1.9913574,2.3396835,0.0
Pinrang,2024-10-06,2024-10-05,0.09085274,1.8670117,1.540144,1.6980612,1.8812706,0.0
Pinrang,2024-10-07,2024-10-06,0.09173012,2.0681272,1.037161,1.1687043,1.3185973,0.0
Pinrang,2024-10-08,2024-10-07,0.08556485,0.7004036,0.061296225,0.19815159,0.37306142,3.8000002
Pinrang,2024-10-09,2024-10-08,3.8867273,3.8416936,3.0925753,3.7692852,3.7812395,6.9
Pinrang,2024-10-10,2024-10-09,4.887846,5.0169992,2.4882517,4.8699865,3.9888813,10.900001
Pinrang,2024-10-11,2024-10-10,6.0803123,6.0197945,2.5353754,6.822919,5.973295,3.7
Pinrang,2024-10-12,2024-10-11,3.7812538,2.5308056,1.5983212,4.129132,3.6400208,0.2
Pinrang,2024-10-13,2024-10-12,0.28104758,1.8868663,1.413524,2.3215895,2.4682567,2.0
Pinrang,2024-10-14,2024-10-13,2.080207,2.666165,2.9516692,3.8831642,3.3708105,14.8
Pinrang,2024-10-15,2024-10-14,5.432052,5.0390005,3.1118767,6.494548,5.094137,18.1
Pinrang,2024-10-16,2024-10-15,5.469616,5.8371124,0.9886894,4.1551533,2.6522224,4.8999996
Pinrang,2024-10-17,2024-10-16,2.8267186,4.103199,1.6367325,3.9439123,1.3042811,3.6
Pinrang,2024-10-18,2024-10-17,2.379457,2.709572,4.7103205,5.430973,3.7275999,0.6
Pinrang,2024-10-19,2024-10-18,0.6811378,2.6906946,3.8435035,4.205682,3.950011,0.90000004
Pinrang,2024-10-20,2024-10-19,0.9776629,1.9662743,1.8482704,2.5972364,2.288737,2.0
Pinrang,2024-10-21,2024-10-20,2.0775664,2.773937,2.0713048,3.1929746,2.0008466,0.3
Pinrang,2024-10-22,2024-10-21,0.37447584,1.8600082,2.5615852,2.3173037,2.3171754,0.4
Pinrang,2024-10-23,2024-10-22,0.47385442,2.1563754,3.1624715,2.8129544,2.8664832,0.0
Pinrang,2024-10-24,2024-10-23,0.07005072,1.5785811,1.3880576,1.6041869,1.4630128,1.6000001
Pinrang,2024-10-25,2024-10-24,1.6688037,2.9209652,2.3636522,3.030925,2.7303846,0.0
Pinrang,2024-10-26,2024-10-25,0.0646832,1.4070779,0.4824704,1.3228481,1.140852,1.1
Pinrang,2024-10-27,2024-10-26,1.1848323,3.1255045,2.0291295,2.618321,2.4739616,0.0
Pinrang,2024-10-28,2024-10-27,0.07122302,1.5986016,0.8120966,1.1125582,0.53499174,0.6
Pinrang,2024-10-29,2024-10-28,1.1225035,1.9733062,1.262769,1.3278538,1.1163353,0.6
Pinrang,2024-10-30,2024-10-29,1.5017605,1.9795154,1.3586239,1.5776508,1.4289894,7.8999996
Pinrang,2024-10-31,2024-10-30,8.928453,6.973255,5.8072996,6.175438,4.7467318,3.5999997
Pinrang,2024-11-01,2024-10-31,3.8884692,3.9420083,3.7143621,4.3896413,2.439009,8.1
Pinrang,2024-11-02,2024-11-01,5.3298388,5.1866455,5.6845255,5.734803,3.6632123,0.8
Pinrang,2024-11-03,2024-11-02,2.7558198,2.269262,3.2133083,2.7520883,2.9234953,2.0
Pinrang,2024-11-04,2024-11-03,4.189419,4.0300198,4.2356353,3.9922066,3.7942042,9.500001
Pinrang,2024-11-05,2024-11-04,3.4073699,6.3065057,4.845827,5.876919,4.646855,1.0
Pinrang,2024-11-06,2024-11-05,2.9470286,3.039657,2.6630497,2.5423832,2.5702386,1.9000002
Pinrang,2024-11-07,2024-11-06,3.4688213,3.9961448,3.2305598,2.8273258,2.997785,0.6
Pinrang,2024-11-08,2024-11-07,2.7399826,3.038306,2.923825,2.470529,2.4445388,3.8999996
Pinrang,2024-11-09,2024-11-08,6.1556616,4.939661,4.2527695,4.1101418,3.6586933,3.1999998
Pinrang,2024-11-10,2024-11-09,5.8428335,4.2633038,3.295128,3.3360074,2.9423113,8.400001
Pinrang,2024-11-11,2024-11-10,9.891311,6.021329,3.8855767,4.8817644,3.6177192,10.400001
Pinrang,2024-11-12,2024-11-11,7.86367,5.998584,3.70108,5.6289396,4.1558995,14.100001
Pinrang,2024-11-13,2024-11-12,9.501616,6.6564846,3.7528613,6.337569,4.8510427,2.6999998
Pinrang,2024-11-14,2024-11-13,4.92978,3.6462023,3.498201,3.4661372,3.22684,12.700001
Pinrang,2024-11-15,2024-11-14,8.241451,7.1481147,3.8997798,6.0474224,4.3507195,19.0
Pinrang,2024-11-16,2024-11-15,8.920388,8.67423,6.4882236,8.646588,6.0062885,5.299999
Pinrang,2024-11-17,2024-11-16,3.9327888,5.7085714,5.767668,6.4547043,5.237504,10.9
Pinrang,2024-11-18,2024-11-17,5.2560806,4.046734,4.979273,6.2005177,4.0395494,9.000001
Pinrang,2024-11-19,2024-11-18,4.116499,3.8709593,6.6292577,7.2326183,5.9472685,6.9999995
Pinrang,2024-11-20,2024-11-19,4.8282666,5.0496216,5.524497,6.670164,6.4325995,11.700002
Pinrang,2024-11-21,2024-11-20,6.4997215,6.8887377,5.362207,7.7078667,6.790882,3.3999999
Pinrang,2024-11-22,2024-11-21,2.9713037,4.3078885,4.087711,5.0219107,4.205638,0.5
Pinrang,2024-11-23,2024-11-22,2.3576813,3.1188822,2.4705877,3.3706608,3.380878,42.5
Pinrang,2024-11-24,2024-11-23,10.833038,8.273787,6.539425,12.846409,9.889225,11.700001
Pinrang,2024-11-25,2024-11-24,4.116317,6.8019547,3.5736032,6.4346614,5.021287,12.700001
Pinrang,2024-11-26,2024-11-25,3.0718412,3.275177,4.6531954,6.956711,5.22425,8.299999
Pinrang,2024-11-27,2024-11-26,1.0701518,2.555626,5.4123864,6.7208457,5.282915,16.099998
Pinrang,2024-11-28,2024-11-27,7.928075,8.428246,8.116499,10.264444,8.938524,13.7
Pinrang,2024-11-29,2024-11-28,6.4857583,6.5410995,5.610321,8.61294,7.3160887,3.3999999
Pinrang,2024-11-30,2024-11-29,3.4174082,3.5681167,4.61798,4.7941647,4.058529,16.5
Pinrang,2024-12-01,2024-11-30,4.5690937,5.098734,6.749981,9.792452,8.090087,6.2
Pinrang,2024-12-02,2024-12-01,6.9616957,6.815093,5.39971,7.6543283,6.8909717,15.7
Pinrang,2024-12-03,2024-12-02,8.370603,7.148229,4.966737,9.353159,8.2847,9.400001
Pinrang,2024-12-04,2024-12-03,6.2449923,5.2920284,5.6360817,8.475965,7.4359455,5.7000003
Pinrang,2024-12-05,2024-12-04,4.939458,4.17412,6.1004853,7.8058195,7.1483884,6.3
Pinrang,2024-12-06,2024-12-05,5.0080557,6.25286,6.4952717,8.724495,8.26722,2.4
Pinrang,2024-12-07,2024-12-06,3.4695094,4.847935,4.5432816,5.620929,5.0695734,0.2
Pinrang,2024-12-08,2024-12-07,1.3644643,2.4576802,2.7612505,3.0483105,2.7648644,0.4
Pinrang,2024-12-09,2024-12-08,1.9375777,2.5411813,3.1925902,3.3999243,3.4762979,2.9999998
Pinrang,2024-12-10,2024-12-09,3.9000123,3.081852,5.354703,4.8615575,4.738198,24.200003
Pinrang,2024-12-11,2024-12-10,10.94923,6.3017225,9.715839,11.7467785,9.042166,11.200002
Pinrang,2024-12-12,2024-12-11,8.755651,5.536027,9.669535,8.591856,6.1976833,26.700005
Pinrang,2024-12-13,2024-12-12,10.67205,7.4167566,8.512171,10.073204,8.288347,10.100001
Pinrang,2024-12-14,2024-12-13,9.990509,8.269962,9.323116,9.263296,8.910062,0.0
Pinrang,2024-12-15,2024-12-14,2.0277586,4.4711094,3.3922114,3.2879763,3.7184362,0.0
Pinrang,2024-12-16,2024-12-15,1.7879649,4.3296146,2.5086339,2.3951519,2.8436322,0.3
Pinrang,2024-12-17,2024-12-16,2.3387408,2.6377838,1.4151089,1.9928868,2.2859337,2.1
Pinrang,2024-12-18,2024-12-17,3.449941,3.1619477,2.7510667,3.1291392,3.0772636,10.900002
Pinrang,2024-12-19,2024-12-18,10.568554,7.0712094,7.6427593,7.697584,7.665261,31.100002
Pinrang,2024-12-20,2024-12-19,15.214727,12.763838,11.0082855,12.996328,10.789011,56.0
Pinrang,2024-12-21,2024-12-20,21.023232,18.54438,13.186237,20.13886,16.214005,60.9
Pinrang,2024-12-22,2024-12-21,20.826134,17.4249,12.376503,17.931356,15.478651,21.000002
Pinrang,2024-12-23,2024-12-22,11.234129,9.258987,8.248268,10.291672,7.666352,2.0000002
Pinrang,2024-12-24,2024-12-23,3.628334,8.290583,4.795288,5.4506636,3.7174177,19.099998
Pinrang,2024-12-25,2024-12-24,14.045721,13.628836,10.181536,12.012329,8.826359,11.5
Pinrang,2024-12-26,2024-12-25,9.698115,8.285988,7.55111,9.441093,8.0841255,1.2
Pinrang,2024-12-27,2024-12-26,2.43439,2.237902,2.7460196,3.564908,2.6421938,3.6999998
Pinrang,2024-12-28,2024-12-27,4.9429884,4.0717154,4.9367914,6.123093,5.569927,20.5
Pinrang,2024-12-29,2024-12-28,15.513765,8.95934,8.242938,12.380175,11.397007,0.2
Pinrang,2024-12-30,2024-12-29,2.0168624,1.2671561,4.1141186,4.4578886,3.4599457,9.799999
Pinrang,2024-12-31,2024-12-30,8.466932,2.5761805,5.620887,7.950262,7.0153403,8.4
Pinrang,2025-01-01,2024-12-31,6.6558695,3.8034573,7.018845,9.581562,8.570244,2.1
Pinrang,2025-01-02,2025-01-01,3.3779073,2.9734554,4.0813513,6.024909,4.68229,16.600004
Pinrang,2025-01-03,2025-01-02,13.002369,9.064318,10.318747,13.0856285,13.540037,11.700001
Pinrang,2025-01-04,2025-01-03,10.583954,6.8841066,7.15491,9.385393,8.117441,2.6
Pinrang,2025-01-05,2025-01-04,4.633786,5.292692,5.817355,7.0195327,6.5394197,2.8999999
Pinrang,2025-01-06,2025-01-05,5.264205,5.98415,5.895922,7.9771266,6.2966175,1.3000002
Pinrang,2025-01-07,2025-01-06,3.5030031,3.1342752,5.022489,4.944941,4.3735065,0.0
Pinrang,2025-01-08,2025-01-07,2.4812603,1.1186155,3.6254146,2.9243913,2.5542064,6.9999995
Pinrang,2025-01-09,2025-01-08,8.771922,6.7543964,10.4615345,10.04756,9.737387,0.3
Pinrang,2025-01-10,2025-01-09,2.853477,2.8545303,4.71437,4.714019,4.797694,8.2
Pinrang,2025-01-11,2025-01-10,9.080395,7.718388,8.810494,9.396591,9.267014,12.799999
Pinrang,2025-01-12,2025-01-11,11.096874,10.763496,10.235361,11.651453,10.775686,33.399998
Pinrang,2025-01-13,2025-01-12,18.711153,16.649265,15.342169,17.247604,15.264248,1.0
Pinrang,2025-01-14,2025-01-13,3.6921053,5.5918913,4.317629,5.2962146,4.759059,27.7
Pinrang,2025-01-15,2025-01-14,16.50865,14.546598,14.062078,14.2157,12.482115,20.400002
Pinrang,2025-01-16,2025-01-15,11.489393,11.871965,11.87311,10.998367,9.19317,12.4
Pinrang,2025-01-17,2025-01-16,12.208202,11.820972,11.348169,10.873144,8.792906,2.6999998
Pinrang,2025-01-18,2025-01-17,4.295129,5.921636,4.8373137,4.4679847,3.4126792,18.2
Pinrang,2025-01-19,2025-01-18,12.7457695,11.271795,13.005001,13.529041,11.656893,15.4
Pinrang,2025-01-20,2025-01-19,9.979515,7.433037,12.66062,12.554237,11.575901,3.1000004
Pinrang,2025-01-21,2025-01-20,5.104165,4.855986,6.564371,6.2249136,5.7340803,54.199993
Pinrang,2025-01-22,2025-01-21,15.167391,14.779367,11.116386,17.35425,17.319223,6.7
Pinrang,2025-01-23,2025-01-22,6.0489807,7.275824,8.902485,8.742067,8.793056,21.9
Pinrang,2025-01-24,2025-01-23,9.502658,10.120085,11.107319,12.942366,11.48172,5.1999993
Pinrang,2025-01-25,2025-01-24,3.6845593,4.4342885,4.2030306,5.5226183,5.4514127,15.600001
Pinrang,2025-01-26,2025-01-25,8.857519,8.876833,10.600525,11.484934,12.448441,6.0
Pinrang,2025-01-27,2025-01-26,6.343592,5.258272,7.365413,7.615981,7.8188457,4.2999997
Pinrang,2025-01-28,2025-01-27,4.7613916,3.6672664,4.1844234,4.3473225,4.6692085,9.600003
Pinrang,2025-01-29,2025-01-28,6.070895,4.879742,5.0323906,6.1436186,5.919297,18.900002
Pinrang,2025-01-30,2025-01-29,9.4792385,9.400173,6.1039915,10.542343,8.894606,5.1
Pinrang,2025-01-31,2025-01-30,2.1419075,4.241034,5.122505,6.287745,5.5398026,4.1000004
Pinrang,2025-02-01,2025-01-31,1.6705177,3.3227117,6.0497403,5.92945,4.779188,0.6
Pinrang,2025-02-02,2025-02-01,-1.4313569,2.7896202,3.91601,3.8327627,3.8695993,0.0
Pinrang,2025-02-03,2025-02-02,0.4993689,2.614375,2.3234675,3.4412384,3.1740727,1.0
Pinrang,2025-02-04,2025-02-03,2.3807945,2.5659006,3.9814005,4.503762,3.938752,0.1
Pinrang,2025-02-05,2025-02-04,2.4738472,2.6795592,3.347247,3.6138344,3.3036487,4.6
Pinrang,2025-02-06,2025-02-05,5.030116,4.771934,6.6056867,6.8048487,6.4079194,10.599999
Pinrang,2025-02-07,2025-02-06,10.435804,8.779476,12.288828,10.9874115,10.860485,16.100002
Pinrang,2025-02-08,2025-02-07,9.291691,10.159319,12.91894,10.460175,10.865566,25.5
Pinrang,2025-02-09,2025-02-08,11.711632,12.280586,12.470818,11.22134,10.920313,23.000006
Pinrang,2025-02-10,2025-02-09,11.839087,10.798136,10.953142,9.951422,7.9322734,9.2
Pinrang,2025-02-11,2025-02-10,8.592668,11.580496,11.327965,10.637989,10.086323,8.700001
Pinrang,2025-02-12,2025-02-11,8.211424,10.7769375,10.901913,10.5186405,9.900601,0.6
Pinrang,2025-02-13,2025-02-12,2.24197,3.3014593,5.5718765,4.395811,4.477268,1.9000001
Pinrang,2025-02-14,2025-02-13,4.2988806,5.405677,6.159592,5.462824,5.50791,0.4
Pinrang,2025-02-15,2025-02-14,2.3544595,2.856422,4.1085734,3.4490418,2.768474,2.1
Pinrang,2025-02-16,2025-02-15,3.872878,4.0273666,5.4187307,4.460827,4.1440744,4.5
Pinrang,2025-02-17,2025-02-16,5.167762,4.4162455,6.8471036,5.701124,5.2480736,1.1
Pinrang,2025-02-18,2025-02-17,2.3110104,3.2392325,4.0687175,3.3493254,2.8658535,1.2
Pinrang,2025-02-19,2025-02-18,3.0367117,2.695366,2.0081904,2.2708015,1.9409132,3.6
Pinrang,2025-02-20,2025-02-19,4.1218,3.7925234,3.5859509,4.071257,3.9416056,13.700001
Pinrang,2025-02-21,2025-02-20,8.520567,5.231428,8.192638,8.492745,8.890213,0.8000001
Pinrang,2025-02-22,2025-02-21,3.2561293,1.877539,3.4115982,3.0724864,2.7174816,6.9
Pinrang,2025-02-23,2025-02-22,6.3874583,3.9626098,6.9310713,6.1767197,4.8276596,15.7
Pinrang,2025-02-24,2025-02-23,8.921228,7.3654523,8.878466,8.499149,7.2218885,16.400002
Pinrang,2025-02-25,2025-02-24,10.218954,9.789253,7.6941957,8.430741,7.0571074,1.0
Pinrang,2025-02-26,2025-02-25,2.9148607,3.9090111,5.658483,3.8849645,3.5949275,12.0
Pinrang,2025-02-27,2025-02-26,5.742972,7.3124833,7.34464,7.0792503,6.0998282,10.0
Pinrang,2025-02-28,2025-02-27,6.869698,7.91578,6.7780724,6.814138,5.2026,0.4
Pinrang,2025-03-01,2025-02-28,2.954362,3.2552752,2.922602,2.446347,2.3830934,0.2
Pinrang,2025-03-02,2025-03-01,1.8533674,2.900488,1.7460926,2.0457616,1.9395725,1.7000002
Pinrang,2025-03-03,2025-03-02,3.9141226,3.3046618,3.7038476,3.4223542,3.035088,3.1
Pinrang,2025-03-04,2025-03-03,4.9845467,4.386361,4.915043,4.495645,4.3644667,5.7
Pinrang,2025-03-05,2025-03-04,8.338157,5.944704,6.833488,6.7346435,6.1822863,5.9999986
Pinrang,2025-03-06,2025-03-05,7.4151936,4.792225,6.064847,5.259286,4.8547697,5.2
Pinrang,2025-03-07,2025-03-06,6.2385707,4.494319,7.224951,5.5060973,5.3798485,24.500002
Pinrang,2025-03-08,2025-03-07,13.064484,9.691769,8.408253,10.389544,8.930067,21.1
Pinrang,2025-03-09,2025-03-08,9.340357,8.576595,7.708003,8.723238,8.031828,2.7
Pinrang,2025-03-10,2025-03-09,4.3865795,4.251677,6.521942,5.447407,5.2037535,12.700001
Pinrang,2025-03-11,2025-03-10,5.7479916,6.3189216,7.9049788,8.860514,7.909782,0.1
Pinrang,2025-03-12,2025-03-11,2.3816185,3.3055902,3.6869283,3.0082848,3.1590328,29.400002
Pinrang,2025-03-13,2025-03-12,10.081666,11.009365,9.28384,12.093109,10.989222,4.5
Pinrang,2025-03-14,2025-03-13,2.5898366,6.995388,6.176489,6.1691556,5.9849052,0.70000005
Pinrang,2025-03-15,2025-03-14,2.4178126,4.358022,3.9574673,3.4222941,3.6881118,9.099999
Pinrang,2025-03-16,2025-03-15,3.222674,5.572794,9.145149,9.063889,8.797073,12.799999
Pinrang,2025-03-17,2025-03-16,3.3930883,6.0123343,8.211317,8.285469,8.241003,25.7
Pinrang,2025-03-18,2025-03-17,4.4655676,4.102953,8.710533,11.228186,10.4478245,10.0
Pinrang,2025-03-19,2025-03-18,2.1148942,5.381876,8.689819,8.52981,7.5685244,6.799999
Pinrang,2025-03-20,2025-03-19,-1.3978992,4.754017,7.5599957,7.9997334,7.575634,2.1999998
Pinrang,2025-03-21,2025-03-20,0.24211109,4.756282,5.223587,4.8816614,4.7818713,23.5
Pinrang,2025-03-22,2025-03-21,5.0695305,9.262878,10.743889,13.347988,12.190596,8.300001
Pinrang,2025-03-23,2025-03-22,0.29080176,7.651652,7.2281966,8.32152,8.190267,0.2
Pinrang,2025-03-24,2025-03-23,-0.8544955,3.2306263,4.2059197,4.23368,3.4904726,0.9
Pinrang,2025-03-25,2025-03-24,0.65236354,4.0817003,5.006775,4.701541,4.178182,1.0
Pinrang,2025-03-26,2025-03-25,1.7725374,3.5578418,3.9320714,3.4686627,3.5231504,0.0
Pinrang,2025-03-27,2025-03-26,2.1849546,2.2533195,2.994098,2.355446,2.3514345,0.4
Pinrang,2025-03-28,2025-03-27,2.52438,2.1966493,3.11017,3.233365,3.4150405,1.1
Pinrang,2025-03-29,2025-03-28,3.556541,2.8493185,4.4507475,3.840756,4.2003264,24.0
Pinrang,2025-03-30,2025-03-29,12.125881,7.555426,10.119472,12.160681,11.337402,0.70000005
Pinrang,2025-03-31,2025-03-30,2.600258,4.807025,5.737051,5.035405,5.125069,2.1999998
Pinrang,2025-04-01,2025-03-31,3.115728,6.444968,7.5296907,6.842665,6.603235,10.099999
Pinrang,2025-04-02,2025-04-01,3.467204,8.6723175,9.071293,9.457333,9.242676,2.1000001
Pinrang,2025-04-03,2025-04-02,3.0940576,4.8419495,5.1850977,5.030345,4.8000536,6.1
Pinrang,2025-04-04,2025-04-03,3.637022,7.2937512,6.933409,6.521374,7.0273724,12.7
Pinrang,2025-04-05,2025-04-04,6.1800623,8.84314,11.404022,10.770819,10.633478,5.9
Pinrang,2025-04-06,2025-04-05,5.552645,5.8613753,8.384079,6.623087,5.209936,19.200003
Pinrang,2025-04-07,2025-04-06,10.334333,7.8217854,11.633825,11.216053,10.672739,16.400003
Pinrang,2025-04-08,2025-04-07,8.03129,8.139782,12.383587,10.400793,10.677137,17.1
Pinrang,2025-04-09,2025-04-08,7.411055,9.2751255,12.39761,10.681992,10.928202,10.800002
Pinrang,2025-04-10,2025-04-09,7.5850677,8.398268,9.770081,9.713153,9.23427,1.1
Pinrang,2025-04-11,2025-04-10,3.0126834,4.1669683,4.4496875,3.7471838,3.768043,9.799999
Pinrang,2025-04-12,2025-04-11,8.174049,8.114919,7.085529,8.2347555,7.4907603,3.6
Pinrang,2025-04-13,2025-04-12,5.8607273,5.405999,5.3968334,5.3045654,4.9924345,1.5
Pinrang,2025-04-14,2025-04-13,5.0539703,3.9659069,4.025841,3.8692312,3.6350164,17.600002
Pinrang,2025-04-15,2025-04-14,11.899498,8.383211,11.725262,11.049124,9.671814,14.500002
Pinrang,2025-04-16,2025-04-15,7.6086197,7.1380043,10.190224,9.997709,7.8726172,3.1000001
Pinrang,2025-04-17,2025-04-16,4.2799616,5.0026746,8.134216,6.2980566,5.4457674,5.3
Pinrang,2025-04-18,2025-04-17,2.7550874,4.7057214,8.904636,7.3861837,5.5743446,5.899999
Pinrang,2025-04-19,2025-04-18,2.3205898,5.6369715,8.151556,8.068274,8.0830765,3.4
Pinrang,2025-04-20,2025-04-19,2.271252,5.266921,5.7431974,5.523667,5.5186896,0.1
Pinrang,2025-04-21,2025-04-20,0.058125496,2.7315989,2.6508498,2.545423,2.657998,2.9
Pinrang,2025-04-22,2025-04-21,2.068237,5.400653,4.8345766,5.0799155,5.181572,0.70000005
Pinrang,2025-04-23,2025-04-22,2.0810177,2.9729972,3.91164,3.2573328,3.1370802,2.3999999
Pinrang,2025-04-24,2025-04-23,2.9949887,3.5406978,4.99287,3.7376597,4.034592,9.4
Pinrang,2025-04-25,2025-04-24,6.12843,7.9476104,7.8417234,6.8596187,6.0987997,3.3999999
Pinrang,2025-04-26,2025-04-25,3.9531283,5.6247873,6.2015147,5.050689,4.3312073,3.6999998
Pinrang,2025-04-27,2025-04-26,4.5075183,4.249316,5.0773854,4.6720724,4.173087,2.4999998
Pinrang,2025-04-28,2025-04-27,3.6073813,3.876154,3.8771803,3.721426,2.7983737,1.2
Pinrang,2025-04-29,2025-04-28,2.6077464,2.560482,2.5278027,2.7784164,2.7114425,4.1
Pinrang,2025-04-30,2025-04-29,5.170699,4.605649,4.324749,4.7756596,4.4308233,11.599998
Pinrang,2025-05-01,2025-04-30,7.549735,7.9951196,6.767826,7.168545,5.8859253,5.6
Pinrang,2025-05-02,2025-05-01,5.619175,6.0324087,5.9434566,5.494403,5.364385,3.2999997
Pinrang,2025-05-03,2025-05-02,3.802558,4.314523,6.0131497,5.262562,4.7075653,1.6999999
Pinrang,2025-05-04,2025-05-03,3.4548633,3.2036567,4.3413353,3.3437295,3.234972,1.6
Pinrang,2025-05-05,2025-05-04,2.8704498,3.1889634,3.3133607,3.006334,2.4878936,8.6
Pinrang,2025-05-06,2025-05-05,5.8547406,6.0357294,7.157569,7.299952,6.759406,24.6
Pinrang,2025-05-07,2025-05-06,8.131672,6.9473658,6.167653,9.409977,7.8897233,14.0
Pinrang,2025-05-08,2025-05-07,6.70991,6.283591,9.06699,9.677754,7.927581,4.7
Pinrang,2025-05-09,2025-05-08,5.335433,5.2477865,7.4771476,6.7117476,6.3546195,4.3
Pinrang,2025-05-10,2025-05-09,3.7478724,4.532276,7.4542747,5.7944355,5.808156,4.7
Pinrang,2025-05-11,2025-05-10,4.625799,4.9423885,6.061489,5.6705637,5.2835374,0.3
Pinrang,2025-05-12,2025-05-11,1.3257445,1.9770304,1.3853197,1.2168062,1.3871207,0.4
Pinrang,2025-05-13,2025-05-12,0.3358358,2.2347567,1.8135505,1.4663229,1.4682646,0.6
Pinrang,2025-05-14,2025-05-13,-0.8975806,1.6258417,2.6915393,2.0033872,1.851849,11.6
Pinrang,2025-05-15,2025-05-14,2.54738,4.445401,7.209315,8.526969,8.183039,4.3
Pinrang,2025-05-16,2025-05-15,1.8262917,4.51578,5.423744,5.6536264,5.5220757,6.1
Pinrang,2025-05-17,2025-05-16,2.7166293,3.6201546,5.4395685,6.248973,5.5902834,15.500001
Pinrang,2025-05-18,2025-05-17,4.598282,4.076023,6.580257,9.41404,7.3799477,3.6
Pinrang,2025-05-19,2025-05-18,2.551573,4.2508335,4.2974443,5.5263605,4.5648174,6.5
Pinrang,2025-05-20,2025-05-19,2.9498255,4.392232,4.6410875,5.0181713,4.1880264,3.8999996
Pinrang,2025-05-21,2025-05-20,2.2435837,3.6826625,4.1833754,4.911218,4.2453766,0.1
Pinrang,2025-05-22,2025-05-21,0.5111873,1.929617,1.6926227,1.9144052,1.7987695,1.5
Pinrang,2025-05-23,2025-05-22,1.641498,2.5326667,2.8936107,3.0400038,2.4648626,11.100001
Pinrang,2025-05-24,2025-05-23,3.8235185,2.6595697,6.680613,6.9006815,5.4640203,0.0
Pinrang,2025-05-25,2025-05-24,0.44284987,0.47232413,1.7962532,2.5114884,2.2075737,1.0
Pinrang,2025-05-26,2025-05-25,1.2988911,1.4265614,1.8483882,2.4200263,2.1575942,10.3
Pinrang,2025-05-27,2025-05-26,3.9676976,4.622841,5.624502,7.7068105,6.1904407,6.1
Pinrang,2025-05-28,2025-05-27,1.6935588,5.530777,4.5967536,6.1814656,5.662018,0.5
Pinrang,2025-05-29,2025-05-28,-0.012489557,2.1809573,1.1015359,1.7991161,1.6492653,6.2000003
Pinrang,2025-05-30,2025-05-29,1.0786897,4.623128,4.179682,5.86578,5.2900047,5.2
Pinrang,2025-05-31,2025-05-30,0.1305027,5.0468454,3.585684,5.130393,4.4272904,18.7
Pinrang,2025-06-01,2025-05-31,3.6624508,4.7751327,4.0925117,7.432037,6.4411435,9.699999
Pinrang,2025-06-02,2025-06-01,1.1678511,4.225435,2.9631453,5.2797384,3.0108204,7.1
Pinrang,2025-06-03,2025-06-02,3.212715,3.711462,5.1833363,5.7167625,4.362577,0.7
Pinrang,2025-06-04,2025-06-03,0.835853,1.6909871,3.7001538,4.017242,2.6962583,0.2
Pinrang,2025-06-05,2025-06-04,0.46879613,1.8477411,1.7572638,1.978545,1.8937085,0.0
Pinrang,2025-06-06,2025-06-05,0.06687784,1.0094885,0.3109846,0.9088311,1.0529962,0.9
Pinrang,2025-06-07,2025-06-06,1.0138329,1.4728022,1.6485009,1.9698517,2.4205093,7.0
Pinrang,2025-06-08,2025-06-07,2.4652474,3.795522,3.8065095,5.5457287,4.4516296,0.5
Pinrang,2025-06-09,2025-06-08,1.0285565,1.6982491,0.84615064,1.8519146,1.8596007,0.90000004
Pinrang,2025-06-10,2025-06-09,1.6075974,2.2592103,0.9996071,1.7210914,1.8991905,0.1
Pinrang,2025-06-11,2025-06-10,0.2106564,1.3159432,0.7342093,1.2966373,0.9236871,1.1
Pinrang,2025-06-12,2025-06-11,1.1437868,1.398801,1.3822517,1.7671872,1.4101497,0.2
Pinrang,2025-06-13,2025-06-12,0.39739895,0.8417195,0.63495255,1.2975221,1.0709455,8.0
Pinrang,2025-06-14,2025-06-13,3.308033,5.002794,0.90483797,4.2166023,3.0482042,9.6
Pinrang,2025-06-15,2025-06-14,3.3458304,3.5603242,0.5218663,3.5398364,2.7839873,2.8999999
Pinrang,2025-06-16,2025-06-15,0.7257869,3.180337,3.17369,4.6202784,4.3747587,0.0
Pinrang,2025-06-17,2025-06-16,0.076146364,1.8725013,0.6642891,1.8352603,1.7376046,2.3000002
Pinrang,2025-06-18,2025-06-17,0.82339346,2.57877,2.773858,3.5182333,3.1513345,0.4
Pinrang,2025-06-19,2025-06-18,0.4696014,1.394578,0.9492588,1.334511,1.3164309,5.2
Pinrang,2025-06-20,2025-06-19,0.46832514,3.6207948,3.2991838,3.8117156,3.727534,29.300003
Pinrang,2025-06-21,2025-06-20,9.892576,5.721695,2.2047167,7.178522,5.0008373,3.7
Pinrang,2025-06-22,2025-06-21,1.196308,4.184841,2.3293858,3.952444,2.5854228,0.0
Pinrang,2025-06-23,2025-06-22,-1.221827,2.473001,-0.07133937,0.99056196,0.50712764,0.3
Pinrang,2025-06-24,2025-06-23,-0.9207914,2.905973,0.40115356,1.3094606,0.859493,0.4
Pinrang,2025-06-25,2025-06-24,0.7129365,1.1558466,0.7793838,1.3883762,1.078298,2.2999997
Pinrang,2025-06-26,2025-06-25,2.9312778,2.307219,1.4627633,2.3401885,2.1854734,0.6
Pinrang,2025-06-27,2025-06-26,0.6514542,1.1428975,0.08419514,0.3956555,-0.06132984,0.1
Pinrang,2025-06-28,2025-06-27,0.18576574,0.97868955,-0.05888629,0.07751441,0.12069607,12.499999
Pinrang,2025-06-29,2025-06-28,5.4034004,1.9735305,4.0694423,5.5383205,4.763198,2.8000002
Pinrang,2025-06-30,2025-06-29,1.6771758,1.1341983,1.05916,1.7132179,1.2526236,3.0
Pinrang,2025-07-01,2025-06-30,1.9312851,-0.25182438,2.5381372,3.2768915,2.9800332,0.6
Pinrang,2025-07-02,2025-07-01,0.49170566,-0.826525,0.99064636,1.5108155,0.96015656,0.8000001
Pinrang,2025-07-03,2025-07-02,0.8579612,1.5504258,0.39187455,1.1475071,1.0063888,1.5
Pinrang,2025-07-04,2025-07-03,1.4440062,2.2741961,1.2541902,2.1854866,2.1654975,4.6000004
Pinrang,2025-07-05,2025-07-04,2.541224,2.8524978,1.838344,3.4389038,3.3298416,1.1
Pinrang,2025-07-06,2025-07-05,1.1524113,2.1928315,0.7419671,2.5400605,1.6654435,5.8999996
Pinrang,2025-07-07,2025-07-06,1.7770164,2.3398213,2.201335,4.048219,3.015143,0.0
Pinrang,2025-07-08,2025-07-07,-0.829587,0.59297454,0.5434319,1.5472019,1.0538455,0.3
Pinrang,2025-07-09,2025-07-08,-0.5205655,0.429708,0.6220552,1.1863917,0.7956103,9.700001
Pinrang,2025-07-10,2025-07-09,1.388933,1.6540737,4.0509834,4.7405586,4.9210067,11.9
Pinrang,2025-07-11,2025-07-10,4.2718477,5.1482353,4.7767277,6.592264,5.866419,0.0
Pinrang,2025-07-12,2025-07-11,0.0606153,1.1296749,2.020364,1.8085726,0.9547602,3.5
Pinrang,2025-07-13,2025-07-12,2.7821693,2.4073863,3.5785084,4.17872,3.857658,0.9
Pinrang,2025-07-14,2025-07-13,0.95518744,1.5632313,2.5848908,2.6205137,2.0146985,3.0
Pinrang,2025-07-15,2025-07-14,3.0671136,2.9165392,3.4245567,3.4184933,3.2181504,3.1999998
Pinrang,2025-07-16,2025-07-15,3.268318,3.1411204,3.1550894,2.6291785,3.2670903,0.0
Pinrang,2025-07-17,2025-07-16,0.06476998,0.9808347,0.7169403,0.6220064,0.38876617,0.0
Pinrang,2025-07-18,2025-07-17,0.063031435,1.3016062,0.35276735,0.3701346,0.2830739,0.0
Pinrang,2025-07-19,2025-07-18,0.067510605,0.837082,-0.16469932,0.034119368,0.056673765,0.0
Pinrang,2025-07-20,2025-07-19,0.06433296,0.4987018,-0.15142441,0.030290842,0.036169767,0.0
Pinrang,2025-07-21,2025-07-20,0.062115908,0.35773015,-0.034585238,0.19341993,0.16653967,0.90000004
Pinrang,2025-07-22,2025-07-21,0.9610182,1.2197375,0.84480405,1.2488008,1.1221288,3.1999998
Pinrang,2025-07-23,2025-07-22,3.1247096,2.5590935,0.449332,1.2134428,2.12931,0.9
Pinrang,2025-07-24,2025-07-23,0.96525204,1.3536868,-0.110262156,0.53786945,0.9675033,0.5
Pinrang,2025-07-25,2025-07-24,0.5680541,0.5261121,0.059877634,0.6084801,0.7773005,0.0
Pinrang,2025-07-26,2025-07-25,0.06522632,0.06750393,-0.031277895,0.50522995,0.33535194,0.0
Pinrang,2025-07-27,2025-07-26,0.06475639,0.26483285,-0.07782936,0.20705354,0.12621188,4.0
Pinrang,2025-07-28,2025-07-27,1.4226985,3.2116165,2.168454,3.2548618,3.718082,0.70000005
Pinrang,2025-07-29,2025-07-28,0.76329696,1.1088495,0.5242897,0.91861343,0.9181626,0.3
Pinrang,2025-07-30,2025-07-29,0.36023927,0.80011153,0.46384656,0.8473834,0.7855818,1.1
Pinrang,2025-07-31,2025-07-30,1.1661516,1.2750239,1.2809666,1.3067613,1.2531431,3.8
Pinrang,2025-08-01,2025-07-31,2.7572112,2.267939,3.6031804,3.375245,4.047329,0.3
Pinrang,2025-08-02,2025-08-01,0.36503565,0.5097624,0.8588835,1.0368615,0.90669346,0.0
Pinrang,2025-08-03,2025-08-02,0.06341767,0.3914219,0.3132105,0.60302806,0.34357238,1.6000001
Pinrang,2025-08-04,2025-08-03,1.6635357,1.3889234,1.611654,1.8302913,1.5920151,1.6
Pinrang,2025-08-05,2025-08-04,1.6652958,0.91860366,1.3589249,1.7545273,1.2591698,2.2
Pinrang,2025-08-06,2025-08-05,2.2650468,1.1671137,2.0615747,2.2382953,1.8771628,2.5
Pinrang,2025-08-07,2025-08-06,2.5637121,0.6806985,1.4866848,1.8348273,0.8652108,2.5
Pinrang,2025-08-08,2025-08-07,2.5652199,0.7464688,1.7184262,2.0269935,1.740568,16.1
Pinrang,2025-08-09,2025-08-08,4.1478705,2.8072402,2.347955,4.8573847,3.7131824,5.7999997
Pinrang,2025-08-10,2025-08-09,5.1199045,1.8340021,2.4530702,1.7571992,1.6262112,1.4000001
Pinrang,2025-08-11,2025-08-10,1.4727223,1.0747668,3.2828147,1.9489987,2.2615135,0.3
Pinrang,2025-08-12,2025-08-11,0.36878657,0.99959564,1.3946466,0.8939338,1.0844992,0.0
Pinrang,2025-08-13,2025-08-12,0.07093263,1.3248906,0.38023067,0.32488418,0.50498724,0.0
Pinrang,2025-08-14,2025-08-13,0.070176125,0.86493623,0.21890426,0.122962,0.24698925,0.0
Pinrang,2025-08-15,2025-08-14,0.06425047,0.8516028,0.014534235,0.074599266,0.07224846,0.0
Pinrang,2025-08-16,2025-08-15,0.05665016,0.61467755,-0.08222437,0.036149263,0.050501347,0.70000005
Pinrang,2025-08-17,2025-08-16,0.7628163,1.0324097,0.7793424,0.7284218,0.71533453,0.6
Pinrang,2025-08-18,2025-08-17,0.6685705,0.93324673,0.7716516,0.90620756,0.7037369,1.2
Pinrang,2025-08-19,2025-08-18,-0.26881337,1.3402388,1.0921099,1.2571135,0.95852566,4.1
Pinrang,2025-08-20,2025-08-19,2.482203,3.3452084,1.9331299,3.083193,2.2885108,2.2
Pinrang,2025-08-21,2025-08-20,2.1680014,2.102573,1.08744,2.05281,1.4065322,2.3000002
Pinrang,2025-08-22,2025-08-21,2.3712604,2.0758245,1.4816185,2.269718,1.8176566,1.2
Pinrang,2025-08-23,2025-08-22,1.2662628,1.400404,1.1498446,1.3461728,1.2407827,3.0
Pinrang,2025-08-24,2025-08-23,3.063085,2.7708373,2.5894947,2.7708519,2.6789892,2.5
Pinrang,2025-08-25,2025-08-24,2.5679295,1.2046596,2.6975756,2.6361997,2.7432518,8.7
Pinrang,2025-08-26,2025-08-25,1.6819682,1.8200525,4.9954557,5.4331512,6.0326605,10.900001
Pinrang,2025-08-27,2025-08-26,-2.2971368,1.1588588,5.258765,5.6199937,6.4426255,0.6
Pinrang,2025-08-28,2025-08-27,-3.0809903,0.8731607,1.6363659,2.1829605,1.7798275,0.1
Pinrang,2025-08-29,2025-08-28,-2.4773102,0.9560474,0.52150595,0.7435248,0.6561862,1.2
Pinrang,2025-08-30,2025-08-29,-0.036314726,1.8079892,1.679389,1.7933726,1.7409482,0.2
Pinrang,2025-08-31,2025-08-30,0.2664076,0.4375018,0.43039715,0.37762976,0.42940974,0.0
Pinrang,2025-09-01,2025-08-31,0.03749633,0.25285363,0.058319807,0.1429708,0.12097645,0.0
Pinrang,2025-09-02,2025-09-01,-1.4996169,0.20339191,0.06012559,0.0044617653,0.03783965,0.3
Pinrang,2025-09-03,2025-09-02,0.36779475,0.47674048,0.35413384,0.2956698,0.30595756,0.3
Pinrang,2025-09-04,2025-09-03,-0.54612374,0.53262687,0.43891275,0.33754063,0.31205916,0.0
Pinrang,2025-09-05,2025-09-04,-1.2244844,0.17511344,0.083474636,-0.06377149,-0.007605076,0.0
Pinrang,2025-09-06,2025-09-05,-0.49841762,0.25486052,0.1862731,0.102553606,0.113031864,13.799999
Pinrang,2025-09-07,2025-09-06,-3.569964,2.963241,5.366376,5.921681,6.0726376,9.300001
Pinrang,2025-09-08,2025-09-07,-0.36390066,2.8926654,3.1810274,2.9681506,2.72011,8.099999
Pinrang,2025-09-09,2025-09-08,1.488817,2.7514336,1.163055,3.0078912,2.5103567,6.7000003
Pinrang,2025-09-10,2025-09-09,2.950388,3.3897471,2.8396392,4.4896703,4.209825,23.1
Pinrang,2025-09-11,2025-09-10,4.9227505,8.230316,3.418284,8.010824,6.200404,0.1
Pinrang,2025-09-12,2025-09-11,0.18127489,2.7163217,1.8788737,1.8784972,2.2425292,0.0
Pinrang,2025-09-13,2025-09-12,0.07990885,2.897456,1.6044784,2.3980854,2.4401355,0.0
Pinrang,2025-09-14,2025-09-13,0.07842326,2.003455,1.2268717,1.7927318,1.8148749,16.1
Pinrang,2025-09-15,2025-09-14,9.768496,6.489063,8.117599,9.996451,10.93549,0.7
Pinrang,2025-09-16,2025-09-15,0.7778983,1.8481574,1.9296772,2.1273077,1.8707016,0.2
Pinrang,2025-09-17,2025-09-16,0.27805305,1.3443044,1.2202907,1.421937,1.5839021,0.0
Pinrang,2025-09-18,2025-09-17,0.08188629,1.5709045,0.7458124,1.1361333,1.1698914,0.0
Pinrang,2025-09-19,2025-09-18,0.08199072,1.0234199,0.08556914,0.24633622,0.28761005,0.0
Pinrang,2025-09-20,2025-09-19,0.07948542,0.9227731,0.10636401,0.17552614,0.2416066,0.6
Pinrang,2025-09-21,2025-09-20,0.67792165,1.5279815,0.73207664,0.9985306,0.9768292,0.0
Pinrang,2025-09-22,2025-09-21,0.07985973,0.8593534,0.35233474,0.59168017,0.56832623,0.0
Pinrang,2025-09-23,2025-09-22,0.08284593,1.0934825,0.5026357,0.7476473,0.43349063,0.1
Pinrang,2025-09-24,2025-09-23,0.17834282,1.0341982,0.3548957,0.67731035,0.4286902,0.0
Pinrang,2025-09-25,2025-09-24,0.0775404,0.7994399,0.22675252,0.5095557,0.37660193,0.1
Pinrang,2025-09-26,2025-09-25,0.17878628,0.6767086,0.23304856,0.4985932,0.42297578,4.2
Pinrang,2025-09-27,2025-09-26,4.2840123,2.6374245,4.352848,4.796941,4.823325,1.1
Pinrang,2025-09-28,2025-09-27,1.1816021,1.4851363,2.067564,2.130267,2.2313168,4.5999994
Pinrang,2025-09-29,2025-09-28,3.6181922,3.301857,3.6417468,4.9463577,4.9699736,3.4
Pinrang,2025-09-30,2025-09-29,3.35005,3.6093826,3.7150495,4.588481,4.369357,3.7999997
Pinrang,2025-10-01,2025-09-30,0.66190255,3.7986355,4.596655,5.001136,5.292484,0.0
Pinrang,2025-10-02,2025-10-01,-0.025024414,1.1579894,1.3310959,1.7398142,2.3481932,0.6
Pinrang,2025-10-03,2025-10-02,0.6822159,1.5370125,1.4191083,2.056589,2.5696113,7.6
Pinrang,2025-10-04,2025-10-03,3.2429793,6.142735,7.701156,7.13706,8.211282,8.2
Pinrang,2025-10-05,2025-10-04,4.125595,5.276775,5.425264,4.8886867,4.779482,4.5
Pinrang,2025-10-06,2025-10-05,4.369129,4.18365,4.501025,4.135184,3.8049517,5.2
Pinrang,2025-10-07,2025-10-06,4.0373287,3.8270164,4.0054092,4.6476717,3.133129,0.4
Pinrang,2025-10-08,2025-10-07,0.48340952,1.7691653,1.6139994,1.6608918,1.7078332,0.90000004
Pinrang,2025-10-09,2025-10-08,0.9854218,2.263794,0.9227623,1.3025303,-0.31049657,0.0
Pinrang,2025-10-10,2025-10-09,0.08407259,1.0243418,0.09392023,0.5785347,-0.82295036,6.7999997
Pinrang,2025-10-11,2025-10-10,6.8855844,4.4431868,2.5415344,3.2905145,2.433096,0.3
Pinrang,2025-10-12,2025-10-11,0.38365805,1.8207949,1.1644508,0.9028239,0.302567,6.0
Pinrang,2025-10-13,2025-10-12,4.5553703,3.5273402,2.8192935,3.4451172,1.5508378,3.1000001
Pinrang,2025-10-14,2025-10-13,3.1835186,3.0042415,2.6308584,2.6479352,2.0014439,2.0
Pinrang,2025-10-15,2025-10-14,2.0819798,3.2503912,1.9405514,2.3668065,1.8322198,0.1
Pinrang,2025-10-16,2025-10-15,0.17876554,1.8095034,0.8669101,1.156221,1.15291,3.8000002
Pinrang,2025-10-17,2025-10-16,3.877787,4.610411,3.7056437,3.9525938,3.7139418,2.3999999
Pinrang,2025-10-18,2025-10-17,2.4739146,3.176476,2.8798194,3.220773,3.246089,3.0
Pinrang,2025-10-19,2025-10-18,3.0728495,3.611869,3.7831042,3.74017,3.5148356,24.199999
Pinrang,2025-10-20,2025-10-19,11.565964,7.1495457,4.749984,9.394565,7.1998115,4.6
Pinrang,2025-10-21,2025-10-20,4.676506,3.2849717,3.5691555,4.6824036,4.21916,5.6
Pinrang,2025-10-22,2025-10-21,5.612186,3.5598319,2.3830938,4.5090675,4.067231,17.800001
Pinrang,2025-10-23,2025-10-22,6.6947713,4.0667715,1.9263724,4.841381,3.2331052,3.0999997
Pinrang,2025-10-24,2025-10-23,3.0991387,4.333951,4.0616555,4.6239166,4.3681087,0.3
Pinrang,2025-10-25,2025-10-24,0.37296748,2.864543,3.2210953,2.9279325,3.313653,18.0
Pinrang,2025-10-26,2025-10-25,6.843389,7.031163,5.8261447,8.617813,7.86274,22.800005
Pinrang,2025-10-27,2025-10-26,7.0422225,9.057556,8.389207,9.881422,8.489686,1.3
Pinrang,2025-10-28,2025-10-27,2.3573873,5.3682623,5.4981337,4.496414,4.9526873,2.2
Pinrang,2025-10-29,2025-10-28,3.3275826,5.8555923,5.259472,5.155569,4.494966,10.3
Pinrang,2025-10-30,2025-10-29,6.155346,8.870454,5.533782,7.4797115,6.598507,0.6
Pinrang,2025-10-31,2025-10-30,2.2528334,3.0936246,1.7932187,2.602866,2.8426511,6.0999994
Pinrang,2025-11-01,2025-10-31,2.7613482,5.7421217,4.4999247,6.8967624,6.6068034,4.6
Pinrang,2025-11-02,2025-11-01,3.0538795,5.244478,3.2975225,5.557063,4.3430405,9.6
Pinrang,2025-11-03,2025-11-02,6.904649,7.2913146,6.6834245,8.641268,8.046251,7.6
Pinrang,2025-11-04,2025-11-03,5.683413,6.7105856,5.5005617,7.194983,7.0592337,6.8999996
Pinrang,2025-11-05,2025-11-04,4.361911,4.822047,4.5800266,6.3664336,4.2587466,0.3
Pinrang,2025-11-06,2025-11-05,2.2874298,2.8019745,3.0868196,3.3574579,3.092453,13.699999
Pinrang,2025-11-07,2025-11-06,6.4733243,5.187975,4.501045,8.080768,6.2356687,6.9
Pinrang,2025-11-08,2025-11-07,4.5182676,5.0711975,4.3847923,5.6830306,4.142951,0.6
Pinrang,2025-11-09,2025-11-08,3.0720768,3.555389,4.0041466,4.0075374,4.020234,25.1
Pinrang,2025-11-10,2025-11-09,9.602465,9.650358,8.510109,12.867588,10.865431,1.7000002
Pinrang,2025-11-11,2025-11-10,3.7512856,6.3856173,4.5673933,6.050893,4.7886453,3.8999999
Pinrang,2025-11-12,2025-11-11,5.893773,6.984558,7.0532827,7.1037335,6.067713,34.6
Pinrang,2025-11-13,2025-11-12,13.152819,8.644103,10.774252,13.674488,10.931295,3.1999998
Pinrang,2025-11-14,2025-11-13,4.960539,6.2534304,5.0333357,4.759554,4.8641663,0.3
Pinrang,2025-11-15,2025-11-14,2.5748396,5.5731792,3.669665,3.7081642,3.4514408,2.7
Pinrang,2025-11-16,2025-11-15,4.8446198,6.588884,5.091819,4.4062014,5.0544386,4.1000004
Pinrang,2025-11-17,2025-11-16,6.019103,5.523941,6.7084355,5.680216,5.2210207,0.2
Pinrang,2025-11-18,2025-11-17,2.4111075,3.0402033,3.793705,3.0640223,2.7654283,6.5999994
Pinrang,2025-11-19,2025-11-18,8.944112,7.866327,5.984564,6.5322676,6.1099224,11.900001
Pinrang,2025-11-20,2025-11-19,11.223974,8.122994,7.115089,7.372937,7.458284,1.8000001
Pinrang,2025-11-21,2025-11-20,3.7819147,3.7946103,3.8324385,3.2826765,3.2297025,2.2999997
Pinrang,2025-11-22,2025-11-21,4.3552284,4.288084,4.0899262,4.3698683,4.158489,7.2999997
Pinrang,2025-11-23,2025-11-22,9.436065,6.713622,7.2185893,6.372484,5.7732368,3.0
Pinrang,2025-11-24,2025-11-23,4.957132,5.2103734,5.599308,5.127201,5.244175,5.2999997
Pinrang,2025-11-25,2025-11-24,7.2802515,6.6134233,7.3115697,6.690119,6.3265963,6.4999995
Pinrang,2025-11-26,2025-11-25,8.597922,6.224663,7.4427466,6.790287,6.731361,1.2000002
Pinrang,2025-11-27,2025-11-26,3.333353,2.7032986,5.177454,4.409895,4.3809605,0.4
Pinrang,2025-11-28,2025-11-27,2.3947897,2.6730435,3.873407,3.3880086,3.577032,0.3
Pinrang,2025-11-29,2025-11-28,2.15387,1.4929879,3.2797446,2.4718308,2.7380023,16.4
Pinrang,2025-11-30,2025-11-29,6.7404046,7.078664,8.739141,8.551592,8.314793,3.8
Pinrang,2025-12-01,2025-11-30,2.5294063,5.8397694,8.074335,6.799959,6.7815833,3.6999998
Pinrang,2025-12-02,2025-12-01,3.130166,5.245672,7.9382114,6.3958573,6.260325,15.2
Pinrang,2025-12-03,2025-12-02,7.7484503,8.825649,10.247389,10.539007,10.403875,17.7
Pinrang,2025-12-04,2025-12-03,8.118797,10.969084,12.208115,12.318716,12.333157,10.800001
Pinrang,2025-12-05,2025-12-04,5.703869,6.897857,9.584975,9.416031,9.385403,37.7
Pinrang,2025-12-06,2025-12-05,16.60743,12.84589,18.712727,18.482378,15.294922,4.3999996
Pinrang,2025-12-07,2025-12-06,5.87603,8.043617,7.647929,6.1453037,5.910892,4.7
Pinrang,2025-12-08,2025-12-07,6.8130984,9.385555,9.039051,6.791373,6.005212,62.700005
Pinrang,2025-12-09,2025-12-08,20.103064,19.683882,13.775717,19.577082,15.029081,5.499999
Pinrang,2025-12-10,2025-12-09,7.1725755,10.945583,4.8174105,5.0500226,4.7368045,3.0999997
Pinrang,2025-12-11,2025-12-10,5.439164,9.624506,7.0259795,5.710036,6.643452,13.8
Pinrang,2025-12-12,2025-12-11,9.563168,8.536281,13.3373165,12.963453,10.975353,1.6000001
Pinrang,2025-12-13,2025-12-12,4.6522427,4.4995947,3.787235,2.9121926,2.8235478,7.4
Pinrang,2025-12-14,2025-12-13,9.872927,8.411722,6.155164,6.3445487,6.570182,1.4
Pinrang,2025-12-15,2025-12-14,4.3047533,3.66319,2.7049475,2.5687103,2.7418199,7.6999993
Pinrang,2025-12-16,2025-12-15,8.558128,6.2989535,6.0116873,6.641386,6.6026855,3.2
Pinrang,2025-12-17,2025-12-16,6.812176,4.3785524,4.269393,4.543778,3.866919,0.0
Pinrang,2025-12-18,2025-12-17,2.4595692,2.2164419,1.2042627,1.7366723,1.2132591,2.7
Pinrang,2025-12-19,2025-12-18,3.7815547,3.5700336,4.729116,5.0235367,4.8956213,7.5
Pinrang,2025-12-20,2025-12-19,6.626983,5.8587008,7.409093,7.77658,7.7516003,2.5
Pinrang,2025-12-21,2025-12-20,4.6416225,4.7994576,5.6047707,5.6850214,5.1351414,11.999999
Pinrang,2025-12-22,2025-12-21,8.048294,4.655036,7.406393,7.46872,7.3227687,10.200001
Pinrang,2025-12-23,2025-12-22,7.772598,6.205704,9.157074,9.684442,10.009147,12.200001
Pinrang,2025-12-24,2025-12-23,4.681191,6.4556007,8.555944,9.528795,8.789465,7.2999997
Pinrang,2025-12-25,2025-12-24,2.5629246,4.1724167,9.063276,7.0401483,6.9368777,0.90000004
Pinrang,2025-12-26,2025-12-25,3.188974,3.4905214,4.965167,4.7152777,4.9915338,2.5
Pinrang,2025-12-27,2025-12-26,4.8270617,5.176814,6.979982,6.886091,7.367528,2.6
Pinrang,2025-12-28,2025-12-27,4.3973904,4.2111454,6.622742,6.0408254,6.3402815,0.3
Pinrang,2025-12-29,2025-12-28,3.1704445,1.78152,3.5345159,2.842685,3.29079,8.599999
Pinrang,2025-12-30,2025-12-29,7.344587,8.653911,9.439843,9.827734,10.179089,2.9999998
Pinrang,2025-12-31,2025-12-30,5.056246,4.3195333,6.681716,5.9437656,5.6150985,13.199999
Pinrang,2026-01-01,2025-12-31,13.480961,12.245443,12.364029,12.806038,12.425179,30.800001
Pinrang,2026-01-02,2026-01-01,14.182877,13.268721,11.807194,13.237768,10.2362175,12.400001
Pinrang,2026-01-03,2026-01-02,6.9137588,9.858698,8.752218,7.7231565,5.7620263,12.099999
Pinrang,2026-01-04,2026-01-03,7.5126905,11.484892,10.697062,10.566303,7.6887007,8.999999
Pinrang,2026-01-05,2026-01-04,3.7206984,8.585178,6.578242,6.981064,4.032605,5.2999997
Pinrang,2026-01-06,2026-01-05,4.2927446,5.636376,6.9783416,6.7900877,5.423947,8.499999
Pinrang,2026-01-07,2026-01-06,3.8493228,5.5027018,7.7135415,8.441412,6.7027354,3.2999997
Pinrang,2026-01-08,2026-01-07,3.780523,4.106212,2.8785367,3.58322,3.3935213,0.0
Pinrang,2026-01-09,2026-01-08,1.9191611,1.2975991,1.3132126,1.1086118,1.1926571,0.90000004
Pinrang,2026-01-10,2026-01-09,2.6184964,2.572611,2.4142427,2.0546873,1.6601038,30.0
Pinrang,2026-01-11,2026-01-10,10.436792,8.044149,9.172797,12.388741,10.926985,4.1000004
Pinrang,2026-01-12,2026-01-11,3.3964062,3.6485598,4.609659,5.2348967,4.3894396,0.2
Pinrang,2026-01-13,2026-01-12,-0.26496553,1.4450104,2.0291069,2.3258586,2.2344935,0.0
Pinrang,2026-01-14,2026-01-13,-0.54838085,2.7896762,2.42526,1.8557605,2.483851,0.4
Pinrang,2026-01-15,2026-01-14,2.0111628,2.4991684,2.0224457,1.9977486,1.6011319,0.8
Pinrang,2026-01-16,2026-01-15,2.59211,2.7733188,2.391661,2.372253,2.0525327,0.5
Pinrang,2026-01-17,2026-01-16,2.384851,2.0952182,1.738225,1.7725956,1.429603,3.9999998
Pinrang,2026-01-18,2026-01-17,5.9743986,4.666127,5.527844,4.603813,3.9888186,25.999998
Pinrang,2026-01-19,2026-01-18,12.970129,11.11759,10.439804,12.128078,9.7554035,19.299997
Pinrang,2026-01-20,2026-01-19,9.980484,9.068125,9.098722,10.634691,8.856116,13.900002
Pinrang,2026-01-21,2026-01-20,9.169962,6.3637977,8.428268,9.2673,7.602946,0.1
Pinrang,2026-01-22,2026-01-21,2.0226648,1.9264795,3.3881946,2.4138377,1.5751234,0.0
Pinrang,2026-01-23,2026-01-22,2.13328,2.2069728,2.3965855,2.4996154,2.3157296,0.0
Pinrang,2026-01-24,2026-01-23,2.2544775,1.8238105,3.0665748,2.8413527,2.811377,0.4
Pinrang,2026-01-25,2026-01-24,2.7384727,2.2718086,3.8997445,2.895177,3.1138144,0.1
Pinrang,2026-01-26,2026-01-25,2.2696207,1.844711,2.573108,1.6767992,1.3514785,1.0
Pinrang,2026-01-27,2026-01-26,3.573058,2.9904,4.121484,3.230388,3.1980476,12.500001
Pinrang,2026-01-28,2026-01-27,9.623192,9.15946,10.69916,9.4775715,9.613504,20.9
Pinrang,2026-01-29,2026-01-28,6.1867485,9.146984,10.913176,9.352066,9.355855,11.400001
Pinrang,2026-01-30,2026-01-29,7.1767545,7.342482,9.334141,8.48755,6.120185,2.0
Pinrang,2026-01-31,2026-01-30,2.7498603,4.106862,3.909478,3.9900444,3.6274781,6.2999997
Pinrang,2026-02-01,2026-01-31,3.9790676,8.115459,7.2156305,8.528715,8.323035,0.0
Pinrang,2026-02-02,2026-02-01,1.8716743,2.702448,2.153939,2.3603559,2.2929192,5.7999997
Pinrang,2026-02-03,2026-02-02,7.2805877,7.7500277,6.7630997,7.383058,7.2177243,5.2000003
Pinrang,2026-02-04,2026-02-03,4.6035404,6.583844,6.207295,5.5479097,4.9913845,4.6
Pinrang,2026-02-05,2026-02-04,6.9264402,5.863883,6.9539895,6.1688614,5.8039713,0.9000001
Pinrang,2026-02-06,2026-02-05,3.3892033,2.8107853,3.6097324,3.0880938,2.896185,9.6
Pinrang,2026-02-07,2026-02-06,8.348007,6.024354,7.671279,6.7856383,6.7674184,2.0
Pinrang,2026-02-08,2026-02-07,4.396632,3.9828715,3.9906232,3.5568721,3.2489233,14.500003
Pinrang,2026-02-09,2026-02-08,8.280643,8.832342,8.448168,9.92655,9.207317,2.1
Pinrang,2026-02-10,2026-02-09,4.2084403,4.197411,3.0749311,3.8829,3.6265779,17.300001
Pinrang,2026-02-11,2026-02-10,11.853983,9.67107,6.0039225,9.6923065,6.699833,1.2000002
Pinrang,2026-02-12,2026-02-11,3.9763098,3.6557603,3.0965273,3.7362907,3.1136603,13.7
Pinrang,2026-02-13,2026-02-12,8.89297,8.677031,7.061956,9.522051,7.995198,18.5
Pinrang,2026-02-14,2026-02-13,10.621725,9.468747,8.056601,9.774124,7.2627583,0.1
Pinrang,2026-02-15,2026-02-14,2.2666233,3.209715,3.5661278,3.2374928,2.777803,0.0
Pinrang,2026-02-16,2026-02-15,1.9185544,3.068187,2.5344763,1.5855378,1.7705729,5.5
Pinrang,2026-02-17,2026-02-16,7.3623185,6.9442773,8.372601,7.648175,7.0844946,11.1
Pinrang,2026-02-18,2026-02-17,7.536657,8.511275,9.406584,9.69825,8.91984,14.900001
Pinrang,2026-02-19,2026-02-18,9.304014,9.125557,8.836653,10.240631,9.571651,2.0
Pinrang,2026-02-20,2026-02-19,4.7355943,3.6486025,4.282702,4.184833,4.1118183,7.4
Pinrang,2026-02-21,2026-02-20,8.759636,6.174895,8.285543,7.8916616,7.790136,14.5
Pinrang,2026-02-22,2026-02-21,13.675411,9.217545,6.239398,7.4031925,6.0533113,0.0
Pinrang,2026-02-23,2026-02-22,3.1002798,2.893223,2.2435582,2.1580994,1.535907,18.4
Pinrang,2026-02-24,2026-02-23,13.926851,10.204103,10.200289,10.182804,9.926654,66.200005
Pinrang,2026-02-25,2026-02-24,23.669088,13.371962,11.855009,19.188198,16.616476,7.3
Pinrang,2026-02-26,2026-02-25,6.5956626,7.3603086,7.26598,7.940641,7.5677238,8.900001
Pinrang,2026-02-27,2026-02-26,5.7389994,4.0005703,7.725955,8.054592,6.674587,0.4
Pinrang,2026-02-28,2026-02-27,-0.006149769,5.3659534,2.596104,2.6447332,3.1402075,0.0
Pinrang,2026-03-01,2026-02-28,2.5047884,1.8632494,1.2080954,1.0741205,1.2960988,0.0
Pinrang,2026-03-02,2026-03-01,3.0937483,1.9728988,2.4832366,1.8580508,1.5096829,0.0
Pinrang,2026-03-03,2026-03-02,0.13757753,1.0387832,1.6795609,0.85649836,1.153871,0.0
Pinrang,2026-03-04,2026-03-03,3.153929,2.7380838,2.434765,1.5065308,1.5415819,2.0
Pinrang,2026-03-05,2026-03-04,5.340436,2.915894,4.6682067,4.0884924,3.8726728,0.1
Pinrang,2026-03-06,2026-03-05,3.1895118,1.6263006,3.4407592,2.7265255,2.9272156,0.1
Pinrang,2026-03-07,2026-03-06,2.7806838,1.4175537,3.3309703,2.4402275,2.5338519,0.70000005
Pinrang,2026-03-08,2026-03-07,3.1248093,2.0486915,3.4684792,2.8305569,2.8656867,7.999999
Pinrang,2026-03-09,2026-03-08,6.279753,7.9412026,7.2859464,8.775126,8.084354,9.299999
Pinrang,2026-03-10,2026-03-09,6.25476,5.8589416,6.382031,8.003883,6.3473926,8.400001
Pinrang,2026-03-11,2026-03-10,5.5116744,5.076908,7.314453,8.131031,7.1262155,10.400002
Pinrang,2026-03-12,2026-03-11,7.568666,7.830265,8.927581,10.086298,8.56657,8.200001
Pinrang,2026-03-13,2026-03-12,9.169531,7.757348,8.898447,7.3258066,6.8880625,0.2
Pinrang,2026-03-14,2026-03-13,1.969099,2.444327,3.6579432,3.0200608,2.7474854,2.6999998
Pinrang,2026-03-15,2026-03-14,4.539525,3.5112991,5.601069,4.794639,4.4384813,11.2
Pinrang,2026-03-16,2026-03-15,9.793863,6.795892,9.729738,6.6854463,5.5608425,0.4
Pinrang,2026-03-17,2026-03-16,2.2885966,2.9231305,3.3093176,2.9348283,3.1529517,2.7
Pinrang,2026-03-18,2026-03-17,4.3336535,5.0963883,4.463793,4.6480246,4.671508,5.4999995
Pinrang,2026-03-19,2026-03-18,7.352447,6.589075,5.6456213,6.5689063,6.266514,13.099999
Pinrang,2026-03-20,2026-03-19,13.369051,11.327198,10.841972,12.420353,11.9132595,8.1
Pinrang,2026-03-21,2026-03-20,9.808098,7.0559134,4.4908423,6.2198057,4.057825,6.2
Pinrang,2026-03-22,2026-03-21,8.247937,6.170532,5.218443,6.045594,3.4858222,32.5
Pinrang,2026-03-23,2026-03-22,16.02991,14.099457,12.948933,14.08581,10.127207,0.0
Pinrang,2026-03-24,2026-03-23,1.8641266,4.8667045,4.556245,3.9713106,2.307517,1.5
Pinrang,2026-03-25,2026-03-24,3.3671021,4.102002,4.8148117,4.1988506,4.4603567,3.3999999
Pinrang,2026-03-26,2026-03-25,4.7956285,3.7702122,6.2008677,6.120676,5.476177,0.0
Pinrang,2026-03-27,2026-03-26,1.675948,2.0366137,2.5108314,1.7621928,2.0327835,0.1
Pinrang,2026-03-28,2026-03-27,2.0563495,2.2259893,2.315366,1.8930129,2.2269077,1.0
Pinrang,2026-03-29,2026-03-28,3.1237354,3.6555781,2.5486772,2.4155972,2.8638816,1.7
Pinrang,2026-03-30,2026-03-29,3.8998842,4.685164,3.1080143,2.8409119,2.9324942,3.3
Pinrang,2026-03-31,2026-03-30,6.125331,5.0501423,5.2661614,4.7200193,4.2794747,21.899998
Pinrang,2026-04-01,2026-03-31,12.154915,10.38591,6.677118,9.34248,8.236763,6.8999996
Pinrang,2026-04-02,2026-04-01,7.7581997,6.8788457,6.9945254,6.6169233,6.4004602,7.4
Pinrang,2026-04-03,2026-04-02,6.9360814,7.340029,7.1966863,7.4218535,7.368848,1.6
Pinrang,2026-04-04,2026-04-03,3.944951,4.4202642,4.8767433,5.100548,4.505726,7.4
Pinrang,2026-04-05,2026-04-04,6.37758,5.9075103,6.144906,7.365433,5.97252,6.7
Pinrang,2026-04-06,2026-04-05,4.726369,6.105756,8.009283,7.867809,6.945844,5.6
Pinrang,2026-04-07,2026-04-06,4.337806,4.3069506,6.3474526,6.682657,5.591908,3.3999999
Pinrang,2026-04-08,2026-04-07,2.8169527,4.273449,6.5938582,5.609507,5.1167054,3.6000001
Pinrang,2026-04-09,2026-04-08,5.531774,5.2158318,6.679297,5.147453,5.385874,1.2000002
Pinrang,2026-04-10,2026-04-09,0.7496573,2.15561,4.473068,3.376966,3.9854984,2.6
Pinrang,2026-04-11,2026-04-10,2.9583797,2.9744477,5.521763,4.255871,4.5000362,0.5
Pinrang,2026-04-12,2026-04-11,3.8088026,1.6220875,2.4912834,2.3039606,2.6213143,3.9999998
Pinrang,2026-04-13,2026-04-12,3.72712,4.3608236,4.851378,5.59698,5.357429,2.2999997
Pinrang,2026-04-14,2026-04-13,3.6537,4.0000396,3.368062,3.861158,3.5186126,2.0
Pinrang,2026-04-15,2026-04-14,4.5946193,3.8060603,2.353052,3.1108806,2.9100635,1.6999999
Pinrang,2026-04-16,2026-04-15,1.8671087,2.846404,2.0666838,2.0833077,0.7998496,0.2
Pinrang,2026-04-17,2026-04-16,1.2545571,1.900212,1.4791325,1.7432778,1.0770915,0.8
Pinrang,2026-04-18,2026-04-17,3.1358278,2.503089,2.1162057,2.2951827,2.008683,1.3000001
Pinrang,2026-04-19,2026-04-18,-0.83693504,2.7443624,2.6240988,2.2110202,1.9726408,0.7
Pinrang,2026-04-20,2026-04-19,-0.6557808,1.1738161,1.2996104,1.0241628,0.03728509,2.3999999
Pinrang,2026-04-21,2026-04-20,0.8115418,2.7567697,3.422051,3.0462675,2.5398185,16.800001
Pinrang,2026-04-22,2026-04-21,7.948857,8.170285,5.903286,8.020676,5.7925577,8.5
Pinrang,2026-04-23,2026-04-22,5.219713,6.5053973,4.74284,5.0334854,3.5615144,0.3
Pinrang,2026-04-24,2026-04-23,3.0914538,3.6065593,3.7208228,2.5619857,3.2335172,3.5
Pinrang,2026-04-25,2026-04-24,5.0102215,5.8793144,5.7232037,5.103176,4.6845336,3.2
Pinrang,2026-04-26,2026-04-25,4.6091614,5.163041,4.751007,4.3964105,4.0802455,3.1999998
Pinrang,2026-04-27,2026-04-26,3.148439,4.5380874,4.928651,4.268544,3.8430052,16.900002
Pinrang,2026-04-28,2026-04-27,5.574401,7.77323,8.627647,7.9901943,6.2852693,0.5
Pinrang,2026-04-29,2026-04-28,1.4332421,2.6238828,4.5861335,3.0767035,3.1313605,12.700001
Pinrang,2026-04-30,2026-04-29,3.2869556,6.220164,6.971291,9.110657,7.464336,6.9
Pinrang,2026-05-01,2026-04-30,0.62755203,4.9125757,4.682742,5.2357244,3.9271433,13.300001
Pinrang,2026-05-02,2026-05-01,3.10388,6.753155,5.419115,7.3139305,6.012944,6.2999997
Pinrang,2026-05-03,2026-05-02,0.42353392,5.135785,3.2169151,4.217284,4.1487722,2.7
Pinrang,2026-05-04,2026-05-03,-0.35203385,3.087957,2.1280553,3.8185797,2.2835147,3.7999997
Pinrang,2026-05-05,2026-05-04,0.31257284,2.9516377,2.9329112,4.1001253,2.5177326,0.9000001
Pinrang,2026-05-06,2026-05-05,0.8650547,2.9372025,2.1845336,2.4131281,2.7391229,0.3
Pinrang,2026-05-07,2026-05-06,-0.9905994,1.6713648,1.5164937,1.4823315,1.9855539,0.8000001
Pinrang,2026-05-08,2026-05-07,0.4026519,1.7625304,2.4261544,2.3225825,2.2179818,2.8
Pinrang,2026-05-09,2026-05-08,0.5688007,2.8974953,3.9757633,3.9153666,4.0353065,2.5
Pinrang,2026-05-10,2026-05-09,-0.21710515,3.1663423,3.618378,3.5734644,3.5276046,1.5000001
Pinrang,2026-05-11,2026-05-10,-0.5255704,2.4630976,1.9059988,2.6934826,2.3974826,3.1
Pinrang,2026-05-12,2026-05-11,0.6028931,3.4519382,3.7224894,4.381977,4.5138474,3.2
Pinrang,2026-05-13,2026-05-12,0.047930717,3.685683,4.1317344,4.5698805,4.9106293,3.1
Pinrang,2026-05-14,2026-05-13,0.89520466,3.8649907,3.4770956,4.681772,4.546007,19.0
Pinrang,2026-05-15,2026-05-14,5.644227,7.026667,6.2518377,8.855309,7.145728,11.5
Pinrang,2026-05-16,2026-05-15,3.481286,5.4279666,6.965148,6.865802,6.1848993,9.499999
Pinrang,2026-05-17,2026-05-16,3.0498512,3.0282981,5.4829283,6.205152,5.5044837,11.2
Pinrang,2026-05-18,2026-05-17,5.313044,4.1459293,7.192448,7.1641626,6.872007,3.6
Pinrang,2026-05-19,2026-05-18,1.9041636,4.7270975,5.4429665,5.727893,6.2706056,2.2
Pinrang,2026-05-20,2026-05-19,2.3650084,3.9454896,4.365938,4.1276135,4.3342676,3.7
Pinrang,2026-05-21,2026-05-20,3.5500622,4.909342,5.001958,5.192781,4.6233926,0.0
Pinrang,2026-05-22,2026-05-21,0.729264,0.9834235,1.6845975,1.6143881,1.8077501,6.6999993
Pinrang,2026-05-23,2026-05-22,5.165883,7.2750597,5.4809914,6.0705085,6.187578,0.4
Pinrang,2026-05-24,2026-05-23,1.4092455,1.718633,1.889504,1.9204134,1.9203953,14.5
Pinrang,2026-05-25,2026-05-24,6.3985596,6.151642,6.452626,8.344831,6.9016924,1.4000001
Pinrang,2026-05-26,2026-05-25,2.1871202,2.3977141,3.4923706,3.3922076,3.2726383,2.5999997
Pinrang,2026-05-27,2026-05-26,3.0527723,3.4177582,3.1588664,3.778704,2.501031,1.6
Pinrang,2026-05-28,2026-05-27,2.1207955,3.639191,2.723293,3.1158707,2.5627127,0.90000004
Pinrang,2026-05-29,2026-05-28,1.242759,2.0972524,1.7947048,1.6825746,1.4109416,0.70000005
Pinrang,2026-05-30,2026-05-29,1.0287482,2.1048222,1.3463535,1.5076873,1.1010568,1.7
Pinrang,2026-05-31,2026-05-30,2.0800865,2.530779,0.74559975,1.8477191,0.10528922,0.4
Pinrang,2026-06-01,2026-05-31,0.6700598,1.3002126,0.4688133,1.2349806,0.5530175,3.8999999
Pinrang,2026-06-02,2026-06-01,3.2432559,3.1218996,2.2436435,3.3064916,1.9567811,12.1
Pinrang,2026-06-03,2026-06-02,1.7451682,3.9425974,2.3370173,5.106315,2.1654658,0.0
Pinrang,2026-06-04,2026-06-03,-0.19129038,1.5185418,0.7071651,1.7978487,1.4108145,1.1
Pinrang,2026-06-05,2026-06-04,-0.1566596,2.8510885,1.8091207,2.3219604,2.0679383,0.0
Pinrang,2026-06-06,2026-06-05,-1.3156953,2.1297843,0.39392233,0.7666372,0.276623,0.0
Pinrang,2026-06-07,2026-06-06,0.21291244,0.8047155,0.4920777,0.4072559,0.2709881,0.0
Pinrang,2026-06-08,2026-06-07,-0.60006356,0.4144343,0.37830365,0.45415437,0.40674925,0.1
Pinrang,2026-06-09,2026-06-08,0.14228678,0.4214704,0.33635938,0.40875578,0.3849063,1.8000001
Pinrang,2026-06-10,2026-06-09,1.843677,2.0982788,1.6002989,2.0057662,1.8861707,2.8999999
Pinrang,2026-06-11,2026-06-10,2.9452534,3.004257,2.083091,1.9006528,1.396596,4.9999995
Pinrang,2026-06-12,2026-06-11,5.049348,4.185867,2.3051927,2.3885932,1.7893171,8.500001
Pinrang,2026-06-13,2026-06-12,6.107073,4.6679463,4.629987,5.1187882,4.0403233,2.8999999
Pinrang,2026-06-14,2026-06-13,2.9492083,3.304081,2.7529216,2.684553,2.8417096,0.1
Pinrang,2026-06-15,2026-06-14,0.20773542,1.11723,0.738323,0.5639024,0.64087665,0.0
Pinrang,2026-06-16,2026-06-15,0.084860325,1.1352237,0.6142279,0.4440304,0.49469543,0.0
Pinrang,2026-06-17,2026-06-16,0.0867455,1.0307727,0.45341063,0.5755985,0.6841569,0.7
Pinrang,2026-06-18,2026-06-17,0.7576567,1.2509534,0.88183916,0.73631895,0.821367,2.0
Pinrang,2026-06-19,2026-06-18,2.0585256,2.2056398,2.0090969,1.7943308,1.9632641,0.0
Pinrang,2026-06-20,2026-06-19,0.058962107,0.547518,0.24203968,0.3072244,0.24637532,0.0
Pinrang,2026-06-21,2026-06-20,0.061215162,0.2706288,0.20866835,0.2879486,0.15927672,0.0
Pinrang,2026-06-22,2026-06-21,0.0626533,-0.4462068,0.10419583,0.31825387,0.026994705,0.0
Pinrang,2026-06-23,2026-06-22,0.059402466,-0.08773661,0.040366888,0.21878743,0.085514784,0.0
Pinrang,2026-06-24,2026-06-23,0.06392646,-0.15612459,0.058391333,0.21911132,0.07559538,0.0
Pinrang,2026-06-25,2026-06-24,0.06676412,-0.3799851,0.03315687,0.14218712,0.054090977,0.0
Pinrang,2026-06-26,2026-06-25,0.06814456,-0.00073599815,0.03360629,0.07484484,0.026033401,0.0
Pinrang,2026-06-27,2026-06-26,0.06702733,0.0840857,0.055715322,-0.026129961,-0.038826704,1.7
Pinrang,2026-06-28,2026-06-27,1.7696823,1.737706,1.5708003,1.4971881,1.6016189,3.3000002
Pinrang,2026-06-29,2026-06-28,3.3743267,3.0939739,2.909234,3.0357375,3.0310996,3.7
Pinrang,2026-06-30,2026-06-29,3.7742925,2.874735,3.495204,3.3624716,3.420135,0.4
Pinrang,2026-07-01,2026-06-30,0.46782506,0.44704652,0.57246864,0.55389047,0.5437951,5.2999997
Pinrang,2026-07-02,2026-07-01,5.371957,2.516441,4.7931714,4.4409523,4.7757297,0.0
Pinrang,2026-07-03,2026-07-02,0.07329607,0.20532191,0.25866854,0.3800342,0.40264678,3.3000002
Pinrang,2026-07-04,2026-07-03,3.3789964,2.0823178,2.5831578,2.9832659,3.3447928,0.0
Pinrang,2026-07-05,2026-07-04,0.07337189,-0.10437393,-0.27156448,0.02707076,0.048572063,0.0
Pinrang,2026-07-06,2026-07-05,0.07317495,0.2560817,0.119986296,0.0013303757,0.044003725,0.0
Pinrang,2026-07-07,2026-07-06,0.072657585,0.24204564,0.112127304,0.0003039837,0.09906149,0.0
Pinrang,2026-07-08,2026-07-07,0.07282233,0.2637993,0.1181283,-0.10464907,0.0558753,0.0
Pinrang,2026-07-09,2026-07-08,0.071810246,0.07664251,0.20729053,-0.01776433,0.07739878,0.7
Pinrang,2026-07-10,2026-07-09,-0.54401684,0.6643704,0.85566795,0.6995857,0.76298237,0.0
Pinrang,2026-07-11,2026-07-10,0.06794953,0.010689735,0.17772746,0.015275717,0.054589033,0.0
Pinrang,2026-07-12,2026-07-11,-2.5656157,-0.15191007,0.09956241,-0.02302599,0.004504919,0.0
Pinrang,2026-07-13,2026-07-12,-5.398514,-0.14566994,0.08377528,-0.0473845,-0.016424656,0.0
Pinrang,2026-07-14,2026-07-13,-0.3800242,-0.20618463,0.020224333,-0.08058143,-0.056931734,0.0
Pinrang,2026-07-15,2026-07-14,0.060887575,-0.047850847,0.0414567,-0.026632309,-0.0141944885,0.5
Pinrang,2026-07-16,2026-07-15,0.57312083,0.49989045,0.37702143,0.5448121,0.4942788,0.0
Sidrap,2022-07-17,2022-07-16,0.7758125,1.8855749,1.8658053,2.6369925,2.4505157,3.6000001430511475
Sidrap,2022-07-18,2022-07-17,4.0969214,3.4115663,3.8079934,3.9525561,3.4048843,1.3000000715255735
Sidrap,2022-07-19,2022-07-18,1.5051779,2.326934,1.6291604,1.2252009,1.360287,0.5
Sidrap,2022-07-20,2022-07-19,1.0240824,1.2921329,1.2330389,1.0183111,1.2007675,0.2000000029802322
Sidrap,2022-07-21,2022-07-20,0.45345187,0.46138144,1.0346184,1.4038935,1.4113559,4.0
Sidrap,2022-07-22,2022-07-21,3.3578339,4.390807,4.1987658,4.3623753,4.0016375,0.6000000238418579
Sidrap,2022-07-23,2022-07-22,0.9416918,0.80006135,1.4520301,1.8117429,1.6141651,0.7000000476837158
Sidrap,2022-07-24,2022-07-23,1.1139753,0.42093432,0.96070564,1.5685918,1.5848658,0.9000000357627869
Sidrap,2022-07-25,2022-07-24,1.3898602,0.89413655,1.0469677,1.9543327,1.9462358,0.4000000059604645
Sidrap,2022-07-26,2022-07-25,0.7321478,0.97907084,0.44640017,0.76204383,0.56732297,1.5
Sidrap,2022-07-27,2022-07-26,1.7695246,1.5366611,1.7932975,2.1018355,1.6862674,2.6999993324279785
Sidrap,2022-07-28,2022-07-27,2.7331686,2.1772976,2.158405,1.6079094,1.5039607,0.7000000476837158
Sidrap,2022-07-29,2022-07-28,0.765077,1.0529505,0.84255207,0.97365093,0.6753799,1.2000000476837158
Sidrap,2022-07-30,2022-07-29,1.2602587,0.97633284,1.1394653,1.5058632,1.2825884,1.6000001430511477
Sidrap,2022-07-31,2022-07-30,1.6705215,1.7199194,1.5682043,1.7559677,1.4658364,5.499998569488525
Sidrap,2022-08-01,2022-07-31,5.529922,3.2929976,3.879021,3.1446805,2.9358935,2.200000047683716
Sidrap,2022-08-02,2022-08-01,2.4488091,2.1156738,2.6960533,2.2202117,2.5065897,1.4000000953674316
Sidrap,2022-08-03,2022-08-02,1.9187299,1.9434048,2.3125687,1.7446251,1.7814285,0.1000000014901161
Sidrap,2022-08-04,2022-08-03,0.17820728,0.7881603,1.1775388,0.9482989,1.1987253,0.4000000059604645
Sidrap,2022-08-05,2022-08-04,0.46392882,1.5255221,0.607126,0.7877661,0.8924979,0.2000000029802322
Sidrap,2022-08-06,2022-08-05,0.2633413,1.0530051,0.30941737,0.62782156,0.5993978,0.3000000119209289
Sidrap,2022-08-07,2022-08-06,0.3649404,0.5120977,0.24491131,0.62194335,0.65826845,0.2000000029802322
Sidrap,2022-08-08,2022-08-07,0.2719264,0.6958753,0.30954015,0.21691227,0.2315923,4.300000190734863
Sidrap,2022-08-09,2022-08-08,4.3275423,2.6236138,2.7822714,2.1087558,1.8166131,2.499999761581421
Sidrap,2022-08-10,2022-08-09,2.5301275,1.4810427,2.917489,2.8302798,2.3687038,4.399999618530273
Sidrap,2022-08-11,2022-08-10,3.7937946,0.7074444,2.9293957,2.995904,2.4172332,1.3000000715255735
Sidrap,2022-08-12,2022-08-11,1.3317692,0.76875603,1.6487104,1.9132022,1.5205057,3.300000190734864
Sidrap,2022-08-13,2022-08-12,3.5085979,1.7928683,1.5535452,3.0572345,2.3420916,14.59999942779541
Sidrap,2022-08-14,2022-08-13,6.905383,4.717143,1.9149563,3.984838,3.0214834,0.2000000029802322
Sidrap,2022-08-15,2022-08-14,0.23002446,1.4686104,0.62628376,1.0021584,1.5119913,0.0
Sidrap,2022-08-16,2022-08-15,0.03265536,1.6015081,0.9242375,0.7149677,1.5320998,0.0
Sidrap,2022-08-17,2022-08-16,0.03148222,1.5071105,1.5146855,0.91152257,1.1775393,0.3000000119209289
Sidrap,2022-08-18,2022-08-17,0.3318535,0.80216706,0.66807675,0.5268172,0.58421624,0.4000000059604645
Sidrap,2022-08-19,2022-08-18,0.43016636,0.69796383,0.70659435,0.70537937,0.7675307,0.0
Sidrap,2022-08-20,2022-08-19,0.030292511,0.3522563,0.2160753,0.19885564,0.29806292,0.1000000014901161
Sidrap,2022-08-21,2022-08-20,0.12917292,0.4834447,0.21895146,0.15834677,0.26266563,2.000000238418579
Sidrap,2022-08-22,2022-08-21,2.0270982,1.975993,1.9748546,1.9831688,2.0202281,1.4000000953674316
Sidrap,2022-08-23,2022-08-22,1.4271469,1.2814882,1.5122054,1.3831372,1.3568524,0.4000000059604645
Sidrap,2022-08-24,2022-08-23,0.43176544,0.98553634,0.5822582,0.5343417,0.4498086,1.2000001668930054
Sidrap,2022-08-25,2022-08-24,1.2319053,1.7664491,1.0452716,1.1949883,1.0643897,2.8999998569488525
Sidrap,2022-08-26,2022-08-25,2.9333105,2.854164,0.44221354,0.9027849,-0.05567968,1.899999976158142
Sidrap,2022-08-27,2022-08-26,1.9320998,1.702842,0.8866265,1.2929622,0.14614606,0.9000000357627869
Sidrap,2022-08-28,2022-08-27,0.934616,1.1814909,1.020038,1.2703602,0.9312466,1.5
Sidrap,2022-08-29,2022-08-28,1.5335662,1.7289467,1.5758204,1.6991454,1.5864264,3.799999475479126
Sidrap,2022-08-30,2022-08-29,3.8329022,3.036497,3.4116201,3.392638,3.3980198,9.600000381469728
Sidrap,2022-08-31,2022-08-30,6.375569,3.2069974,4.2261605,4.2016425,3.7485125,1.6000001430511477
Sidrap,2022-09-01,2022-08-31,1.6375242,0.7543249,2.4268699,2.4881458,2.6753278,1.0
Sidrap,2022-09-02,2022-09-01,1.0365226,0.4091425,1.3351501,2.1058047,2.0361805,0.7000000476837158
Sidrap,2022-09-03,2022-09-02,0.7343024,0.64135194,1.1855738,1.3787818,1.3405542,2.799999713897705
Sidrap,2022-09-04,2022-09-03,2.83606,2.3493428,3.15831,3.1210349,3.3245368,1.600000023841858
Sidrap,2022-09-05,2022-09-04,1.6382079,1.4086182,2.4340258,2.1001616,2.4050632,0.9000000357627869
Sidrap,2022-09-06,2022-09-05,0.9376038,0.93674386,1.9727988,1.4606075,1.6962153,0.0
Sidrap,2022-09-07,2022-09-06,0.038800478,0.59106934,0.9270098,0.33082354,0.36589634,0.3000000119209289
Sidrap,2022-09-08,2022-09-07,0.3395884,0.61524034,0.9439706,0.74453545,0.7151135,11.90000057220459
Sidrap,2022-09-09,2022-09-08,8.031808,4.3075695,4.509284,4.6149707,4.248163,2.1999998092651367
Sidrap,2022-09-10,2022-09-09,2.245083,2.8127856,3.120406,2.5096757,2.0102656,0.6000000238418579
Sidrap,2022-09-11,2022-09-10,0.6429919,1.6861982,1.8059043,1.7095793,1.536632,1.100000023841858
Sidrap,2022-09-12,2022-09-11,1.1427724,1.8760784,1.5812461,1.5967218,1.302253,0.2000000029802322
Sidrap,2022-09-13,2022-09-12,0.24410367,0.7475089,0.5361233,0.47127604,0.57748616,0.6000000238418579
Sidrap,2022-09-14,2022-09-13,0.6439395,0.8302257,1.0655682,1.0367472,1.0718117,1.6000001430511477
Sidrap,2022-09-15,2022-09-14,1.6417431,1.4204415,1.8553938,1.9926904,1.8353009,0.1000000014901161
Sidrap,2022-09-16,2022-09-15,0.14050889,0.67123914,0.5566981,0.46880925,0.59930396,0.3000000119209289
Sidrap,2022-09-17,2022-09-16,0.3425994,0.919681,1.0005735,0.8255466,0.8900374,0.0
Sidrap,2022-09-18,2022-09-17,0.043654323,0.52274644,0.77969825,0.5406978,0.6305177,1.100000023841858
Sidrap,2022-09-19,2022-09-18,1.1396794,1.161526,1.6761825,1.487661,1.5494509,16.400001525878906
Sidrap,2022-09-20,2022-09-19,5.995263,3.7177057,2.4818094,4.057576,3.62775,12.800000190734863
Sidrap,2022-09-21,2022-09-20,4.8502183,4.490679,2.7405758,4.209153,3.1418571,0.6000000238418579
Sidrap,2022-09-22,2022-09-21,0.64547336,1.8967317,1.3844526,1.2746675,1.6307416,7.500000476837158
Sidrap,2022-09-23,2022-09-22,2.5183113,2.7851648,5.0007997,5.4900866,5.098946,1.0000001192092896
Sidrap,2022-09-24,2022-09-23,1.0454943,1.7266088,3.2557027,2.6133742,2.135933,0.4000000059604645
Sidrap,2022-09-25,2022-09-24,0.44655883,1.003768,1.6732554,1.7227108,1.7515918,0.8000000715255737
Sidrap,2022-09-26,2022-09-25,0.8473376,1.310344,1.8140323,1.7954665,1.9776913,0.0
Sidrap,2022-09-27,2022-09-26,0.040421486,0.7202077,0.68151736,0.52887523,0.70946205,0.1000000014901161
Sidrap,2022-09-28,2022-09-27,0.14238274,1.2494947,1.0001354,0.9022458,0.95194066,4.699999809265137
Sidrap,2022-09-29,2022-09-28,4.7438064,3.6395946,3.6711724,4.5725536,4.613313,25.19999885559082
Sidrap,2022-09-30,2022-09-29,8.477371,4.5314593,4.454691,7.7484183,6.9383197,2.299999952316284
Sidrap,2022-10-01,2022-09-30,2.3455012,2.0930395,1.211889,1.5886538,2.0080283,1.2000000476837158
Sidrap,2022-10-02,2022-10-01,1.2471361,2.5769792,3.3578758,3.0867877,4.0167727,2.0
Sidrap,2022-10-03,2022-10-02,2.0515747,2.4165685,1.3495924,1.0869961,0.8898722,11.30000114440918
Sidrap,2022-10-04,2022-10-03,5.811948,5.4626412,2.450724,4.6695166,3.6449935,12.100001335144045
Sidrap,2022-10-05,2022-10-04,6.2183585,6.252819,5.1875634,6.2583275,5.759952,34.400001525878906
Sidrap,2022-10-06,2022-10-05,12.71623,6.321601,7.647788,11.583731,9.545507,5.800000190734863
Sidrap,2022-10-07,2022-10-06,2.9640727,3.951767,8.650467,6.679475,7.570496,3.499999761581421
Sidrap,2022-10-08,2022-10-07,3.6241302,5.2468295,7.0156016,6.4168234,6.6994796,19.700000762939453
Sidrap,2022-10-09,2022-10-08,5.995657,4.8144746,7.986155,9.038983,8.267026,15.100000381469728
Sidrap,2022-10-10,2022-10-09,4.1562705,5.985335,7.533081,9.841386,9.296531,10.600000381469728
Sidrap,2022-10-11,2022-10-10,2.5888357,5.0884037,6.337828,9.020937,8.94153,12.299999237060549
Sidrap,2022-10-12,2022-10-11,3.0654025,4.7017465,4.3516264,7.9910216,8.337319,4.499999523162842
Sidrap,2022-10-13,2022-10-12,1.4847516,4.7605295,4.4187555,5.680235,5.6796336,9.399999618530272
Sidrap,2022-10-14,2022-10-13,4.4173017,5.557952,3.4725494,5.7813945,6.2641797,2.200000047683716
Sidrap,2022-10-15,2022-10-14,1.1823685,2.4887972,1.6602266,3.1701603,3.031979,6.299999237060547
Sidrap,2022-10-16,2022-10-15,3.964942,3.8275175,5.3664,6.0270505,5.1277323,8.800000190734863
Sidrap,2022-10-17,2022-10-16,4.2385864,4.752815,4.97751,6.5070868,5.5713763,21.90000343322754
Sidrap,2022-10-18,2022-10-17,8.103571,8.560044,5.882574,9.891536,8.686439,24.299999237060547
Sidrap,2022-10-19,2022-10-18,8.865206,6.3156123,7.460257,11.739674,9.54796,13.40000057220459
Sidrap,2022-10-20,2022-10-19,6.131314,6.8393083,7.2616477,10.7464285,9.8596,7.5
Sidrap,2022-10-21,2022-10-20,4.044252,6.9221478,8.541831,10.223134,10.401827,5.300000190734863
Sidrap,2022-10-22,2022-10-21,3.6494253,6.3977838,7.0132055,7.663245,6.7460556,0.5
Sidrap,2022-10-23,2022-10-22,2.749206,3.1083112,3.2140858,4.154183,4.8253665,1.8000000715255735
Sidrap,2022-10-24,2022-10-23,3.0225396,3.1999557,3.8228798,4.0246277,4.4817443,0.4000000059604645
Sidrap,2022-10-25,2022-10-24,2.099464,2.1080608,3.0299387,3.2447152,3.2125118,0.9000000357627869
Sidrap,2022-10-26,2022-10-25,2.8025444,2.391219,2.9934819,3.4400635,3.5404687,7.600000381469727
Sidrap,2022-10-27,2022-10-26,6.643886,7.0068493,7.6378064,8.442511,8.600958,8.499999046325684
Sidrap,2022-10-28,2022-10-27,6.799504,5.526657,6.563683,7.0781636,6.3653703,8.700000762939453
Sidrap,2022-10-29,2022-10-28,6.7109675,5.974908,6.284716,7.240091,6.6277137,0.5
Sidrap,2022-10-30,2022-10-29,2.0061934,2.67935,3.0075092,3.2828782,2.2720265,1.900000095367432
Sidrap,2022-10-31,2022-10-30,3.4690828,3.8049974,3.5607448,3.8893213,2.6165862,0.2000000029802322
Sidrap,2022-11-01,2022-10-31,2.022669,2.258385,2.504261,2.4755263,2.0861115,5.299999237060547
Sidrap,2022-11-02,2022-11-01,5.8091946,5.0546417,4.7306294,5.134907,3.6748853,0.9000000357627869
Sidrap,2022-11-03,2022-11-02,2.4049273,2.4204526,3.219636,2.885645,1.5524694,1.7000000476837158
Sidrap,2022-11-04,2022-11-03,3.1911328,3.775104,3.573974,3.2357092,2.5032613,14.199999809265137
Sidrap,2022-11-05,2022-11-04,7.3819017,8.023859,7.313699,6.967718,6.587646,10.699999809265137
Sidrap,2022-11-06,2022-11-05,7.663524,7.3249264,8.254964,6.791445,5.8022523,15.499999046325684
Sidrap,2022-11-07,2022-11-06,5.618342,7.375393,8.546516,7.635656,6.084618,12.000000953674316
Sidrap,2022-11-08,2022-11-07,4.3261843,7.62237,6.4944024,6.761283,5.711943,6.0
Sidrap,2022-11-09,2022-11-08,2.4599473,6.3237624,5.92115,6.185674,5.543759,19.00000190734864
Sidrap,2022-11-10,2022-11-09,7.909545,10.481028,7.3305063,8.865502,8.255435,3.0
Sidrap,2022-11-11,2022-11-10,3.6499083,5.5747957,4.950163,5.0365567,4.783121,8.100000381469727
Sidrap,2022-11-12,2022-11-11,6.256153,7.1161613,6.970232,7.169993,6.4225793,17.900001525878906
Sidrap,2022-11-13,2022-11-12,6.998106,7.9876785,9.030031,9.8787365,8.83414,13.699999809265137
Sidrap,2022-11-14,2022-11-13,6.502263,6.895821,8.821718,9.03111,8.086126,34.0
Sidrap,2022-11-15,2022-11-14,9.946167,10.815462,10.549776,13.317725,13.225899,3.399999618530273
Sidrap,2022-11-16,2022-11-15,3.6125798,4.575301,6.6042304,5.1436906,5.4372196,5.400000095367432
Sidrap,2022-11-17,2022-11-16,3.1338444,5.684554,8.356579,7.1392064,7.150097,0.7000000476837158
Sidrap,2022-11-18,2022-11-17,2.119634,5.38139,5.2287903,3.6571555,4.7928185,13.40000057220459
Sidrap,2022-11-19,2022-11-18,5.0364895,9.000529,6.2564807,7.921679,8.414562,1.100000023841858
Sidrap,2022-11-20,2022-11-19,2.1978798,3.2839947,2.5362406,3.428093,2.9339292,0.2000000029802322
Sidrap,2022-11-21,2022-11-20,1.1822522,2.7109168,2.3776865,2.4595327,1.8753724,0.7000000476837158
Sidrap,2022-11-22,2022-11-21,0.752108,2.5933173,2.435854,2.1392336,1.7127234,2.5
Sidrap,2022-11-23,2022-11-22,3.7801526,3.7511623,4.849414,4.1356163,4.054336,0.6000000238418579
Sidrap,2022-11-24,2022-11-23,1.918562,1.9229836,3.1739182,2.6988487,2.3844523,9.100000381469728
Sidrap,2022-11-25,2022-11-24,5.938841,3.9603453,4.159966,5.998076,5.272347,1.2000000476837158
Sidrap,2022-11-26,2022-11-25,2.0438058,2.5108976,3.210185,3.1980765,3.0478745,10.30000114440918
Sidrap,2022-11-27,2022-11-26,4.9334927,4.8394423,4.736976,6.3787932,5.7006,0.8000000715255737
Sidrap,2022-11-28,2022-11-27,1.3668206,2.1235347,2.843351,3.0896132,2.8078458,1.8000000715255735
Sidrap,2022-11-29,2022-11-28,2.8332145,4.046029,3.6216407,3.8605328,3.4718862,2.0999999046325684
Sidrap,2022-11-30,2022-11-29,3.2082243,4.131894,4.247483,4.4228697,4.140516,4.399999618530273
Sidrap,2022-12-01,2022-11-30,4.7157445,5.092284,6.388158,5.5195746,4.8527284,8.30000114440918
Sidrap,2022-12-02,2022-12-01,6.664714,4.9611015,5.739169,4.648426,4.8574924,6.09999942779541
Sidrap,2022-12-03,2022-12-02,6.7299967,6.0059133,6.4882936,5.9624424,4.882114,1.0000001192092896
Sidrap,2022-12-04,2022-12-03,2.4081395,3.820673,4.144882,3.6067393,3.291103,4.700000286102295
Sidrap,2022-12-05,2022-12-04,6.129236,5.83039,5.2454796,5.5863514,5.2315774,1.100000023841858
Sidrap,2022-12-06,2022-12-05,3.0091028,2.5496352,2.7160535,2.9028883,3.1148837,6.400000095367432
Sidrap,2022-12-07,2022-12-06,7.4588127,6.90505,4.881217,6.200515,6.2663054,0.4000000059604645
Sidrap,2022-12-08,2022-12-07,2.4344537,2.0278184,1.754324,2.26292,2.3243468,0.1000000014901161
Sidrap,2022-12-09,2022-12-08,1.7599909,1.8843788,1.0399754,1.1827487,0.76390123,15.20000171661377
Sidrap,2022-12-10,2022-12-09,9.360978,8.326755,6.550245,6.7007327,6.256849,0.4000000059604645
Sidrap,2022-12-11,2022-12-10,2.2276764,2.5369725,3.9013314,2.5263884,1.3776075,0.9000000953674316
Sidrap,2022-12-12,2022-12-11,2.9606185,3.7180548,5.420847,4.0956182,3.2581463,4.899999618530273
Sidrap,2022-12-13,2022-12-12,5.329092,2.1177437,6.829334,4.8162966,4.123275,0.4000000059604645
Sidrap,2022-12-14,2022-12-13,2.1215465,2.4888382,2.901108,1.8335226,1.2091455,10.20000171661377
Sidrap,2022-12-15,2022-12-14,7.924988,4.839105,7.004266,6.310368,5.968781,5.099999904632568
Sidrap,2022-12-16,2022-12-15,4.422671,4.125897,5.8954077,5.346674,4.8979683,7.000000476837158
Sidrap,2022-12-17,2022-12-16,5.4942093,4.7075853,5.010716,6.2315845,5.6943336,2.8999998569488525
Sidrap,2022-12-18,2022-12-17,4.023921,4.7558475,4.234458,4.182665,4.1142287,6.399999618530273
Sidrap,2022-12-19,2022-12-18,5.798164,5.8727965,4.4550505,4.7252283,4.861166,2.900000095367432
Sidrap,2022-12-20,2022-12-19,4.101447,4.0267787,3.7520578,3.563405,3.7675498,0.1000000014901161
Sidrap,2022-12-21,2022-12-20,0.8410026,1.2729177,1.6491765,1.0087979,1.338001,0.1000000014901161
Sidrap,2022-12-22,2022-12-21,1.8499414,1.0369705,0.7377473,0.6768694,0.8241731,6.90000057220459
Sidrap,2022-12-23,2022-12-22,6.75203,4.54035,5.619675,5.096355,4.971042,121.90001678466795
Sidrap,2022-12-24,2022-12-23,18.2726,13.64293,4.1657524,24.976845,17.387962,22.30000114440918
Sidrap,2022-12-25,2022-12-24,7.4845357,2.917828,1.470836,7.831043,3.5042489,1.3000000715255735
Sidrap,2022-12-26,2022-12-25,1.9837828,0.6436602,-1.467435,3.3939662,1.1843781,0.6000000238418579
Sidrap,2022-12-27,2022-12-26,0.57315755,-0.849908,-2.6889515,1.4513391,-0.23799741,5.400000095367432
Sidrap,2022-12-28,2022-12-27,5.4805346,6.7783346,2.731185,4.8272185,3.9817333,1.7000000476837158
Sidrap,2022-12-29,2022-12-28,2.265558,2.18906,-0.1942712,1.2986808,0.6956924,2.6000001430511475
Sidrap,2022-12-30,2022-12-29,3.3169289,2.8756597,0.22610009,1.5450305,1.3391235,2.499999523162842
Sidrap,2022-12-31,2022-12-30,2.7724009,2.7142847,0.26718032,1.781169,1.2569402,0.0
Sidrap,2023-01-01,2022-12-31,1.7104727,0.54022944,1.5291777,1.9748824,1.2013377,0.0
Sidrap,2023-01-02,2023-01-01,1.6286979,-0.37829816,1.824528,1.8909557,0.9245214,0.2000000029802322
Sidrap,2023-01-03,2023-01-02,1.4356184,-0.8834561,2.0499222,2.2077026,1.456498,6.59999942779541
Sidrap,2023-01-04,2023-01-03,7.197122,0.6291994,6.6897936,7.192857,7.2110906,14.799999237060549
Sidrap,2023-01-05,2023-01-04,9.591175,4.207908,2.9987404,10.505839,9.146437,3.299999475479126
Sidrap,2023-01-06,2023-01-05,4.387433,3.6111445,0.1218071,5.081294,2.7156782,7.299999237060547
Sidrap,2023-01-07,2023-01-06,7.956748,4.4590154,4.0579658,8.576262,7.1846695,6.100000381469727
Sidrap,2023-01-08,2023-01-07,7.1258516,5.9990506,3.3829465,8.00606,6.346952,2.499999523162842
Sidrap,2023-01-09,2023-01-08,4.8073006,2.6620193,3.6148992,2.9052777,3.5678058,1.8000003099441528
Sidrap,2023-01-10,2023-01-09,3.6875563,0.411893,2.9150572,2.2992513,2.2764733,4.299999713897705
Sidrap,2023-01-11,2023-01-10,6.075171,1.6395557,4.176291,2.7843091,4.128797,0.4000000059604645
Sidrap,2023-01-12,2023-01-11,2.6651154,-0.5822958,2.3895302,1.3080747,1.8831152,0.3000000119209289
Sidrap,2023-01-13,2023-01-12,2.4104352,1.4650339,3.0769029,3.1631613,3.933432,0.7000000476837158
Sidrap,2023-01-14,2023-01-13,3.4998026,1.5200233,3.0189285,2.9806175,3.7703218,1.5000001192092896
Sidrap,2023-01-15,2023-01-14,3.4741776,1.5369487,4.0685806,3.7384155,4.3650694,2.299999952316284
Sidrap,2023-01-16,2023-01-15,4.2354693,2.5996773,4.859765,4.499506,5.2830534,1.100000023841858
Sidrap,2023-01-17,2023-01-16,3.2733617,2.8287148,2.7201614,4.288553,2.7781384,0.699999988079071
Sidrap,2023-01-18,2023-01-17,2.3163903,2.3466277,1.9522395,3.0799026,1.4782455,1.900000095367432
Sidrap,2023-01-19,2023-01-18,3.0336134,2.991455,2.7589638,3.9391007,1.7881668,5.199999809265137
Sidrap,2023-01-20,2023-01-19,5.684753,6.348938,4.817281,6.108582,3.881761,6.499999523162842
Sidrap,2023-01-21,2023-01-20,7.893804,3.275663,4.7489996,5.3336625,4.273488,0.4000000059604645
Sidrap,2023-01-22,2023-01-21,1.7122073,-1.0514632,-0.36436713,0.3130294,-0.41288078,1.100000023841858
Sidrap,2023-01-23,2023-01-22,2.6059384,-0.3675102,2.158889,1.5289638,1.4508238,0.7000000476837158
Sidrap,2023-01-24,2023-01-23,2.8521843,-0.7034646,2.259684,1.7374908,1.8709215,2.799999952316284
Sidrap,2023-01-25,2023-01-24,4.3188186,0.9956096,4.0536885,3.45542,3.7572732,32.099998474121094
Sidrap,2023-01-26,2023-01-25,11.551826,8.497162,8.054181,10.460011,7.7339606,15.100001335144045
Sidrap,2023-01-27,2023-01-26,5.2211084,5.999241,4.8581557,5.630622,4.459589,7.5
Sidrap,2023-01-28,2023-01-27,4.0088906,4.8715763,5.3295345,5.7990274,4.678245,1.100000023841858
Sidrap,2023-01-29,2023-01-28,1.792786,2.7887797,2.4381151,2.6627593,2.779116,1.5000001192092896
Sidrap,2023-01-30,2023-01-29,2.9740033,2.069834,2.640339,2.1038897,1.9336642,10.100000381469728
Sidrap,2023-01-31,2023-01-30,7.158659,4.4163857,5.504285,6.246576,5.1090245,8.100000381469727
Sidrap,2023-02-01,2023-01-31,5.2519836,3.203817,5.6841416,5.466654,4.9560676,30.5
Sidrap,2023-02-02,2023-02-01,10.014238,10.117503,9.512127,11.793528,9.85076,11.5
Sidrap,2023-02-03,2023-02-02,6.7680144,8.666039,9.03349,9.617169,8.992814,2.5
Sidrap,2023-02-04,2023-02-03,3.7380052,5.3245544,5.0666075,4.4895115,5.0093694,0.3000000119209289
Sidrap,2023-02-05,2023-02-04,1.5790111,2.707827,4.348257,3.7298079,3.6767821,0.0
Sidrap,2023-02-06,2023-02-05,0.38721764,0.41085553,2.512069,2.1613555,2.3155324,0.0
Sidrap,2023-02-07,2023-02-06,0.43169463,-0.7835835,1.4422435,1.092924,1.5402548,0.0
Sidrap,2023-02-08,2023-02-07,0.38972414,-0.723874,1.2351096,0.7652446,1.1808908,1.900000095367432
Sidrap,2023-02-09,2023-02-08,2.9395485,1.5107815,3.1918197,2.890964,3.0547018,0.0
Sidrap,2023-02-10,2023-02-09,2.1712432,1.7744207,1.5266953,1.7955303,1.3258762,0.0
Sidrap,2023-02-11,2023-02-10,2.3372655,1.5934135,1.7202592,1.4755127,1.165243,2.900000095367432
Sidrap,2023-02-12,2023-02-11,4.8988347,3.464562,4.1474924,3.2894356,3.4181957,15.600000381469728
Sidrap,2023-02-13,2023-02-12,7.5526075,9.349012,6.7463183,7.542897,6.0169415,26.69999885559082
Sidrap,2023-02-14,2023-02-13,11.818773,9.0662,5.832375,8.690067,6.717069,0.4000000059604645
Sidrap,2023-02-15,2023-02-14,2.3318605,2.774147,2.6062248,2.8280535,1.6468458,3.900000095367432
Sidrap,2023-02-16,2023-02-15,3.621952,5.7844725,7.4161696,6.7835093,6.3539057,0.9000000357627869
Sidrap,2023-02-17,2023-02-16,2.725695,4.015699,4.394528,3.7296805,3.7651854,1.5000001192092896
Sidrap,2023-02-18,2023-02-17,3.2068114,3.1718836,4.222401,3.9060707,4.233173,0.9000000953674316
Sidrap,2023-02-19,2023-02-18,2.4148812,1.6635089,3.2492898,2.9758334,2.7782764,1.100000023841858
Sidrap,2023-02-20,2023-02-19,2.4237187,1.3385148,3.2475543,2.698771,2.570695,1.900000095367432
Sidrap,2023-02-21,2023-02-20,1.9781308,2.4084663,4.1857653,3.5206957,3.3459308,1.7000000476837158
Sidrap,2023-02-22,2023-02-21,3.251027,2.4694047,3.3940523,3.266376,3.0664294,0.9000000953674316
Sidrap,2023-02-23,2023-02-22,2.2334366,1.7187735,1.5629922,1.7527202,1.5340095,0.4000000059604645
Sidrap,2023-02-24,2023-02-23,1.5960962,1.2484753,1.0021763,1.0280561,0.92217577,2.8999998569488525
Sidrap,2023-02-25,2023-02-24,4.2734814,3.5674913,3.9352312,4.0547066,3.9720454,2.6999998092651367
Sidrap,2023-02-26,2023-02-25,4.1710315,3.2389727,2.8116639,3.334601,1.744563,2.5
Sidrap,2023-02-27,2023-02-26,3.854549,2.0785615,1.7550904,2.5160136,0.63019264,1.0
Sidrap,2023-02-28,2023-02-27,2.306597,1.159598,1.9484522,1.3869325,-0.071436405,5.6999993324279785
Sidrap,2023-03-01,2023-02-28,5.3190064,4.0515676,4.940702,3.998817,2.5071535,6.199999809265137
Sidrap,2023-03-02,2023-03-01,5.3233666,3.9531608,4.055801,3.5694094,3.0371826,1.3000000715255735
Sidrap,2023-03-03,2023-03-02,1.8200177,0.7383177,1.4123831,1.0869226,0.55796933,0.9000000357627869
Sidrap,2023-03-04,2023-03-03,2.1356843,0.45854425,1.1115324,1.1075913,0.76507294,1.0000001192092896
Sidrap,2023-03-05,2023-03-04,2.188403,1.8144501,2.3362832,2.1543822,2.3208091,3.900000095367432
Sidrap,2023-03-06,2023-03-05,3.5434613,4.6674075,3.9109907,4.42412,4.294212,0.9000000953674316
Sidrap,2023-03-07,2023-03-06,2.0104373,1.8546746,1.4737719,1.8597201,1.6187065,0.9000000357627869
Sidrap,2023-03-08,2023-03-07,1.8995034,1.70057,1.3880208,1.6442916,1.4739623,0.3000000119209289
Sidrap,2023-03-09,2023-03-08,1.815275,1.3932304,1.4535481,1.3684051,1.3129191,1.8000001907348633
Sidrap,2023-03-10,2023-03-09,2.5366113,2.0816336,2.6151385,2.004201,1.6857897,3.3999998569488525
Sidrap,2023-03-11,2023-03-10,4.2987456,3.2971087,3.3295505,3.0285854,2.3473768,2.900000095367432
Sidrap,2023-03-12,2023-03-11,4.201104,2.5617175,3.9075189,3.4574838,2.0379024,2.0
Sidrap,2023-03-13,2023-03-12,3.6697373,2.2373257,3.2820826,2.6283684,1.7087085,28.900001525878903
Sidrap,2023-03-14,2023-03-13,12.538131,9.084268,7.540055,9.27718,8.406954,12.100001335144045
Sidrap,2023-03-15,2023-03-14,7.5830045,7.256093,6.9533525,7.1106935,5.7144456,1.5000001192092896
Sidrap,2023-03-16,2023-03-15,3.3898106,3.457276,4.2923584,4.1307073,4.2055273,8.59999942779541
Sidrap,2023-03-17,2023-03-16,7.5293283,5.3882585,6.9400997,6.987156,6.205924,10.700000762939451
Sidrap,2023-03-18,2023-03-17,7.2069473,7.527842,6.649843,7.2002025,6.7504444,5.300000190734863
Sidrap,2023-03-19,2023-03-18,6.5301623,5.556351,5.3132143,4.7427573,4.7637825,7.300000190734863
Sidrap,2023-03-20,2023-03-19,4.616419,5.9249263,5.716314,5.148098,5.3250012,22.599998474121094
Sidrap,2023-03-21,2023-03-20,7.1975217,5.513363,8.437119,10.163496,9.610274,0.2000000029802322
Sidrap,2023-03-22,2023-03-21,2.3362608,2.7265005,4.1748405,3.303506,3.7248383,0.3000000119209289
Sidrap,2023-03-23,2023-03-22,2.60602,2.7741623,3.817367,3.0205102,3.5940506,0.0
Sidrap,2023-03-24,2023-03-23,1.6097927,3.1370628,3.811502,2.931076,3.2747083,6.900000095367432
Sidrap,2023-03-25,2023-03-24,5.3795514,6.2600574,5.795398,5.796726,6.4866576,1.2000000476837158
Sidrap,2023-03-26,2023-03-25,2.7411504,2.9498692,2.5740128,2.5304132,2.6041186,14.40000057220459
Sidrap,2023-03-27,2023-03-26,4.9714537,6.960382,5.348777,7.0347514,6.981384,2.899999618530273
Sidrap,2023-03-28,2023-03-27,1.1791489,4.6982017,3.8495858,4.582843,4.0353613,3.6000001430511475
Sidrap,2023-03-29,2023-03-28,3.4477503,4.726923,5.6780844,5.939366,5.5239367,0.0
Sidrap,2023-03-30,2023-03-29,-0.2157656,1.4152117,3.734591,3.0384302,1.7323141,4.199999809265137
Sidrap,2023-03-31,2023-03-30,1.3112059,3.8885498,5.2985663,4.4069037,3.7253118,2.299999952316284
Sidrap,2023-04-01,2023-03-31,-0.21004927,2.8515272,4.3186374,2.8727565,3.121249,3.499999761581421
Sidrap,2023-04-02,2023-04-01,-0.43369448,3.2465982,3.3101134,2.8566341,2.207899,1.7000001668930054
Sidrap,2023-04-03,2023-04-02,-0.5318767,2.911805,3.5209942,3.5150652,3.470489,0.8000000715255737
Sidrap,2023-04-04,2023-04-03,-0.6171092,1.954341,3.0046234,2.8132365,2.8635688,0.8000000715255737
Sidrap,2023-04-05,2023-04-04,-2.0359387,2.0605674,1.9267573,2.6937726,2.64643,1.900000095367432
Sidrap,2023-04-06,2023-04-05,-0.19344819,3.0508652,2.7127347,2.8898706,2.617235,0.4000000059604645
Sidrap,2023-04-07,2023-04-06,-0.24451172,1.9148788,1.7382913,1.5850924,1.6320102,4.399999618530273
Sidrap,2023-04-08,2023-04-07,-1.5696284,4.495464,3.462773,2.7195323,2.5462096,2.300000190734864
Sidrap,2023-04-09,2023-04-08,-0.007771611,3.6368456,3.3787875,2.6938763,1.7871217,2.300000190734864
Sidrap,2023-04-10,2023-04-09,1.2338634,3.0636444,2.7375445,3.2130349,2.5339816,7.0
Sidrap,2023-04-11,2023-04-10,3.7332454,5.834872,5.719529,5.9266434,5.4822445,0.800000011920929
Sidrap,2023-04-12,2023-04-11,1.0636678,1.9967403,1.8136779,1.8718765,1.5597997,0.2000000029802322
Sidrap,2023-04-13,2023-04-12,1.3896483,1.7783669,2.32748,1.8454399,1.8898469,7.899999618530273
Sidrap,2023-04-14,2023-04-13,5.032679,4.945532,5.166686,3.8259892,3.3384829,0.6000000238418579
Sidrap,2023-04-15,2023-04-14,1.4325174,2.6030579,3.5270767,2.558066,2.0377412,8.800000190734863
Sidrap,2023-04-16,2023-04-15,6.0746975,6.6214137,7.7941294,7.108686,6.2758684,6.499999523162842
Sidrap,2023-04-17,2023-04-16,5.3780828,5.3603973,6.5571885,6.0552273,5.5324454,0.3000000119209289
Sidrap,2023-04-18,2023-04-17,1.6051921,1.7170228,2.9957166,2.292316,1.7445469,2.700000047683716
Sidrap,2023-04-19,2023-04-18,3.9246974,3.8338077,4.213026,3.9769197,3.5702667,3.299999713897705
Sidrap,2023-04-20,2023-04-19,4.784868,3.6011,3.578917,3.7444,3.1116414,4.400000095367432
Sidrap,2023-04-21,2023-04-20,5.463742,3.4845738,4.3796635,4.603393,3.7807527,5.199999809265137
Sidrap,2023-04-22,2023-04-21,5.5961113,4.288733,5.0850396,5.0344634,4.599116,0.4000000059604645
Sidrap,2023-04-23,2023-04-22,1.9392025,1.4875314,2.438843,1.7301496,1.7234867,0.0
Sidrap,2023-04-24,2023-04-23,1.4893793,0.9403623,1.1434522,0.7866423,0.77494,3.799999952316284
Sidrap,2023-04-25,2023-04-24,3.0434566,3.6859627,3.318248,3.6365862,3.5088854,4.400000095367432
Sidrap,2023-04-26,2023-04-25,4.337775,4.3373322,4.0998735,3.7405503,3.9520202,19.40000343322754
Sidrap,2023-04-27,2023-04-26,8.813953,7.7322707,4.7739015,6.9748616,5.471486,2.0
Sidrap,2023-04-28,2023-04-27,3.2390385,4.080551,4.4006243,3.3436828,3.3451676,37.69999694824219
Sidrap,2023-04-29,2023-04-28,12.248141,8.128509,5.981488,11.127936,9.044676,5.0
Sidrap,2023-04-30,2023-04-29,4.0597415,5.01137,4.7120867,3.7102299,4.333319,6.299999713897705
Sidrap,2023-05-01,2023-04-30,3.9486256,7.0079412,6.86757,6.100979,5.331718,31.999998092651367
Sidrap,2023-05-02,2023-05-01,10.833348,8.721231,6.763063,10.256656,8.613578,1.2000000476837158
Sidrap,2023-05-03,2023-05-02,2.8812685,4.6212893,3.535814,3.507628,3.1350498,2.0
Sidrap,2023-05-04,2023-05-03,3.0827408,4.4514046,5.016471,4.8145304,4.9278955,6.999999523162842
Sidrap,2023-05-05,2023-05-04,5.5033865,5.1974688,6.155534,6.9893556,6.539564,0.5
Sidrap,2023-05-06,2023-05-05,1.7627829,1.877002,2.0223296,1.4364535,1.7237703,1.4000000953674316
Sidrap,2023-05-07,2023-05-06,2.462821,3.0997376,3.6305876,3.3597016,3.5136652,0.8000000715255737
Sidrap,2023-05-08,2023-05-07,1.3831167,2.2000136,3.0579634,2.5846837,2.8704128,28.0
Sidrap,2023-05-09,2023-05-08,8.385733,4.072095,8.119592,13.432371,13.357106,29.80000114440918
Sidrap,2023-05-10,2023-05-09,7.5991707,3.6731238,6.0241675,11.877049,9.392238,5.399999141693115
Sidrap,2023-05-11,2023-05-10,0.54152334,3.4968247,3.2461824,6.313678,5.3052464,1.7000000476837158
Sidrap,2023-05-12,2023-05-11,0.28653693,3.0905683,4.8757734,5.2184925,5.122444,0.3000000119209289
Sidrap,2023-05-13,2023-05-12,1.3316159,5.138155,4.470323,5.5858536,4.9182315,1.4000000953674316
Sidrap,2023-05-14,2023-05-13,1.9953321,4.2015567,1.8754586,3.047361,3.2777772,2.200000047683716
Sidrap,2023-05-15,2023-05-14,2.1977997,3.5955563,2.2916498,3.3734694,2.2384446,4.0
Sidrap,2023-05-16,2023-05-15,2.0858045,3.4624944,3.1269712,4.4759355,3.335122,5.699999809265137
Sidrap,2023-05-17,2023-05-16,4.419249,4.487867,5.0905848,7.021889,6.134456,0.5
Sidrap,2023-05-18,2023-05-17,1.678996,1.4327414,3.2286887,3.0614123,2.3324697,0.0
Sidrap,2023-05-19,2023-05-18,1.0902574,1.2840403,2.226252,2.4498858,2.5351887,2.0
Sidrap,2023-05-20,2023-05-19,1.6773084,2.8239448,3.0175247,3.7912161,3.318134,0.0
Sidrap,2023-05-21,2023-05-20,0.75720894,2.004882,1.4743593,2.8195734,2.550863,0.6000000238418579
Sidrap,2023-05-22,2023-05-21,1.8822922,1.8018668,0.9615726,2.508638,2.3046072,0.4000000059604645
Sidrap,2023-05-23,2023-05-22,1.1856611,1.2928483,1.2294234,2.3115396,1.9497397,0.6000000238418579
Sidrap,2023-05-24,2023-05-23,1.5795996,1.2540652,1.678722,2.4186187,1.8763309,1.399999976158142
Sidrap,2023-05-25,2023-05-24,2.5736063,2.8941035,2.6699877,3.7118506,3.340477,0.5
Sidrap,2023-05-26,2023-05-25,0.9957538,1.2036016,1.641623,1.484307,0.792269,0.0
Sidrap,2023-05-27,2023-05-26,0.45474327,0.34571743,0.7748586,0.36681163,-0.2121042,0.7000000476837158
Sidrap,2023-05-28,2023-05-27,1.3200336,1.0292597,1.2346694,1.2997013,0.7822542,0.3000000119209289
Sidrap,2023-05-29,2023-05-28,0.92611414,1.7002182,0.85813296,1.8768378,1.9224749,1.0
Sidrap,2023-05-30,2023-05-29,1.3871088,1.1848557,0.7616383,1.2004521,0.75842726,0.4000000059604645
Sidrap,2023-05-31,2023-05-30,0.9629611,0.68293977,0.56601286,0.7564267,0.5018754,0.9000000953674316
Sidrap,2023-06-01,2023-05-31,1.7238005,1.1717973,1.407315,1.5868955,1.6164982,0.0
Sidrap,2023-06-02,2023-06-01,0.821017,1.0077857,0.59408915,0.9584362,0.9388304,3.1999998092651367
Sidrap,2023-06-03,2023-06-02,3.0616038,2.950124,3.191045,3.1004548,2.5280147,11.59999942779541
Sidrap,2023-06-04,2023-06-03,4.777757,6.033147,5.3331623,5.047557,3.5945792,3.1999998092651367
Sidrap,2023-06-05,2023-06-04,3.546949,3.760244,3.9741178,3.615127,2.1442232,0.8000000715255737
Sidrap,2023-06-06,2023-06-05,1.9925412,1.5927129,2.6623957,1.5037699,1.4028537,1.100000023841858
Sidrap,2023-06-07,2023-06-06,2.0402772,1.2797474,1.3445604,1.1452565,1.5736644,0.0
Sidrap,2023-06-08,2023-06-07,0.8173139,0.18186247,0.03473866,0.26427257,0.11081827,0.3000000119209289
Sidrap,2023-06-09,2023-06-08,0.8579316,0.26709437,0.7121607,0.5455377,0.7471665,9.40000057220459
Sidrap,2023-06-10,2023-06-09,4.798539,3.8956203,3.6623511,3.446886,3.0114923,8.90000057220459
Sidrap,2023-06-11,2023-06-10,4.0991077,4.105442,2.3866758,3.1485085,2.8905706,0.8000000715255737
Sidrap,2023-06-12,2023-06-11,0.21192658,1.0755482,2.9239902,2.3426883,2.6116817,2.200000047683716
Sidrap,2023-06-13,2023-06-12,0.46957183,1.8766845,2.8642228,2.8212268,3.347914,0.8000000715255737
Sidrap,2023-06-14,2023-06-13,0.8253447,1.3251808,1.2623086,1.4665318,1.3582106,0.2000000029802322
Sidrap,2023-06-15,2023-06-14,0.642197,0.6168009,0.82072544,0.5332775,0.5749625,6.499999523162842
Sidrap,2023-06-16,2023-06-15,2.6098263,4.3761573,3.12531,4.3980665,3.5737185,1.4000000953674316
Sidrap,2023-06-17,2023-06-16,1.2050259,1.686556,1.5291986,1.8550345,1.6647758,0.9000000357627869
Sidrap,2023-06-18,2023-06-17,1.5090029,0.9840852,1.289373,1.4508297,1.5413756,4.900000095367432
Sidrap,2023-06-19,2023-06-18,2.6959672,3.2672946,3.2101784,3.976214,4.0098658,11.80000114440918
Sidrap,2023-06-20,2023-06-19,6.805332,6.5374193,4.703363,5.437804,4.3532405,2.799999952316284
Sidrap,2023-06-21,2023-06-20,1.9930613,2.3318405,3.0176344,3.3572621,2.919714,0.0
Sidrap,2023-06-22,2023-06-21,0.5653831,-0.55470264,0.9593547,1.7228074,1.3477395,0.7000000476837158
Sidrap,2023-06-23,2023-06-22,0.85502946,0.46521568,1.0625072,1.8372579,1.4386067,2.200000047683716
Sidrap,2023-06-24,2023-06-23,-0.11138117,2.5004263,2.2579474,2.7204902,2.779951,10.100000381469728
Sidrap,2023-06-25,2023-06-24,2.0019832,5.4536815,3.6756206,5.7610726,4.963813,0.0
Sidrap,2023-06-26,2023-06-25,-0.14168775,1.1262103,0.660339,1.7371234,1.7449318,8.200000762939453
Sidrap,2023-06-27,2023-06-26,4.328841,4.2646356,5.10034,6.467119,6.008896,5.900000095367432
Sidrap,2023-06-28,2023-06-27,5.0222354,3.2474413,4.10583,4.058596,4.0163198,2.8999998569488525
Sidrap,2023-06-29,2023-06-28,2.941234,2.5425546,3.5803113,3.3908892,3.11306,0.8999999761581421
Sidrap,2023-06-30,2023-06-29,1.2491727,1.8119334,2.6493547,2.3857481,2.605557,15.5
Sidrap,2023-07-01,2023-06-30,6.7415457,4.783502,3.713876,6.1548095,6.012801,6.100000381469727
Sidrap,2023-07-02,2023-07-01,2.616016,3.8115535,3.731539,4.6720915,4.2834187,14.700000762939451
Sidrap,2023-07-03,2023-07-02,5.9483237,3.9587898,6.07958,7.4999948,6.429008,31.600000381469727
Sidrap,2023-07-04,2023-07-03,9.016747,3.7651706,5.536636,9.863635,7.6864614,1.2000000476837158
Sidrap,2023-07-05,2023-07-04,1.9629569,3.332366,0.9722834,2.0155234,2.7379596,2.799999952316284
Sidrap,2023-07-06,2023-07-05,2.5688412,3.3154454,2.918775,3.653303,3.8909442,0.4000000059604645
Sidrap,2023-07-07,2023-07-06,0.45616627,2.646196,2.1402757,2.4139807,3.1163769,4.600000381469727
Sidrap,2023-07-08,2023-07-07,1.750387,3.386847,3.0451517,4.0140924,4.3807445,0.1000000014901161
Sidrap,2023-07-09,2023-07-08,-0.24669945,0.36555445,0.89265263,1.518518,1.7369596,0.0
Sidrap,2023-07-10,2023-07-09,-0.78406227,0.28304982,0.1835295,0.7393707,0.90818036,0.0
Sidrap,2023-07-11,2023-07-10,0.048291564,0.2481755,0.2825508,0.5410038,0.7911657,0.800000011920929
Sidrap,2023-07-12,2023-07-11,0.84280133,0.577824,1.139575,1.297271,0.70837986,20.600000381469727
Sidrap,2023-07-13,2023-07-12,8.0150175,4.1320596,3.1509666,8.42207,6.4848313,5.299999713897705
Sidrap,2023-07-14,2023-07-13,1.80899,1.8040198,2.1359706,3.9584732,2.2393165,1.6000001430511477
Sidrap,2023-07-15,2023-07-14,-0.6832098,0.67073524,1.2835824,3.4397388,2.5963805,1.0
Sidrap,2023-07-16,2023-07-15,-0.38536727,2.3134387,1.1950649,3.2906718,2.2103932,0.2000000029802322
Sidrap,2023-07-17,2023-07-16,0.24502707,1.2790599,0.739656,1.0825996,1.0246847,0.0
Sidrap,2023-07-18,2023-07-17,0.04833126,1.030088,0.46830297,1.2100632,1.1197606,0.6000000238418579
Sidrap,2023-07-19,2023-07-18,0.647257,1.0918458,1.0619366,1.6721848,1.3081839,0.1000000014901161
Sidrap,2023-07-20,2023-07-19,0.14177418,0.52333105,0.29063892,0.7758013,0.46368015,0.7000000476837158
Sidrap,2023-07-21,2023-07-20,0.7641405,1.0101676,0.8646537,1.5443163,1.1910675,1.7999999523162842
Sidrap,2023-07-22,2023-07-21,1.8455018,1.9055679,1.2062438,2.2848992,2.0171552,1.100000023841858
Sidrap,2023-07-23,2023-07-22,1.1442127,1.1349177,1.0505729,1.6395606,1.2601552,0.800000011920929
Sidrap,2023-07-24,2023-07-23,0.8370807,1.0468998,0.122404814,0.66604567,0.41790175,0.1000000014901161
Sidrap,2023-07-25,2023-07-24,0.13678753,0.64727414,-0.11128342,0.83079636,0.7298591,1.4000000953674316
Sidrap,2023-07-26,2023-07-25,1.4407914,1.9048488,0.9577673,1.932579,1.738802,2.1000001430511475
Sidrap,2023-07-27,2023-07-26,2.1406317,2.8217106,1.7617922,2.6465964,2.5376594,2.0999999046325684
Sidrap,2023-07-28,2023-07-27,2.1422763,1.7161213,0.7270757,0.8474537,0.1669718,0.0
Sidrap,2023-07-29,2023-07-28,0.042396903,0.9856686,0.22020721,0.39900446,0.06754255,0.0
Sidrap,2023-07-30,2023-07-29,0.048317313,0.97868603,0.21589613,0.26838315,-0.014804125,0.0
Sidrap,2023-07-31,2023-07-30,0.04591489,0.9470715,0.2691189,0.4655422,0.06391394,0.2000000029802322
Sidrap,2023-08-01,2023-07-31,0.24356377,-0.1613301,0.4197142,0.2389884,0.054834127,1.0
Sidrap,2023-08-02,2023-08-01,1.04158,0.92861104,1.4196928,1.1482692,1.1063004,0.0
Sidrap,2023-08-03,2023-08-02,0.046482682,0.35690463,0.03522849,0.1534735,0.19157898,0.2000000029802322
Sidrap,2023-08-04,2023-08-03,0.24726224,0.31930697,0.21583128,0.33749616,0.31056952,3.299999713897705
Sidrap,2023-08-05,2023-08-04,2.8101556,3.1874166,2.7516441,2.7178326,3.042686,1.0
Sidrap,2023-08-06,2023-08-05,1.0457811,1.3625785,0.9558192,1.0783429,1.0252242,0.0
Sidrap,2023-08-07,2023-08-06,0.05120027,0.27575886,0.0863775,0.15283239,0.09189737,0.0
Sidrap,2023-08-08,2023-08-07,0.050597906,0.53844965,0.028141618,0.06545842,0.03260207,0.0
Sidrap,2023-08-09,2023-08-08,0.034971833,-0.0988816,0.04993844,0.061914086,0.02494955,0.2000000029802322
Sidrap,2023-08-10,2023-08-09,0.23568511,-0.03568697,0.31612694,0.20901525,0.24352646,0.2000000029802322
Sidrap,2023-08-11,2023-08-10,0.24271905,-0.32647097,0.3061707,0.20476949,0.22958243,0.5
Sidrap,2023-08-12,2023-08-11,0.54609394,-0.21997488,0.5885719,0.51838315,0.52020884,0.0
Sidrap,2023-08-13,2023-08-12,0.041844606,0.008293033,0.07745135,0.018282413,0.00400126,0.3000000119209289
Sidrap,2023-08-14,2023-08-13,0.34379506,0.020295978,0.36312604,0.30677462,0.29300392,0.6000000238418579
Sidrap,2023-08-15,2023-08-14,0.6502832,0.38691533,0.6188061,0.57520664,0.5883235,0.4000000059604645
Sidrap,2023-08-16,2023-08-15,0.45201564,0.38114703,0.4139582,0.36968613,0.379135,0.4000000059604645
Sidrap,2023-08-17,2023-08-16,0.44316363,0.7644758,0.45601058,0.39471424,0.4073354,0.0
Sidrap,2023-08-18,2023-08-17,0.041399837,0.00065374374,0.0571748,-0.02216661,0.0057610273,0.2000000029802322
Sidrap,2023-08-19,2023-08-18,0.24546921,0.00740242,0.24463892,0.19063604,0.2042464,0.3000000119209289
Sidrap,2023-08-20,2023-08-19,0.34510326,0.10570884,0.32580864,0.28270793,0.29324305,0.0
Sidrap,2023-08-21,2023-08-20,0.031756163,-0.12514389,0.049658656,-0.028324485,-0.0102978945,0.0
Sidrap,2023-08-22,2023-08-21,0.036262512,-0.17213023,0.03429985,-0.051888347,-0.015615702,0.0
Sidrap,2023-08-23,2023-08-22,0.038589597,0.021939158,0.032141566,-0.048955917,-0.013304472,0.1000000014901161
Sidrap,2023-08-24,2023-08-23,0.1488123,0.021087408,0.08583963,0.08676708,0.10569394,1.5000001192092896
Sidrap,2023-08-25,2023-08-24,1.5431994,1.317553,0.96924585,1.0050043,1.3496548,0.0
Sidrap,2023-08-26,2023-08-25,0.044419885,-0.03665459,-0.022034168,-0.01585579,0.0010854006,0.2000000029802322
Sidrap,2023-08-27,2023-08-26,0.14266777,0.14513314,0.22542799,0.16985142,0.19731629,0.3000000119209289
Sidrap,2023-08-28,2023-08-27,-0.19135344,0.40189552,0.30459416,0.25335062,0.28788173,0.0
Sidrap,2023-08-29,2023-08-28,0.030992508,0.1632638,0.025131106,-0.04870379,-0.0043342113,0.0
Sidrap,2023-08-30,2023-08-29,0.028591156,0.12375867,0.018418312,-0.07162309,-0.027044296,0.0
Sidrap,2023-08-31,2023-08-30,0.021302938,0.1286757,0.073969245,-0.06449878,-0.018866539,0.0
Sidrap,2023-09-01,2023-08-31,0.021102905,0.1339854,0.06615925,-0.06402457,-0.025242925,0.0
Sidrap,2023-09-02,2023-09-01,0.003627181,0.07694125,0.09288502,-0.05133164,-0.0069031715,0.0
Sidrap,2023-09-03,2023-09-02,0.0046807528,0.071199894,0.039732456,-0.074996114,-0.0028752089,0.0
Sidrap,2023-09-04,2023-09-03,-0.0015034676,0.033853292,0.024469376,-0.10097802,-0.021763682,1.7999999523162842
Sidrap,2023-09-05,2023-09-04,1.8126518,1.5954648,1.588637,1.438141,1.7218202,1.3000000715255735
Sidrap,2023-09-06,2023-09-05,1.308612,1.1392705,0.9996312,0.96260786,1.2174132,0.4000000059604645
Sidrap,2023-09-07,2023-09-06,0.40651274,0.42508972,0.3469417,0.32195306,0.40218306,0.0
Sidrap,2023-09-08,2023-09-07,0.003249526,0.1083107,-0.020581841,-0.07407582,0.00021207333,0.0
Sidrap,2023-09-09,2023-09-08,0.015368462,0.092253804,-0.0036164522,-0.062332153,0.004039407,0.0
Sidrap,2023-09-10,2023-09-09,0.010949492,0.058556914,0.01467514,-0.04171753,0.032277107,1.3000000715255735
Sidrap,2023-09-11,2023-09-10,1.3143493,1.2221873,1.2375572,1.16313,1.2756689,2.1000001430511475
Sidrap,2023-09-12,2023-09-11,2.1164978,1.5768573,1.8902582,1.4945824,1.9954388,0.1000000014901161
Sidrap,2023-09-13,2023-09-12,0.11948717,0.02527082,0.11945653,0.1050688,0.10787773,0.0
Sidrap,2023-09-14,2023-09-13,0.011150479,-0.03435743,0.0918926,0.031038165,0.010472536,0.0
Sidrap,2023-09-15,2023-09-14,0.009903669,0.0022389889,0.10646415,-0.0374074,0.016571641,0.0
Sidrap,2023-09-16,2023-09-15,0.002337575,0.026711464,0.08538413,-0.06426668,0.00543046,2.5999996662139893
Sidrap,2023-09-17,2023-09-16,2.6164565,2.1574657,1.9578863,1.9927726,2.422648,0.2000000029802322
Sidrap,2023-09-18,2023-09-17,0.21462274,0.16490161,0.09807718,0.07076824,0.19542539,0.0
Sidrap,2023-09-19,2023-09-18,0.014343262,0.097216606,0.0277282,-0.061825752,0.017081618,0.4000000059604645
Sidrap,2023-09-20,2023-09-19,0.40913522,0.43962026,0.4617952,0.36414623,0.43164372,0.3000000119209289
Sidrap,2023-09-21,2023-09-20,0.31836617,0.3066367,0.30612254,0.23998535,0.33820748,0.0
Sidrap,2023-09-22,2023-09-21,0.014233828,0.006671548,0.061211348,-0.070073366,0.03916669,0.3000000119209289
Sidrap,2023-09-23,2023-09-22,0.3224846,0.26237047,0.31525886,0.25818765,0.31815207,0.1000000014901161
Sidrap,2023-09-24,2023-09-23,0.117912054,0.0819509,0.018022418,0.03672552,0.076817274,0.1000000014901161
Sidrap,2023-09-25,2023-09-24,0.125332,0.14968646,0.04691446,0.01513958,0.07025027,0.0
Sidrap,2023-09-26,2023-09-25,0.023924708,0.03549826,-0.01128161,-0.07792556,0.00017631054,0.0
Sidrap,2023-09-27,2023-09-26,0.022004128,0.038420796,0.022385955,-0.09283483,-0.022844553,0.0
Sidrap,2023-09-28,2023-09-27,0.009479165,0.0143818855,0.031776547,-0.09436369,-0.022063375,0.0
Sidrap,2023-09-29,2023-09-28,0.021012306,0.005435109,-0.0010572672,-0.047935724,0.0006799698,0.0
Sidrap,2023-09-30,2023-09-29,0.022798896,0.011250019,-0.043540835,-0.050261617,0.01315546,0.0
Sidrap,2023-10-01,2023-09-30,0.025081277,0.019379497,-0.06361365,-0.06123209,0.007887483,0.1000000014901161
Sidrap,2023-10-02,2023-10-01,0.11559057,0.13388407,0.10210419,0.03589654,0.11005175,0.0
Sidrap,2023-10-03,2023-10-02,0.034855366,0.08629072,-0.028673649,0.036154747,0.08373487,3.6999998092651367
Sidrap,2023-10-04,2023-10-03,-0.039648175,2.731486,2.2459805,1.6671201,2.4684148,0.0
Sidrap,2023-10-05,2023-10-04,0.047949553,0.18024349,-0.05122423,0.025017858,0.119044065,0.0
Sidrap,2023-10-06,2023-10-05,0.040135264,0.11428642,0.1143409,0.27317333,0.3195398,0.0
Sidrap,2023-10-07,2023-10-06,0.043531418,0.049451947,0.1932019,0.12176669,0.2206738,0.1000000014901161
Sidrap,2023-10-08,2023-10-07,0.14828217,0.115267634,0.27988315,0.179129,0.24698341,0.0
Sidrap,2023-10-09,2023-10-08,0.041291118,0.03704393,0.22037292,0.098261,0.18225753,0.0
Sidrap,2023-10-10,2023-10-09,0.0310539,0.10069764,0.23003268,0.04122162,0.10379183,0.0
Sidrap,2023-10-11,2023-10-10,0.040183306,0.09409189,0.15458608,0.015104294,0.08815992,0.0
Sidrap,2023-10-12,2023-10-11,0.03879392,0.09331012,0.18267572,0.029808283,0.09130168,0.0
Sidrap,2023-10-13,2023-10-12,0.040773988,0.105668545,0.21479201,0.04967642,0.1110574,0.0
Sidrap,2023-10-14,2023-10-13,0.035989285,0.005053401,0.2121898,0.045148253,0.17955899,0.0
Sidrap,2023-10-15,2023-10-14,0.050899625,0.07609236,0.034649372,-0.06058085,0.15784264,0.1000000014901161
Sidrap,2023-10-16,2023-10-15,0.15585339,0.18300045,0.20954382,0.065375805,0.29585052,0.6000000238418579
Sidrap,2023-10-17,2023-10-16,0.6570345,0.673406,0.6942576,0.58181286,0.77202797,5.59999942779541
Sidrap,2023-10-18,2023-10-17,5.4783406,3.5024805,2.9661217,2.536192,3.4458718,8.900001525878906
Sidrap,2023-10-19,2023-10-18,4.0182834,3.1692233,3.9348245,3.0355327,4.484074,0.3000000119209289
Sidrap,2023-10-20,2023-10-19,0.38314605,0.32017016,0.7789316,0.9482658,1.1847942,0.0
Sidrap,2023-10-21,2023-10-20,0.08363736,0.3537855,0.5060564,0.74252725,0.9023567,0.0
Sidrap,2023-10-22,2023-10-21,0.084212184,0.40707755,0.353508,0.37217188,0.6517364,2.8999998569488525
Sidrap,2023-10-23,2023-10-22,2.983203,2.5024967,2.4078364,2.971043,3.06188,3.900000095367432
Sidrap,2023-10-24,2023-10-23,3.863384,2.7963414,1.3687648,2.4958117,3.0072408,0.0
Sidrap,2023-10-25,2023-10-24,0.08251691,0.3080597,0.052845478,0.4711802,0.691681,0.0
Sidrap,2023-10-26,2023-10-25,0.08325815,0.20899212,-0.06895852,0.43441308,0.6259688,0.0
Sidrap,2023-10-27,2023-10-26,0.08409715,0.4574703,0.15787137,0.1631602,0.33104277,0.0
Sidrap,2023-10-28,2023-10-27,0.07920885,0.15551531,0.16075444,-0.043726563,0.15166128,0.0
Sidrap,2023-10-29,2023-10-28,0.075417876,0.14166307,0.111450195,-0.028089523,0.07648003,0.0
Sidrap,2023-10-30,2023-10-29,0.076161265,0.11390972,0.14320469,-0.035400867,0.03873706,0.9000000357627869
Sidrap,2023-10-31,2023-10-30,0.98332083,1.0235692,0.9887846,0.5949625,0.80235505,0.2000000029802322
Sidrap,2023-11-01,2023-10-31,0.28051138,0.5037738,0.30532885,0.23327613,0.24187982,5.400000095367432
Sidrap,2023-11-02,2023-11-01,5.483411,2.810321,3.6467648,3.7912102,4.104567,16.0
Sidrap,2023-11-03,2023-11-02,6.3583913,4.3897624,4.5161853,6.096543,5.978901,7.699999809265137
Sidrap,2023-11-04,2023-11-03,4.987756,2.957903,3.0790112,3.7007737,3.9226527,14.40000057220459
Sidrap,2023-11-05,2023-11-04,4.509652,4.6606507,2.7911916,5.1438546,4.7061033,0.4000000059604645
Sidrap,2023-11-06,2023-11-05,0.4845978,2.218341,1.6388584,2.3832912,2.6496658,0.0
Sidrap,2023-11-07,2023-11-06,0.08365178,1.9458978,1.5150067,2.217992,2.6814861,0.9000000357627869
Sidrap,2023-11-08,2023-11-07,-0.61238086,1.8958051,2.4254448,2.6490762,3.0007675,0.0
Sidrap,2023-11-09,2023-11-08,0.075479984,0.57617056,0.69922507,0.8343204,1.3210927,0.1000000014901161
Sidrap,2023-11-10,2023-11-09,0.17635882,0.8879212,0.73392844,1.1346986,1.4426829,0.0
Sidrap,2023-11-11,2023-11-10,0.075671434,1.0172403,0.7412038,1.365313,1.5014651,0.3000000119209289
Sidrap,2023-11-12,2023-11-11,0.37501228,1.1077299,0.21770954,0.8572922,0.43799865,2.6999998092651367
Sidrap,2023-11-13,2023-11-12,2.7711933,1.8361601,-1.1797694,0.5032073,-0.96269476,0.0
Sidrap,2023-11-14,2023-11-13,0.07184112,0.53265834,0.65770006,0.8220527,0.3682934,1.3000000715255735
Sidrap,2023-11-15,2023-11-14,1.3724518,1.6145432,-0.014809728,1.5926819,0.41441035,3.0
Sidrap,2023-11-16,2023-11-15,2.0754757,2.6018562,-0.42106926,1.0244354,0.19911587,2.5
Sidrap,2023-11-17,2023-11-16,1.7975268,2.1046093,0.29518163,0.29181254,-0.72619283,3.8999996185302734
Sidrap,2023-11-18,2023-11-17,1.8208785,3.1083574,2.5373874,2.4744124,1.7041563,5.199999809265137
Sidrap,2023-11-19,2023-11-18,2.044569,2.8931925,5.3235893,4.344477,3.9861946,10.40000057220459
Sidrap,2023-11-20,2023-11-19,3.1105928,4.000988,6.1204486,6.289836,6.1864614,0.8000000715255737
Sidrap,2023-11-21,2023-11-20,0.8643857,2.3117535,2.5851893,2.7205825,2.387486,0.1000000014901161
Sidrap,2023-11-22,2023-11-21,0.165308,2.0944777,1.4762449,1.9590336,1.2613947,0.3000000119209289
Sidrap,2023-11-23,2023-11-22,0.89866924,2.6046567,1.4612439,2.465919,2.1985965,6.299999713897705
Sidrap,2023-11-24,2023-11-23,8.292925,6.1912346,3.6559374,6.59292,4.975753,3.799999713897705
Sidrap,2023-11-25,2023-11-24,5.9381166,3.9033594,0.8739587,2.9718645,2.96345,27.099998474121094
Sidrap,2023-11-26,2023-11-25,12.920025,5.2137227,2.828385,6.9980154,4.505653,14.699999809265137
Sidrap,2023-11-27,2023-11-26,8.137383,3.2113538,2.3676274,5.641615,3.9092703,2.799999952316284
Sidrap,2023-11-28,2023-11-27,5.4318433,3.5529091,0.7387675,3.430327,2.0289452,15.500000953674316
Sidrap,2023-11-29,2023-11-28,6.4893646,5.0045447,2.0387871,3.5535998,1.5007663,1.2000000476837158
Sidrap,2023-11-30,2023-11-29,3.463141,3.5568414,2.2381337,2.7327085,2.272843,16.5
Sidrap,2023-12-01,2023-11-30,7.8685365,10.63292,6.3213344,8.999684,7.047079,11.600000381469728
Sidrap,2023-12-02,2023-12-01,6.6563244,8.948335,7.097647,8.547117,6.14245,1.6000001430511477
Sidrap,2023-12-03,2023-12-02,1.8943174,4.391409,3.595478,4.217726,3.2947538,26.099998474121094
Sidrap,2023-12-04,2023-12-03,12.062442,9.353691,7.635983,13.00661,10.378593,4.799999713897705
Sidrap,2023-12-05,2023-12-04,3.7455444,6.583358,3.482033,5.8577685,5.6479554,3.799999713897705
Sidrap,2023-12-06,2023-12-05,1.9714055,6.0403624,4.933349,6.8363395,6.4859657,12.699999809265137
Sidrap,2023-12-07,2023-12-06,3.660112,5.4882708,4.275004,7.126423,6.019241,8.299999237060547
Sidrap,2023-12-08,2023-12-07,4.1666117,4.8097525,2.4149091,6.551206,5.3067245,4.299999713897705
Sidrap,2023-12-09,2023-12-08,2.9409661,4.753322,4.3724966,6.6009564,5.583656,2.1999998092651367
Sidrap,2023-12-10,2023-12-09,1.2155218,3.654202,2.8919065,4.6442914,4.2757473,3.9000003337860094
Sidrap,2023-12-11,2023-12-10,2.3228924,4.9739013,3.6031373,5.5297365,4.9442077,0.3000000119209289
Sidrap,2023-12-12,2023-12-11,2.3228652,3.209229,2.3995361,2.9809976,2.3588736,0.8999999761581421
Sidrap,2023-12-13,2023-12-12,2.5024097,3.1983929,2.0474892,2.7045107,2.1175156,2.499999761581421
Sidrap,2023-12-14,2023-12-13,2.3075798,3.4726892,4.542122,4.331542,3.9147878,1.4000000953674316
Sidrap,2023-12-15,2023-12-14,2.2469268,2.3692968,4.019229,3.694748,3.2085404,0.1000000014901161
Sidrap,2023-12-16,2023-12-15,1.6661079,1.5074487,1.8840544,2.4215276,2.4232497,0.1000000014901161
Sidrap,2023-12-17,2023-12-16,0.20705068,1.1981406,2.12465,2.5995903,2.694281,3.399999618530273
Sidrap,2023-12-18,2023-12-17,1.7549736,3.1320143,4.2689695,5.1163864,4.796797,1.7000000476837158
Sidrap,2023-12-19,2023-12-18,1.8249722,2.8547156,2.9305391,3.6592724,3.1968641,0.2000000029802322
Sidrap,2023-12-20,2023-12-19,0.14895523,2.1695218,1.8639487,2.3247926,2.2111082,0.1000000014901161
Sidrap,2023-12-21,2023-12-20,-0.28918993,2.2802944,0.9566176,1.5400112,1.4920013,0.0
Sidrap,2023-12-22,2023-12-21,1.7440385,2.268084,0.92686814,1.4968305,1.424715,1.3000000715255735
Sidrap,2023-12-23,2023-12-22,3.2674508,3.3258896,2.730505,2.898197,2.7187686,0.7000000476837158
Sidrap,2023-12-24,2023-12-23,3.5267859,2.5243049,2.003046,1.7592183,1.5634859,0.800000011920929
Sidrap,2023-12-25,2023-12-24,3.0912373,2.5448654,2.2239885,1.9434918,1.7780081,0.7000000476837158
Sidrap,2023-12-26,2023-12-25,1.8594173,2.2613757,2.5907648,2.151493,2.0883682,0.1000000014901161
Sidrap,2023-12-27,2023-12-26,1.9390666,1.402426,1.976104,1.5050179,1.4182863,0.0
Sidrap,2023-12-28,2023-12-27,2.083201,1.0663953,0.8799503,0.8850738,0.640754,9.199999809265137
Sidrap,2023-12-29,2023-12-28,7.3717036,5.4024305,6.789279,5.3189373,4.0665674,0.8000000715255737
Sidrap,2023-12-30,2023-12-29,2.6337948,2.370004,3.8751569,2.443822,2.3841252,3.8999993801116943
Sidrap,2023-12-31,2023-12-30,5.506829,5.367259,6.172936,4.818332,4.2548933,2.8999998569488525
Sidrap,2024-01-01,2023-12-31,4.5854945,3.2536364,5.2087555,3.9476304,3.833957,9.800000190734863
Sidrap,2024-01-02,2024-01-01,10.198538,6.613326,9.05311,7.5794373,7.07631,4.499999523162842
Sidrap,2024-01-03,2024-01-02,6.0353403,4.6849217,6.0070686,5.2325816,4.8940997,11.299999237060549
Sidrap,2024-01-04,2024-01-03,9.247116,5.0506606,6.671504,5.276406,5.3298426,20.0
Sidrap,2024-01-05,2024-01-04,9.753425,7.9210277,8.045506,7.997294,7.055068,13.800002098083496
Sidrap,2024-01-06,2024-01-05,8.359011,7.611964,6.3357205,6.6580067,5.3211064,17.599998474121094
Sidrap,2024-01-07,2024-01-06,9.087563,8.066521,5.27059,5.572728,5.71397,10.800000190734863
Sidrap,2024-01-08,2024-01-07,6.0898743,6.9456825,4.393786,4.8997436,4.0113688,1.6000001430511477
Sidrap,2024-01-09,2024-01-08,1.9378952,2.9669845,3.9799786,3.1717892,3.292173,1.3000000715255735
Sidrap,2024-01-10,2024-01-09,2.2489393,2.9341643,4.2866855,3.246594,3.7192197,0.2000000029802322
Sidrap,2024-01-11,2024-01-10,1.5218172,1.623787,2.1330981,1.8167756,1.6644598,1.100000023841858
Sidrap,2024-01-12,2024-01-11,2.3241446,1.5217373,2.8383474,2.0838535,2.2608166,3.1000001430511475
Sidrap,2024-01-13,2024-01-12,4.511013,3.8391595,4.957929,4.190977,4.427388,5.700000286102295
Sidrap,2024-01-14,2024-01-13,5.3514085,5.2731714,5.3239346,5.6064115,4.7361045,1.100000023841858
Sidrap,2024-01-15,2024-01-14,2.4730842,2.569739,3.587136,3.3067825,3.128255,7.800000667572021
Sidrap,2024-01-16,2024-01-15,6.458589,5.265195,6.3548155,6.3411493,5.232849,9.0
Sidrap,2024-01-17,2024-01-16,5.8382525,4.908813,4.791671,6.1970005,4.83146,1.2000000476837158
Sidrap,2024-01-18,2024-01-17,2.9108353,2.3338587,3.9270945,3.8337111,3.1208057,5.0
Sidrap,2024-01-19,2024-01-18,5.0307293,5.0186663,5.9210215,5.8642273,5.2762947,0.9000000953674316
Sidrap,2024-01-20,2024-01-19,2.5517607,2.043355,3.289348,3.2993617,2.4682808,1.7000001668930054
Sidrap,2024-01-21,2024-01-20,3.3463473,3.290593,3.4552214,3.6844575,2.1343515,0.0
Sidrap,2024-01-22,2024-01-21,1.715694,1.863187,1.1362654,1.8206375,0.7001821,0.0
Sidrap,2024-01-23,2024-01-22,1.7028689,1.0030501,0.60092545,1.0734425,0.69846773,3.0999999046325684
Sidrap,2024-01-24,2024-01-23,4.1228867,2.6725578,2.415863,2.9402695,1.6753279,0.2000000029802322
Sidrap,2024-01-25,2024-01-24,1.6131098,0.8378848,0.33113194,0.77862096,0.27505767,0.0
Sidrap,2024-01-26,2024-01-25,0.89364326,1.1263158,1.8040355,1.3559456,1.3537282,0.0
Sidrap,2024-01-27,2024-01-26,0.6797116,0.9856799,1.9255763,1.4538699,1.3431934,2.0
Sidrap,2024-01-28,2024-01-27,2.2018664,2.4385037,3.3622344,3.0503068,2.9849977,0.9000000357627869
Sidrap,2024-01-29,2024-01-28,1.8454919,1.2093285,2.331186,2.3142903,2.224917,0.5
Sidrap,2024-01-30,2024-01-29,1.6490517,1.0520933,1.4081618,1.468532,1.3808343,0.3000000119209289
Sidrap,2024-01-31,2024-01-30,1.5949581,0.8149533,1.2734975,1.1913972,1.0111222,0.4000000059604645
Sidrap,2024-02-01,2024-01-31,1.810585,0.7272706,1.1645054,0.74967885,0.0501523,0.6000000238418579
Sidrap,2024-02-02,2024-02-01,1.6063156,0.934839,1.5455422,0.8913195,0.104044914,0.2000000029802322
Sidrap,2024-02-03,2024-02-02,1.4418843,0.5927063,1.1420367,0.679845,0.023443341,0.9000000357627869
Sidrap,2024-02-04,2024-02-03,2.3443108,1.1326503,2.5880651,1.9190363,1.7487481,2.299999952316284
Sidrap,2024-02-05,2024-02-04,3.5283842,1.5865283,3.6071682,3.1681647,2.2891364,1.3000000715255735
Sidrap,2024-02-06,2024-02-05,2.7553186,1.4521594,2.038215,2.4713118,1.2807758,0.2000000029802322
Sidrap,2024-02-07,2024-02-06,1.7283633,0.7924706,1.6131678,1.6176472,1.0913057,18.50000190734864
Sidrap,2024-02-08,2024-02-07,7.3217645,6.413533,3.7351189,5.4363203,3.5213685,1.3000000715255735
Sidrap,2024-02-09,2024-02-08,1.8938332,2.479919,2.8090973,2.6944656,1.5799415,0.8999999761581421
Sidrap,2024-02-10,2024-02-09,1.622707,2.239883,2.0992687,2.132297,0.9978862,1.600000023841858
Sidrap,2024-02-11,2024-02-10,2.863344,3.4648867,3.156457,2.9043229,2.324463,6.800000190734863
Sidrap,2024-02-12,2024-02-11,4.76184,4.9626336,3.1024013,4.440114,2.776132,5.199999809265137
Sidrap,2024-02-13,2024-02-12,4.4620886,4.331948,3.3551133,4.261778,3.4826934,0.0
Sidrap,2024-02-14,2024-02-13,1.629741,1.0585141,1.3889711,1.3986652,0.9152238,1.600000023841858
Sidrap,2024-02-15,2024-02-14,2.4459698,1.8670074,2.2003999,2.179518,1.3541629,9.700000762939451
Sidrap,2024-02-16,2024-02-15,7.7138443,5.6782527,4.563623,6.0834203,5.5034614,4.5
Sidrap,2024-02-17,2024-02-16,5.8571987,4.39233,2.2394853,4.018992,3.299339,6.09999942779541
Sidrap,2024-02-18,2024-02-17,7.4701533,4.394479,2.511128,4.31795,3.6672895,0.2000000029802322
Sidrap,2024-02-19,2024-02-18,3.1450572,1.8557558,2.3962376,2.1382282,2.3519363,0.0
Sidrap,2024-02-20,2024-02-19,3.4184217,1.928206,1.2114633,1.1552682,1.2053757,0.2000000029802322
Sidrap,2024-02-21,2024-02-20,3.0901089,2.0885274,1.812389,1.5116675,1.6769248,0.1000000014901161
Sidrap,2024-02-22,2024-02-21,2.6092396,1.1451274,1.775696,1.2942766,1.3508408,7.399999618530273
Sidrap,2024-02-23,2024-02-22,8.202673,5.9074154,5.8313646,6.6671414,5.754547,1.5000001192092896
Sidrap,2024-02-24,2024-02-23,3.6560812,2.4902518,4.654356,3.9490905,3.1713102,1.3000000715255735
Sidrap,2024-02-25,2024-02-24,3.572712,2.34542,4.0565457,3.6750994,3.287668,0.8000000715255737
Sidrap,2024-02-26,2024-02-25,2.596472,1.979565,2.5437214,2.3083684,1.1787786,8.100000381469727
Sidrap,2024-02-27,2024-02-26,3.929222,5.3252687,4.8278527,4.6484,2.8203626,0.3000000119209289
Sidrap,2024-02-28,2024-02-27,1.3869169,1.561548,3.1096938,2.7151036,2.609161,1.0
Sidrap,2024-02-29,2024-02-28,1.8159885,2.2655838,2.5196593,2.9213438,2.7681081,7.100000381469727
Sidrap,2024-03-01,2024-02-29,3.2981799,4.3424006,4.349821,5.4741435,3.360764,10.900001525878906
Sidrap,2024-03-02,2024-03-01,6.636304,5.32859,5.9321885,7.4820943,5.2289386,24.10000228881836
Sidrap,2024-03-03,2024-03-02,8.22133,2.98265,7.443786,8.251397,6.395854,13.20000171661377
Sidrap,2024-03-04,2024-03-03,3.04642,3.0249119,6.1667323,6.1005816,4.953718,4.199999809265137
Sidrap,2024-03-05,2024-03-04,0.7708993,3.64454,6.8009343,5.879523,4.148534,14.500000953674316
Sidrap,2024-03-06,2024-03-05,5.5104427,6.103026,8.25906,8.670919,6.54966,7.699999809265137
Sidrap,2024-03-07,2024-03-06,4.4586105,5.909604,6.400996,7.169453,5.645524,4.999999523162842
Sidrap,2024-03-08,2024-03-07,2.721474,5.19085,6.529374,6.7658005,4.925761,6.6999993324279785
Sidrap,2024-03-09,2024-03-08,4.901245,5.891118,4.7636695,5.826409,4.5480304,19.599998474121094
Sidrap,2024-03-10,2024-03-09,8.799859,8.870026,9.151372,10.495382,9.6061,10.500000953674316
Sidrap,2024-03-11,2024-03-10,3.7947593,6.6787763,6.8037333,7.1007004,6.53334,0.0
Sidrap,2024-03-12,2024-03-11,-1.4071227,2.3788996,4.0358496,3.667316,3.6540036,3.6000001430511475
Sidrap,2024-03-13,2024-03-12,-1.0748283,3.7419686,6.3998394,6.581545,5.777489,0.5
Sidrap,2024-03-14,2024-03-13,0.3817172,2.4567058,3.2885425,3.198482,3.1475785,0.1000000014901161
Sidrap,2024-03-15,2024-03-14,1.5328559,2.1009598,2.8625245,2.3387737,2.4571967,4.899999618530273
Sidrap,2024-03-16,2024-03-15,3.1573832,4.251353,4.035526,5.001542,4.1857796,0.1000000014901161
Sidrap,2024-03-17,2024-03-16,1.603939,2.223727,2.0783691,2.437146,2.095862,0.0
Sidrap,2024-03-18,2024-03-17,1.7851354,1.7812276,2.0548065,2.12828,2.207395,0.2000000029802322
Sidrap,2024-03-19,2024-03-18,1.7105883,1.6498464,1.2701154,1.4721342,0.8023213,0.8000000715255737
Sidrap,2024-03-20,2024-03-19,2.10001,1.783147,2.1621878,1.4885259,0.51938176,0.4000000059604645
Sidrap,2024-03-21,2024-03-20,2.0099213,1.9351482,2.7735531,2.598339,2.1734405,13.30000114440918
Sidrap,2024-03-22,2024-03-21,5.3256626,5.402346,5.3389053,5.5189176,4.2945733,0.3000000119209289
Sidrap,2024-03-23,2024-03-22,1.6681426,2.6338837,4.1577387,3.5736852,2.7904344,0.800000011920929
Sidrap,2024-03-24,2024-03-23,2.1202345,3.3307858,4.192535,4.008061,3.5182076,1.8000000715255735
Sidrap,2024-03-25,2024-03-24,1.930049,3.68634,4.628989,4.9095244,4.188853,33.900001525878906
Sidrap,2024-03-26,2024-03-25,13.399373,12.110969,12.1834955,15.016039,10.81356,23.70000267028809
Sidrap,2024-03-27,2024-03-26,8.674896,11.225372,11.140002,11.928824,10.064029,14.000001907348633
Sidrap,2024-03-28,2024-03-27,5.168577,7.8396916,8.733428,7.9161625,6.2988605,7.599999904632568
Sidrap,2024-03-29,2024-03-28,4.157151,8.888868,10.6457405,8.493487,6.8778396,5.199999809265137
Sidrap,2024-03-30,2024-03-29,3.8617496,6.585331,6.49268,5.8709483,5.1752625,12.399999618530272
Sidrap,2024-03-31,2024-03-30,5.5903597,10.166877,9.675686,9.714959,8.964431,10.900001525878906
Sidrap,2024-04-01,2024-03-31,4.3604245,6.63979,8.703275,8.029386,6.887205,0.4000000059604645
Sidrap,2024-04-02,2024-04-01,0.82313025,2.8175745,3.9513345,3.1123538,2.7422667,0.3000000119209289
Sidrap,2024-04-03,2024-04-02,1.6569514,2.9473581,3.8437464,3.0831888,2.9253867,0.3000000119209289
Sidrap,2024-04-04,2024-04-03,1.7958239,3.2927392,3.899023,3.0131052,2.6299467,1.6000001430511477
Sidrap,2024-04-05,2024-04-04,3.0190783,3.5390337,4.3015723,3.3103273,3.507473,3.299999952316284
Sidrap,2024-04-06,2024-04-05,4.411448,4.437432,5.198226,4.762914,4.612148,0.4000000059604645
Sidrap,2024-04-07,2024-04-06,2.0856338,2.3285365,2.8924031,2.7908373,2.2045524,1.6000001430511477
Sidrap,2024-04-08,2024-04-07,3.288446,2.955277,3.8596735,3.896983,3.2065787,20.200000762939453
Sidrap,2024-04-09,2024-04-08,9.615344,6.72996,5.3304687,9.391507,7.5374475,14.500000953674316
Sidrap,2024-04-10,2024-04-09,8.579788,5.4638524,5.526824,7.1182275,6.5420375,7.099999904632568
Sidrap,2024-04-11,2024-04-10,4.8564076,1.7084765,6.8070874,7.1185493,5.7749443,13.90000057220459
Sidrap,2024-04-12,2024-04-11,6.968703,4.880408,7.4426517,8.534579,7.072656,0.4000000059604645
Sidrap,2024-04-13,2024-04-12,1.8848685,2.464705,2.73631,2.7149053,1.0095812,3.700000047683716
Sidrap,2024-04-14,2024-04-13,4.8638983,4.824707,4.9828773,5.2088823,3.2437568,2.300000190734864
Sidrap,2024-04-15,2024-04-14,3.5299358,5.112057,3.6989608,5.0413504,3.9915004,7.799999237060547
Sidrap,2024-04-16,2024-04-15,5.088014,6.9978943,5.143062,6.967178,6.099271,7.399999618530273
Sidrap,2024-04-17,2024-04-16,5.451233,5.351661,6.5150943,7.115768,7.193108,3.5999999046325684
Sidrap,2024-04-18,2024-04-17,3.4156232,4.2055125,4.6898274,5.358876,5.7803354,3.1999998092651367
Sidrap,2024-04-19,2024-04-18,3.540772,4.0847497,4.73087,5.155762,4.9040236,1.2000000476837158
Sidrap,2024-04-20,2024-04-19,3.0302293,2.9269018,3.7839584,3.4801817,3.148069,16.0
Sidrap,2024-04-21,2024-04-20,10.264246,7.6636095,6.315251,7.5296316,5.8254647,6.100000381469727
Sidrap,2024-04-22,2024-04-21,7.067088,5.5955,5.2850533,5.4356937,3.5166845,17.899999618530273
Sidrap,2024-04-23,2024-04-22,13.783604,10.877897,10.186838,10.07226,9.51199,3.0999999046325684
Sidrap,2024-04-24,2024-04-23,4.831639,5.4558053,7.5697126,6.6450944,5.7531157,19.400001525878903
Sidrap,2024-04-25,2024-04-24,10.183844,7.5126452,9.103953,9.998293,7.940357,2.499999761581421
Sidrap,2024-04-26,2024-04-25,3.5825105,3.2632768,7.6842966,5.725677,4.179892,2.0999999046325684
Sidrap,2024-04-27,2024-04-26,3.4302173,4.2745895,6.00494,5.364944,4.8306155,20.39999961853028
Sidrap,2024-04-28,2024-04-27,8.197483,9.059592,7.6904674,9.774842,8.4761715,2.900000095367432
Sidrap,2024-04-29,2024-04-28,3.537355,5.379516,5.8307776,5.92578,5.4272585,68.39999389648438
Sidrap,2024-04-30,2024-04-29,15.831293,12.699613,8.353083,20.19266,13.736642,1.3000000715255735
Sidrap,2024-05-01,2024-04-30,1.9149138,1.7083211,-0.65963876,2.6892278,2.2099714,0.4000000059604645
Sidrap,2024-05-02,2024-05-01,1.0218208,4.9977074,3.2287498,4.8470945,3.8987236,10.899998664855955
Sidrap,2024-05-03,2024-05-02,1.8443452,2.5908444,7.3969793,8.7767315,6.7641263,20.39999961853028
Sidrap,2024-05-04,2024-05-03,4.5325627,7.4165974,3.7987719,8.2384205,7.235092,11.00000286102295
Sidrap,2024-05-05,2024-05-04,3.1104655,4.7666373,3.9381647,7.083953,5.819218,5.59999942779541
Sidrap,2024-05-06,2024-05-05,2.8479624,4.1306057,1.9001963,4.2291536,3.091961,0.7000000476837158
Sidrap,2024-05-07,2024-05-06,0.60014796,3.3383331,2.2216845,2.71556,1.7750032,1.3000000715255735
Sidrap,2024-05-08,2024-05-07,3.1725488,4.6367188,2.8318639,3.5311642,3.2314093,2.799999952316284
Sidrap,2024-05-09,2024-05-08,3.0622997,4.493691,3.1246529,4.4926424,4.4648814,10.5
Sidrap,2024-05-10,2024-05-09,4.449204,5.1550183,5.618613,7.992002,7.258929,0.5
Sidrap,2024-05-11,2024-05-10,1.5686798,1.0251187,1.7817824,2.9666777,2.4434156,0.2000000029802322
Sidrap,2024-05-12,2024-05-11,1.772808,2.337287,1.0339327,3.3070579,2.6104937,2.299999952316284
Sidrap,2024-05-13,2024-05-12,3.301786,2.6760788,2.2671275,4.603679,3.8296933,0.2000000029802322
Sidrap,2024-05-14,2024-05-13,1.7011361,2.0514264,1.7222874,3.3340416,2.504348,0.0
Sidrap,2024-05-15,2024-05-14,0.900897,1.5855538,1.0079153,2.7771864,2.1626647,1.0
Sidrap,2024-05-16,2024-05-15,2.1621869,1.2850113,2.4462037,3.3778102,2.4540844,1.0
Sidrap,2024-05-17,2024-05-16,1.7713952,2.2327037,2.3044884,2.707284,2.409183,0.4000000059604645
Sidrap,2024-05-18,2024-05-17,1.3800437,2.1830623,2.2290158,3.050146,2.9850552,0.6000000238418579
Sidrap,2024-05-19,2024-05-18,1.4281828,3.1526425,2.2845879,3.134633,2.7890365,0.0
Sidrap,2024-05-20,2024-05-19,1.8694447,1.7744358,1.9920481,2.64578,2.5682533,0.1000000014901161
Sidrap,2024-05-21,2024-05-20,1.189641,1.3668888,1.9093626,2.429839,2.6741533,0.4000000059604645
Sidrap,2024-05-22,2024-05-21,1.6694887,1.5127213,2.3474505,2.6330044,2.9034958,3.1000001430511475
Sidrap,2024-05-23,2024-05-22,4.7606373,4.224695,5.5331225,5.5749426,5.713674,1.3000000715255735
Sidrap,2024-05-24,2024-05-23,1.6084372,1.5709109,2.7831366,3.104576,1.9012953,0.800000011920929
Sidrap,2024-05-25,2024-05-24,1.0641693,1.6093192,2.0970833,3.0429044,2.063575,0.9000000953674316
Sidrap,2024-05-26,2024-05-25,1.7760184,2.4183273,2.6644025,2.8917928,1.8642582,4.899999618530273
Sidrap,2024-05-27,2024-05-26,5.3891234,6.852559,5.46815,6.2167606,4.8923516,0.6000000238418579
Sidrap,2024-05-28,2024-05-27,2.026499,0.6844053,1.2101775,1.0118294,0.2852713,7.700000762939453
Sidrap,2024-05-29,2024-05-28,7.366228,1.4662097,6.417139,6.3430037,5.4261727,9.600000381469728
Sidrap,2024-05-30,2024-05-29,8.842307,2.9905534,5.728299,5.520371,4.0900464,6.900000095367432
Sidrap,2024-05-31,2024-05-30,7.197222,3.8162794,6.568826,6.355347,5.2688,1.8000001907348633
Sidrap,2024-06-01,2024-05-31,2.4277515,0.33232224,2.9360828,2.7414596,3.104619,10.700000762939451
Sidrap,2024-06-02,2024-06-01,7.0144196,4.44325,6.568882,7.2374973,6.50196,1.2000000476837158
Sidrap,2024-06-03,2024-06-02,1.4508562,0.5884038,3.776254,3.075623,2.8107176,7.400000095367432
Sidrap,2024-06-04,2024-06-03,5.4485626,3.2550468,4.87709,4.690514,5.148669,0.4000000059604645
Sidrap,2024-06-05,2024-06-04,0.9611302,1.3939462,2.4622543,2.3018947,2.250675,0.9000000357627869
Sidrap,2024-06-06,2024-06-05,1.6009548,1.4983296,1.5543895,2.008782,1.8449149,0.0
Sidrap,2024-06-07,2024-06-06,0.23399782,1.2304215,0.73265624,1.1271689,1.0219147,13.0
Sidrap,2024-06-08,2024-06-07,2.7878811,3.8552341,5.4899893,7.3162556,5.497998,3.8000001907348633
Sidrap,2024-06-09,2024-06-08,2.9698906,2.458331,2.489236,4.370165,3.1702876,1.3000000715255735
Sidrap,2024-06-10,2024-06-09,1.8864658,1.5918362,1.4898076,2.6565235,1.4606524,0.6000000238418579
Sidrap,2024-06-11,2024-06-10,0.55805695,1.1471997,1.3143971,2.2756584,1.8426441,8.199999809265137
Sidrap,2024-06-12,2024-06-11,3.6913795,6.0305967,3.7685943,5.5585265,4.73294,9.899999618530272
Sidrap,2024-06-13,2024-06-12,2.7601495,5.217171,4.830148,6.442591,5.5832553,0.5
Sidrap,2024-06-14,2024-06-13,0.5236007,0.2547127,1.4181695,2.0336323,1.6110196,0.0
Sidrap,2024-06-15,2024-06-14,-2.1031976,-0.16986716,0.73349226,1.6350232,1.034373,0.7000000476837158
Sidrap,2024-06-16,2024-06-15,0.6327071,0.46550643,0.8351089,1.8381715,1.2078643,0.4000000059604645
Sidrap,2024-06-17,2024-06-16,0.18879008,1.3627044,0.37981653,1.2149861,0.78453434,1.3000000715255735
Sidrap,2024-06-18,2024-06-17,-0.24429262,1.8999199,1.2720332,1.2150099,0.9863831,0.0
Sidrap,2024-06-19,2024-06-18,-0.26620042,1.2182972,0.27267873,0.37450182,0.20545268,0.5
Sidrap,2024-06-20,2024-06-19,-1.7539607,1.276103,0.6087247,0.5277399,0.56468403,0.1000000014901161
Sidrap,2024-06-21,2024-06-20,0.21810734,0.6100851,0.13579583,0.1407969,-0.1337992,1.8000001907348633
Sidrap,2024-06-22,2024-06-21,0.5757201,1.9809147,0.9232861,1.2575762,1.1775687,1.1000001430511477
Sidrap,2024-06-23,2024-06-22,-0.32631338,1.3535161,0.9165798,1.281683,0.8492664,0.8000000715255737
Sidrap,2024-06-24,2024-06-23,0.3450489,0.28178358,0.6214832,0.73095787,0.42540026,12.699999809265137
Sidrap,2024-06-25,2024-06-24,5.438786,5.2299323,2.723871,3.7897825,3.065358,11.899999618530272
Sidrap,2024-06-26,2024-06-25,4.3930483,3.599471,1.5779531,2.676454,1.9786284,1.0000001192092896
Sidrap,2024-06-27,2024-06-26,-0.24551761,1.3241324,2.1187477,2.294795,2.0920193,0.0
Sidrap,2024-06-28,2024-06-27,-0.1711806,0.61376536,0.5436182,1.05113,0.9214212,6.5
Sidrap,2024-06-29,2024-06-28,2.0400212,3.6148262,6.407559,6.445371,6.241339,1.5000001192092896
Sidrap,2024-06-30,2024-06-29,-0.56039464,1.9606825,3.1885037,2.9361024,2.8982077,5.69999885559082
Sidrap,2024-07-01,2024-06-30,0.5525596,2.385973,5.5054526,5.848258,5.744374,7.19999885559082
Sidrap,2024-07-02,2024-07-01,2.2186408,0.69406545,6.0509524,5.1420064,4.799338,31.799999237060547
Sidrap,2024-07-03,2024-07-02,8.491714,5.346898,4.4552293,10.214455,8.594022,14.100000381469728
Sidrap,2024-07-04,2024-07-03,4.133193,4.311494,2.202562,4.878793,3.5059485,0.0
Sidrap,2024-07-05,2024-07-04,-0.46724212,2.600932,0.5383501,1.0380574,1.0959839,1.2000000476837158
Sidrap,2024-07-06,2024-07-05,-0.21553624,3.302197,2.4284692,2.3562136,2.671097,0.3000000119209289
Sidrap,2024-07-07,2024-07-06,-0.23744237,1.6035343,1.0189943,1.5527174,1.526257,2.5
Sidrap,2024-07-08,2024-07-07,0.6107166,2.135884,2.1262186,2.0603228,2.0023317,0.800000011920929
Sidrap,2024-07-09,2024-07-08,0.6065923,0.9892822,0.96375364,1.1433046,0.90372527,1.0000001192092896
Sidrap,2024-07-10,2024-07-09,0.04845667,1.5548602,0.92510235,0.98092115,0.89244545,0.5
Sidrap,2024-07-11,2024-07-10,1.0264132,1.8576732,0.92061454,1.4401052,1.2186406,0.0
Sidrap,2024-07-12,2024-07-11,0.040757537,0.7502507,0.17318904,0.24055123,-0.12809765,0.6000000238418579
Sidrap,2024-07-13,2024-07-12,0.64014125,1.1325557,0.7783942,0.8765931,0.49816763,0.7000000476837158
Sidrap,2024-07-14,2024-07-13,0.6843159,0.9286103,1.1951402,1.1540782,0.8473997,0.5
Sidrap,2024-07-15,2024-07-14,0.5427879,1.1881435,0.37582672,1.3144672,0.9927215,15.800000190734863
Sidrap,2024-07-16,2024-07-15,7.193201,7.569383,3.7698038,6.770897,5.637848,1.3
Sidrap,2024-07-17,2024-07-16,1.3400631,3.284995,-0.07393837,2.419845,1.8788762,0.3
Sidrap,2024-07-18,2024-07-17,0.34344614,2.124499,0.36565256,2.1478922,1.8929856,0.0
Sidrap,2024-07-19,2024-07-18,0.047233462,2.1660676,0.7444725,1.2958984,1.1610298,0.0
Sidrap,2024-07-20,2024-07-19,0.041715264,0.375731,0.3114097,0.599172,0.5628772,0.0
Sidrap,2024-07-21,2024-07-20,0.042963743,0.0025135279,0.37738156,0.62197185,0.49648285,0.3
Sidrap,2024-07-22,2024-07-21,0.3460251,0.3028872,0.88969266,1.1776474,1.0599903,1.1
Sidrap,2024-07-23,2024-07-22,1.148853,1.3792956,1.6786633,1.844233,1.8331344,0.1
Sidrap,2024-07-24,2024-07-23,0.14333916,0.16263855,0.09115684,0.446697,0.41828406,2.0
Sidrap,2024-07-25,2024-07-24,2.0450506,1.3924156,1.4515429,1.8184062,2.0002117,10.1
Sidrap,2024-07-26,2024-07-25,8.444345,5.3776436,4.2552543,5.9910727,5.211232,10.700001
Sidrap,2024-07-27,2024-07-26,7.459209,6.432428,3.3567536,5.102322,3.7271996,0.6
Sidrap,2024-07-28,2024-07-27,0.65335846,0.8617585,0.7559664,1.0283163,-0.11326039,5.0999994
Sidrap,2024-07-29,2024-07-28,5.154962,2.5598881,2.2714005,2.4419737,1.1075041,0.1
Sidrap,2024-07-30,2024-07-29,0.15857911,1.0682495,1.043463,0.90731233,0.46030343,0.70000005
Sidrap,2024-07-31,2024-07-30,0.7591127,0.799371,1.0149581,1.0856962,0.70851886,0.4
Sidrap,2024-08-01,2024-07-31,0.45501745,-0.09873712,0.5600767,0.678651,0.41106403,0.4
Sidrap,2024-08-02,2024-08-01,0.4554119,-0.48167408,0.5596632,0.7136941,0.6438329,0.5
Sidrap,2024-08-03,2024-08-02,0.55743885,0.33576703,0.86212313,1.2032368,1.3690085,1.9
Sidrap,2024-08-04,2024-08-03,1.9599264,1.0322223,2.2051048,2.3616395,2.3870609,0.1
Sidrap,2024-08-05,2024-08-04,0.15350962,0.5334991,0.19506812,0.3902166,0.3771962,1.2000002
Sidrap,2024-08-06,2024-08-05,1.2543932,1.0482837,1.1357172,1.3830855,1.3687606,3.1999998
Sidrap,2024-08-07,2024-08-06,2.482294,2.1292574,1.1092834,2.7765906,2.6822429,0.0
Sidrap,2024-08-08,2024-08-07,0.054623842,0.77505374,0.13359225,0.39775455,0.4271412,0.9000001
Sidrap,2024-08-09,2024-08-08,0.7518307,1.0390842,0.7634541,0.8131163,0.77875817,0.0
Sidrap,2024-08-10,2024-08-09,0.052618265,0.26984715,0.031787753,0.030900955,0.016949892,0.0
Sidrap,2024-08-11,2024-08-10,0.052274227,0.22603631,-0.020866752,0.047970057,0.06793618,0.2
Sidrap,2024-08-12,2024-08-11,0.25668514,0.40551448,0.26459312,0.26637435,0.30272722,0.8
Sidrap,2024-08-13,2024-08-12,0.85343266,0.9400702,0.87597203,0.92349094,0.9454885,0.0
Sidrap,2024-08-14,2024-08-13,0.05287814,0.23979783,0.14885879,0.17024338,0.17166865,0.0
Sidrap,2024-08-15,2024-08-14,0.05262661,0.27865696,0.09386182,0.19109452,0.10213256,0.0
Sidrap,2024-08-16,2024-08-15,0.054567218,0.16275668,0.0517956,0.005396366,0.038539886,0.3
Sidrap,2024-08-17,2024-08-16,0.34374607,0.22976303,0.2993778,0.33697307,0.2766881,0.0
Sidrap,2024-08-18,2024-08-17,0.04001379,0.12436688,-0.026134253,-0.023596048,-0.035201788,0.0
Sidrap,2024-08-19,2024-08-18,0.045636654,0.15015912,-0.1550988,-0.06578243,-0.045931697,2.7
Sidrap,2024-08-20,2024-08-19,2.7595844,1.4727973,1.8782507,1.6032871,1.9999126,0.1
Sidrap,2024-08-21,2024-08-20,0.15208101,0.09759462,0.20966554,0.1842972,0.14020634,0.0
Sidrap,2024-08-22,2024-08-21,0.050964355,0.057218075,0.103376865,-0.007275343,0.014538407,0.4
Sidrap,2024-08-23,2024-08-22,0.45498836,0.2706772,0.44492793,0.37188518,0.378466,0.0
Sidrap,2024-08-24,2024-08-23,0.060073495,0.12816584,0.11354339,0.020103097,0.037676215,0.0
Sidrap,2024-08-25,2024-08-24,0.05783236,0.11027694,0.1190685,0.047029734,0.05139661,1.3000001
Sidrap,2024-08-26,2024-08-25,-0.33914435,0.92398095,1.3650169,1.3433154,1.3244498,0.6
Sidrap,2024-08-27,2024-08-26,-0.82046473,0.10064244,0.671409,0.6266887,0.6295023,0.2
Sidrap,2024-08-28,2024-08-27,0.26310182,-0.08742988,0.2794187,0.23912644,0.24059331,0.0
Sidrap,2024-08-29,2024-08-28,0.05377257,0.3296436,0.07081294,0.028346658,0.07089329,0.0
Sidrap,2024-08-30,2024-08-29,0.046385646,0.3584317,0.031591058,-0.020564675,0.02048111,2.5
Sidrap,2024-08-31,2024-08-30,-0.037933826,2.2786279,1.1046785,0.82496166,1.1994588,0.5
Sidrap,2024-09-01,2024-08-31,0.5616987,0.856966,0.51021314,-0.0048264265,0.15343082,2.6000001
Sidrap,2024-09-02,2024-09-01,1.0170712,0.32885444,2.1752825,1.7269253,1.8544873,0.0
Sidrap,2024-09-03,2024-09-02,0.047175884,-0.20982921,0.13646543,0.06585312,0.12987685,0.0
Sidrap,2024-09-04,2024-09-03,0.05706525,-0.10584891,0.09865248,0.028761744,0.08719957,1.9000001
Sidrap,2024-09-05,2024-09-04,1.5066757,1.3117666,1.8582989,1.6713946,1.9442356,0.3
Sidrap,2024-09-06,2024-09-05,0.35778677,0.4763956,0.33576787,0.27098846,0.41080785,0.2
Sidrap,2024-09-07,2024-09-06,0.25977254,0.37382686,0.20124221,0.21124399,0.27031183,1.5
Sidrap,2024-09-08,2024-09-07,1.5656928,1.5092999,1.343219,1.1349106,1.2154133,3.7999997
Sidrap,2024-09-09,2024-09-08,1.4123405,2.612798,2.7743888,2.2472467,2.952209,0.0
Sidrap,2024-09-10,2024-09-09,0.060347676,0.29975295,-0.0010929108,0.15672171,0.28657222,0.0
Sidrap,2024-09-11,2024-09-10,0.060791135,0.23112667,0.10679293,0.1152966,0.18382227,0.0
Sidrap,2024-09-12,2024-09-11,0.06457186,0.27434766,0.10790849,0.026597857,0.07160854,0.0
Sidrap,2024-09-13,2024-09-12,0.059298515,0.13894689,0.06285119,0.006035447,0.0404402,0.0
Sidrap,2024-09-14,2024-09-13,0.047992826,0.05228412,0.033343434,-0.002432108,0.036358476,0.0
Sidrap,2024-09-15,2024-09-14,0.044244647,0.0012938976,0.025002122,-0.05916691,0.0068142414,0.0
Sidrap,2024-09-16,2024-09-15,0.054090977,0.05994785,-0.021474004,-0.052648306,-0.012443304,0.3
Sidrap,2024-09-17,2024-09-16,0.35285866,0.36262047,0.34300697,0.28105843,0.2945745,0.0
Sidrap,2024-09-18,2024-09-17,0.055569768,0.039907694,0.100058675,0.049512506,0.028433561,0.0
Sidrap,2024-09-19,2024-09-18,0.058802366,0.043378353,0.14425087,0.07718396,0.05216682,0.0
Sidrap,2024-09-20,2024-09-19,0.06239724,0.060236335,0.22278762,0.093238235,0.10987079,0.3
Sidrap,2024-09-21,2024-09-20,0.36198616,0.40204024,0.48956907,0.37862945,0.46852696,0.0
Sidrap,2024-09-22,2024-09-21,0.061556935,0.090994,0.16630769,0.044700623,0.1919179,1.8000001
Sidrap,2024-09-23,2024-09-22,1.8639678,1.6358236,1.87757,1.5441686,1.78596,5.6
Sidrap,2024-09-24,2024-09-23,2.0895495,2.092505,3.264993,2.37948,3.0982583,0.8
Sidrap,2024-09-25,2024-09-24,0.8660674,0.9067982,0.95474845,1.1124623,1.4808924,5.4999995
Sidrap,2024-09-26,2024-09-25,1.6410298,2.2951808,4.465488,3.6896615,4.7419,0.6
Sidrap,2024-09-27,2024-09-26,0.5631025,0.78594244,1.4435029,1.1281538,1.4285618,5.8999996
Sidrap,2024-09-28,2024-09-27,2.4144745,2.9637961,4.204453,3.7914565,4.177954,1.4000001
Sidrap,2024-09-29,2024-09-28,1.4673333,1.0678391,1.7101275,1.5579196,1.7796314,0.4
Sidrap,2024-09-30,2024-09-29,0.46755278,0.50447416,0.8307239,0.8240154,0.98625696,0.0
Sidrap,2024-10-01,2024-09-30,0.07008982,0.14159691,0.6328217,0.46777892,0.44171536,1.5000001
Sidrap,2024-10-02,2024-10-01,1.5682589,1.6102266,1.7835186,1.4857087,1.6522611,2.6
Sidrap,2024-10-03,2024-10-02,2.668707,1.8909507,1.7287598,0.86514187,1.1538335,11.499999
Sidrap,2024-10-04,2024-10-03,3.3465548,2.4024282,0.7750397,1.438957,0.11525202,1.5
Sidrap,2024-10-05,2024-10-04,1.5696692,0.7241821,2.2973619,1.2054937,1.4168028,0.2
Sidrap,2024-10-06,2024-10-05,0.26751602,0.9213897,1.1127286,1.0603595,1.1104093,0.1
Sidrap,2024-10-07,2024-10-06,0.16677833,1.0056374,0.6826339,0.7192688,0.45580137,0.4
Sidrap,2024-10-08,2024-10-07,0.4641353,0.80597806,0.5131829,0.5207212,0.61447895,4.7999997
Sidrap,2024-10-09,2024-10-08,4.866376,3.7739372,3.3416243,4.106003,3.765458,12.100002
Sidrap,2024-10-10,2024-10-09,5.7213573,4.8926606,3.289646,5.9150224,4.777401,2.0
Sidrap,2024-10-11,2024-10-10,2.0667806,2.4632876,3.0750427,3.8924456,3.83972,5.2
Sidrap,2024-10-12,2024-10-11,5.23559,2.5797572,3.9223828,5.3791766,5.4501033,0.0
Sidrap,2024-10-13,2024-10-12,0.06424749,1.2757664,1.6198139,2.231399,2.4263744,3.3999999
Sidrap,2024-10-14,2024-10-13,3.4610932,2.8409069,4.449449,4.679802,4.7735715,14.1
Sidrap,2024-10-15,2024-10-14,6.6807547,5.2258406,3.2057266,5.230267,5.9047728,10.300001
Sidrap,2024-10-16,2024-10-15,5.285718,4.6132455,2.0640345,3.7008786,3.171157,0.8000001
Sidrap,2024-10-17,2024-10-16,0.8620192,2.9464269,3.8246887,4.000143,3.424884,1.4000001
Sidrap,2024-10-18,2024-10-17,1.459723,2.6381407,3.831878,3.7598126,3.8201432,0.2
Sidrap,2024-10-19,2024-10-18,0.2610246,1.7254992,2.179082,2.294179,2.4102447,2.3
Sidrap,2024-10-20,2024-10-19,2.3585074,2.8516614,3.2631068,3.4131684,2.904934,3.8999999
Sidrap,2024-10-21,2024-10-20,3.9587474,4.2544065,3.527594,4.6743293,3.182216,0.90000004
Sidrap,2024-10-22,2024-10-21,0.95718807,2.092445,2.2053466,2.3538067,1.7068905,0.90000004
Sidrap,2024-10-23,2024-10-22,0.96034837,2.1212409,2.6761613,2.4896624,1.9915026,0.70000005
Sidrap,2024-10-24,2024-10-23,0.75438416,1.6903137,1.70516,1.8407307,1.6591119,3.6000001
Sidrap,2024-10-25,2024-10-24,2.9994855,2.8419616,2.933115,4.285502,2.7150335,0.4
Sidrap,2024-10-26,2024-10-25,1.2933125,1.0335721,1.1742015,1.9486587,0.76670647,0.70000005
Sidrap,2024-10-27,2024-10-26,2.1401255,1.4656291,1.3375328,1.9130112,0.94333464,0.0
Sidrap,2024-10-28,2024-10-27,0.9083024,1.1568658,0.55560124,0.9440514,0.6984898,0.4
Sidrap,2024-10-29,2024-10-28,1.6878395,1.7119641,0.8892219,0.9616856,0.40092254,0.0
Sidrap,2024-10-30,2024-10-29,1.2763069,1.0544386,0.5532366,0.6656058,0.57608247,3.1
Sidrap,2024-10-31,2024-10-30,5.0349874,4.0637918,4.4710655,4.601004,4.2349243,7.5000005
Sidrap,2024-11-01,2024-10-31,5.287492,3.9409518,4.3159385,5.3183727,3.3510222,17.000004
Sidrap,2024-11-02,2024-11-01,7.4818296,6.5988684,5.248011,7.624336,5.340044,0.6
Sidrap,2024-11-03,2024-11-02,2.1867,2.3784359,2.5321245,2.7324293,2.64565,6.6
Sidrap,2024-11-04,2024-11-03,2.7390428,3.746692,4.2990847,5.4433255,4.8885374,8.5
Sidrap,2024-11-05,2024-11-04,2.999444,5.734133,4.458472,5.9355807,4.4559937,0.3
Sidrap,2024-11-06,2024-11-05,2.441131,2.1272368,2.0722857,2.1959698,2.2048988,4.5
Sidrap,2024-11-07,2024-11-06,2.8553417,5.4446883,4.8863688,4.8250337,4.0068884,1.4
Sidrap,2024-11-08,2024-11-07,3.74782,3.514223,3.8388774,3.484763,3.1154947,4.8999996
Sidrap,2024-11-09,2024-11-08,4.916249,4.959655,4.6784964,4.203021,3.8913028,0.5
Sidrap,2024-11-10,2024-11-09,3.3484569,2.5681007,2.226787,2.3224459,1.7421448,16.4
Sidrap,2024-11-11,2024-11-10,9.300539,7.8722963,4.0112247,6.6453357,5.987037,2.2
Sidrap,2024-11-12,2024-11-11,4.8105083,4.2453504,2.825159,3.8018124,3.3671172,6.7
Sidrap,2024-11-13,2024-11-12,6.7469573,5.0989585,2.8173647,5.1258507,4.3520517,2.5
Sidrap,2024-11-14,2024-11-13,4.688999,3.1945264,2.9626176,3.8653574,3.3702154,15.000002
Sidrap,2024-11-15,2024-11-14,8.552745,8.664581,3.6736274,6.6566334,5.12776,7.5
Sidrap,2024-11-16,2024-11-15,5.9898453,5.8179407,4.5960064,5.7852535,4.8904986,18.900002
Sidrap,2024-11-17,2024-11-16,8.110268,7.404207,6.184103,8.690737,7.314896,17.800001
Sidrap,2024-11-18,2024-11-17,6.0533915,5.0712867,5.2303114,8.00866,5.8142843,25.9
Sidrap,2024-11-19,2024-11-18,8.212,7.1379743,6.5911856,10.952,8.018445,4.4999995
Sidrap,2024-11-20,2024-11-19,2.9221134,4.1465216,5.7858,6.0588975,6.404775,5.2
Sidrap,2024-11-21,2024-11-20,3.171225,5.0714097,5.247337,6.6744814,6.1046023,2.1
Sidrap,2024-11-22,2024-11-21,2.9240305,4.7264457,3.3171449,4.9441648,5.1549377,7.2000003
Sidrap,2024-11-23,2024-11-22,5.071352,6.185659,5.1578875,7.3515067,7.418854,7.4
Sidrap,2024-11-24,2024-11-23,3.979527,5.234773,2.9444861,5.3624506,5.137793,6.0
Sidrap,2024-11-25,2024-11-24,4.3429966,5.921242,2.5606909,5.3590307,5.8679395,11.0
Sidrap,2024-11-26,2024-11-25,4.3925667,3.8544273,3.2399333,6.008086,6.1710763,7.7
Sidrap,2024-11-27,2024-11-26,5.246415,6.0758433,4.1627784,5.9639783,5.272571,2.0
Sidrap,2024-11-28,2024-11-27,3.3607044,4.5104337,4.7236137,4.8326087,4.680039,1.0
Sidrap,2024-11-29,2024-11-28,1.9438618,3.493867,2.8948555,3.258639,2.8248026,0.8000001
Sidrap,2024-11-30,2024-11-29,2.4029732,3.6471848,3.3482032,3.375804,2.6415849,12.099999
Sidrap,2024-12-01,2024-11-30,4.0631175,6.732934,8.0779,8.525851,7.4359674,5.3
Sidrap,2024-12-02,2024-12-01,2.6615074,5.135977,6.4993877,7.3808775,6.8250375,7.9000006
Sidrap,2024-12-03,2024-12-02,3.9936361,4.061371,4.8330917,6.55867,5.434945,6.8
Sidrap,2024-12-04,2024-12-03,4.012782,4.907146,5.8566666,8.1162195,6.895107,1.7000002
Sidrap,2024-12-05,2024-12-04,1.3373196,3.40685,4.110408,4.4317675,3.815051,3.8
Sidrap,2024-12-06,2024-12-05,2.8821764,4.926561,4.575801,5.4191995,5.102593,7.3
Sidrap,2024-12-07,2024-12-06,3.1901474,5.428341,5.640886,6.147277,6.0199947,0.0
Sidrap,2024-12-08,2024-12-07,0.44852972,2.275869,1.7540059,2.1274436,1.8963673,0.7
Sidrap,2024-12-09,2024-12-08,2.254922,2.4348402,2.5518236,2.643685,2.6889899,6.0999994
Sidrap,2024-12-10,2024-12-09,5.672215,5.084672,6.197445,6.6999955,6.605066,6.8999996
Sidrap,2024-12-11,2024-12-10,5.552277,5.7770505,5.5144315,6.265502,5.5688944,0.4
Sidrap,2024-12-12,2024-12-11,2.1912036,2.2915478,2.2427924,2.383906,2.2751539,5.5
Sidrap,2024-12-13,2024-12-12,4.5761495,3.054966,4.5410666,3.795576,2.7582676,3.6
Sidrap,2024-12-14,2024-12-13,4.643122,4.3742547,5.3869433,4.2547784,3.526561,0.0
Sidrap,2024-12-15,2024-12-14,1.6257524,2.1011856,2.3843617,1.4409254,1.0016906,1.1
Sidrap,2024-12-16,2024-12-15,2.4042423,2.9581752,2.2819977,1.8359675,1.2958896,0.0
Sidrap,2024-12-17,2024-12-16,1.3517804,1.7375917,0.3979113,0.45566273,0.106051445,0.6
Sidrap,2024-12-18,2024-12-17,2.242907,1.6141142,0.8591082,0.94237673,0.8542925,5.6999993
Sidrap,2024-12-19,2024-12-18,6.89343,5.852024,5.66687,5.25095,5.192774,20.2
Sidrap,2024-12-20,2024-12-19,12.705618,9.939531,6.3057914,6.911257,5.338072,23.000002
Sidrap,2024-12-21,2024-12-20,13.137544,8.870724,5.375326,6.6760006,5.8050866,49.8
Sidrap,2024-12-22,2024-12-21,13.305039,9.744191,5.1710725,12.326772,8.462692,14.500002
Sidrap,2024-12-23,2024-12-22,8.367943,5.6570406,3.3601692,5.1665044,2.8992138,1.3000001
Sidrap,2024-12-24,2024-12-23,2.7059903,5.862202,3.9195862,3.7113886,3.4821272,2.0000002
Sidrap,2024-12-25,2024-12-24,3.5182102,3.554453,2.761249,3.4418514,3.3076212,1.1
Sidrap,2024-12-26,2024-12-25,2.7163308,2.5060778,1.8739626,2.1273265,1.1220678,0.0
Sidrap,2024-12-27,2024-12-26,1.6817269,0.7769989,0.37152255,0.22382367,0.07410741,2.0000002
Sidrap,2024-12-28,2024-12-27,3.562128,2.8480482,2.1370382,2.031369,2.3327603,14.099999
Sidrap,2024-12-29,2024-12-28,11.009435,6.580349,5.615669,7.6794767,7.7166724,0.3
Sidrap,2024-12-30,2024-12-29,2.2378275,1.3208599,2.0390635,2.5567164,2.473233,1.0
Sidrap,2024-12-31,2024-12-30,2.414658,1.3507223,2.083328,2.8474166,2.6499162,3.5
Sidrap,2025-01-01,2024-12-31,4.5214186,2.997169,3.1120114,4.60045,3.9253716,0.6
Sidrap,2025-01-02,2025-01-01,2.0928829,1.8687055,2.686895,2.7669225,1.9277579,1.6
Sidrap,2025-01-03,2025-01-02,2.7640958,2.8827357,2.3867407,3.5810022,2.8060498,9.0
Sidrap,2025-01-04,2025-01-03,8.163909,4.982484,4.694551,6.126478,5.3624415,1.3000001
Sidrap,2025-01-05,2025-01-04,2.9677134,3.0356545,2.8926766,3.8030105,3.3230202,2.3999999
Sidrap,2025-01-06,2025-01-05,4.1450515,4.332108,3.551323,4.8738947,3.948965,0.6
Sidrap,2025-01-07,2025-01-06,2.6822329,1.7486364,2.669519,2.3628829,2.141633,0.4
Sidrap,2025-01-08,2025-01-07,2.5220337,1.0689155,2.584351,2.1817293,1.6330497,1.5000001
Sidrap,2025-01-09,2025-01-08,3.5452082,2.3234076,3.9100547,3.6091294,3.9741735,0.0
Sidrap,2025-01-10,2025-01-09,2.1009738,1.8582121,1.7435722,2.196647,2.0309713,2.0
Sidrap,2025-01-11,2025-01-10,3.6755257,2.9631963,3.2776613,3.7728543,3.5577178,0.9000001
Sidrap,2025-01-12,2025-01-11,2.5539265,2.0162628,2.1752665,2.6083317,2.6261926,16.2
Sidrap,2025-01-13,2025-01-12,11.297376,7.4757624,8.566191,10.491535,9.777311,1.9000002
Sidrap,2025-01-14,2025-01-13,4.148294,3.5073614,3.294004,3.784245,3.7821527,16.0
Sidrap,2025-01-15,2025-01-14,9.764269,5.904288,9.0731,9.179407,8.176608,4.9999995
Sidrap,2025-01-16,2025-01-15,4.535462,3.6690602,5.9046874,5.193715,3.8392847,1.2
Sidrap,2025-01-17,2025-01-16,2.476819,2.711081,4.2815995,3.082193,1.6252463,4.0
Sidrap,2025-01-18,2025-01-17,4.094593,5.027016,4.7446017,4.806935,4.378524,10.099999
Sidrap,2025-01-19,2025-01-18,7.229194,8.250919,9.040421,9.20296,8.77357,11.900002
Sidrap,2025-01-20,2025-01-19,6.771834,7.207357,9.102089,9.660137,9.089821,1.9000001
Sidrap,2025-01-21,2025-01-20,3.6866407,2.9896436,4.158564,4.0786114,3.9623823,25.700003
Sidrap,2025-01-22,2025-01-21,11.300965,10.2318535,6.8978653,9.1709,9.336294,4.7000003
Sidrap,2025-01-23,2025-01-22,3.8945742,4.5556407,4.9229884,4.8715906,5.0900617,5.0
Sidrap,2025-01-24,2025-01-23,3.1035156,4.137244,5.09575,5.0600166,4.66248,3.6
Sidrap,2025-01-25,2025-01-24,2.2704558,3.1248739,4.648975,4.710805,5.1577783,9.6
Sidrap,2025-01-26,2025-01-25,6.747314,4.7598696,6.8518248,7.226545,8.151601,2.2000003
Sidrap,2025-01-27,2025-01-26,3.0811515,3.3575048,4.456072,3.977892,4.2167463,2.3000002
Sidrap,2025-01-28,2025-01-27,3.0715823,2.4445658,2.884428,2.846108,3.190818,3.3999999
Sidrap,2025-01-29,2025-01-28,3.1573992,2.934727,3.5933833,3.6570075,3.7773075,6.1
Sidrap,2025-01-30,2025-01-29,3.8343043,4.782175,4.1116977,4.9591246,4.4222417,2.5999994
Sidrap,2025-01-31,2025-01-30,0.9749211,3.4015203,3.259204,3.1168418,3.2386875,1.5000002
Sidrap,2025-02-01,2025-01-31,-1.2147039,2.1748085,3.112661,2.649779,2.2048979,0.0
Sidrap,2025-02-02,2025-02-01,-1.575857,1.4468104,1.5376424,1.3867581,1.4376004,0.0
Sidrap,2025-02-03,2025-02-02,0.114206076,1.4209003,0.8053198,1.4403067,0.9286963,0.0
Sidrap,2025-02-04,2025-02-03,0.58675766,0.59099114,0.7583604,1.3681166,0.710788,0.0
Sidrap,2025-02-05,2025-02-04,1.5723282,1.0508959,0.7076061,1.1717701,0.8292508,0.8000001
Sidrap,2025-02-06,2025-02-05,2.2687154,1.4188508,1.6359894,1.8268327,1.6890591,1.9000003
Sidrap,2025-02-07,2025-02-06,3.3275516,2.493619,3.5742545,3.3911352,3.25878,10.800002
Sidrap,2025-02-08,2025-02-07,6.3734446,6.875667,4.2644057,3.431389,3.5784197,13.2
Sidrap,2025-02-09,2025-02-08,7.281854,8.367579,5.1896324,4.7049193,4.1576056,28.100002
Sidrap,2025-02-10,2025-02-09,13.130375,11.032302,8.768762,9.657821,7.5895762,3.9999998
Sidrap,2025-02-11,2025-02-10,4.9943523,6.783726,5.3626537,3.7820683,3.873126,2.9000003
Sidrap,2025-02-12,2025-02-11,4.074838,5.469201,4.6159644,3.858668,4.16693,0.1
Sidrap,2025-02-13,2025-02-12,0.6975645,2.4578505,3.0950391,2.1334796,1.5659063,1.5000001
Sidrap,2025-02-14,2025-02-13,2.765901,3.333858,3.259005,2.8011959,2.7282917,0.0
Sidrap,2025-02-15,2025-02-14,1.1301038,1.5275878,1.3710475,0.8662034,0.50106585,2.7999997
Sidrap,2025-02-16,2025-02-15,2.8231425,3.000092,3.041482,2.894491,2.7197456,6.6
Sidrap,2025-02-17,2025-02-16,3.8328485,4.411222,5.005894,5.380002,4.9873962,1.9000001
Sidrap,2025-02-18,2025-02-17,2.7068691,2.694782,2.976602,3.0338035,2.5600564,0.90000004
Sidrap,2025-02-19,2025-02-18,1.1717303,1.7735758,1.0365797,1.470876,1.112678,0.1
Sidrap,2025-02-20,2025-02-19,-0.7071434,0.8626981,0.37576437,0.73619545,0.4654653,4.9999995
Sidrap,2025-02-21,2025-02-20,1.0499622,3.300918,3.367562,3.8955638,4.581591,0.1
Sidrap,2025-02-22,2025-02-21,0.50844586,0.8181952,1.4905434,1.4336348,1.3603761,0.3
Sidrap,2025-02-23,2025-02-22,1.0788175,1.1230216,0.9104939,1.4038098,0.85284114,7.7999997
Sidrap,2025-02-24,2025-02-23,4.7701225,4.65293,5.5516715,6.1112733,5.384594,16.300003
Sidrap,2025-02-25,2025-02-24,8.494092,8.179262,5.735135,7.943517,6.295548,13.999999
Sidrap,2025-02-26,2025-02-25,8.069764,7.4110403,5.5686717,6.0040073,5.1296678,5.7
Sidrap,2025-02-27,2025-02-26,3.6952028,4.483329,5.4756613,4.656441,4.543665,12.0
Sidrap,2025-02-28,2025-02-27,5.0767484,5.089221,6.1661825,6.353792,5.924634,0.4
Sidrap,2025-03-01,2025-02-28,1.9133129,2.7149596,3.3566232,3.0590248,3.3198152,0.8
Sidrap,2025-03-02,2025-03-01,1.879904,2.4252388,1.6592032,2.4682202,2.2936866,1.8
Sidrap,2025-03-03,2025-03-02,2.9594405,2.8112164,2.5755045,3.380147,3.1367373,14.300001
Sidrap,2025-03-04,2025-03-03,6.6370506,6.022267,6.3554535,8.930105,8.324316,8.1
Sidrap,2025-03-05,2025-03-04,7.6813517,6.217671,7.238227,8.027635,7.4043946,15.300002
Sidrap,2025-03-06,2025-03-05,7.44669,5.0423374,5.2295213,6.502953,5.8845963,3.0
Sidrap,2025-03-07,2025-03-06,3.4113538,2.2767112,5.1089163,4.1212444,4.05127,2.2000003
Sidrap,2025-03-08,2025-03-07,4.796215,3.9165535,4.480373,3.9142785,3.5381613,16.300003
Sidrap,2025-03-09,2025-03-08,7.0168886,7.0786333,6.797969,8.533325,7.685972,5.2999997
Sidrap,2025-03-10,2025-03-09,5.2764926,5.963913,6.915328,7.301909,6.4325194,8.4
Sidrap,2025-03-11,2025-03-10,3.6735768,5.5277567,7.7357297,8.711623,7.3767114,1.6000001
Sidrap,2025-03-12,2025-03-11,2.9455066,3.8428025,4.656771,4.4500403,4.5163484,6.3
Sidrap,2025-03-13,2025-03-12,4.745109,5.8616085,4.6796913,5.5640607,5.3490143,9.800001
Sidrap,2025-03-14,2025-03-13,4.6934357,6.5322905,4.630213,6.2620535,6.6974807,0.0
Sidrap,2025-03-15,2025-03-14,1.5470976,2.6305487,2.5609438,2.2222629,2.4850273,2.4
Sidrap,2025-03-16,2025-03-15,1.1240051,3.1413913,3.4639082,3.3755734,3.331138,5.8
Sidrap,2025-03-17,2025-03-16,2.4264162,3.2238088,5.593538,5.3692174,5.785934,21.099998
Sidrap,2025-03-18,2025-03-17,5.671473,3.655435,6.9715767,9.355782,8.80671,2.8
Sidrap,2025-03-19,2025-03-18,0.96292984,4.3503036,5.040799,4.920709,4.547741,9.4
Sidrap,2025-03-20,2025-03-19,1.2530042,3.7140803,7.229211,8.077082,6.8627024,1.7
Sidrap,2025-03-21,2025-03-20,-0.2019943,4.3286223,4.835622,4.7682905,4.102622,6.3999996
Sidrap,2025-03-22,2025-03-21,1.8553303,4.67827,4.146789,4.7441096,4.002504,4.5000005
Sidrap,2025-03-23,2025-03-22,0.73764586,4.2859373,3.431501,4.395783,3.9734163,0.6
Sidrap,2025-03-24,2025-03-23,-0.21371424,1.4823258,2.036517,1.9927568,1.6568449,0.0
Sidrap,2025-03-25,2025-03-24,0.5160006,1.5584018,1.6668242,1.6419772,1.2691385,0.90000004
Sidrap,2025-03-26,2025-03-25,1.2625673,1.7994031,2.040515,1.9872892,1.7317297,0.0
Sidrap,2025-03-27,2025-03-26,0.70559597,0.976548,1.4292941,1.3448453,0.9737845,0.1
Sidrap,2025-03-28,2025-03-27,0.97251034,0.6913233,1.6077871,1.491507,1.3535473,0.2
Sidrap,2025-03-29,2025-03-28,2.186939,1.2789023,1.7681344,1.6007845,1.5883542,5.4999995
Sidrap,2025-03-30,2025-03-29,4.7538896,5.44667,5.112467,5.015147,5.2066574,1.0
Sidrap,2025-03-31,2025-03-30,2.6382377,2.5531497,2.4720016,2.461664,2.4629526,0.3
Sidrap,2025-04-01,2025-03-31,2.4307544,2.592738,2.3913255,2.0012953,1.7081782,5.7999997
Sidrap,2025-04-02,2025-04-01,4.594963,6.098826,4.22478,3.8806648,3.7685094,0.1
Sidrap,2025-04-03,2025-04-02,1.8455236,1.7660285,2.7427664,1.8773854,1.1421585,1.5
Sidrap,2025-04-04,2025-04-03,1.9889098,2.9145217,3.0605187,2.6273441,2.5042725,7.7999997
Sidrap,2025-04-05,2025-04-04,2.9613874,4.9771647,4.8485675,4.3744717,4.5802054,5.0
Sidrap,2025-04-06,2025-04-05,4.885601,4.14146,5.8138747,5.4319005,4.7255735,9.0
Sidrap,2025-04-07,2025-04-06,5.1565995,6.077747,7.3488092,7.6488,6.6335173,16.099998
Sidrap,2025-04-08,2025-04-07,6.5143695,5.461794,8.249423,8.488008,7.5698223,12.200001
Sidrap,2025-04-09,2025-04-08,6.0272064,5.5347743,8.2710495,7.6833572,7.163171,12.300001
Sidrap,2025-04-10,2025-04-09,7.057264,7.843657,8.113816,8.0069275,7.915193,3.0000002
Sidrap,2025-04-11,2025-04-10,2.5896435,3.4654317,4.984239,3.9963832,3.215494,9.500001
Sidrap,2025-04-12,2025-04-11,6.115171,5.71489,6.091454,6.4989414,5.6768136,3.8
Sidrap,2025-04-13,2025-04-12,5.0153856,4.113315,4.467695,4.4727345,3.7213798,1.3000001
Sidrap,2025-04-14,2025-04-13,3.2169256,2.6134105,3.5490813,3.1620355,2.7935944,5.2
Sidrap,2025-04-15,2025-04-14,5.824072,4.5204887,7.1606617,6.691256,6.251923,6.2999997
Sidrap,2025-04-16,2025-04-15,4.8312306,4.7611284,6.603825,6.799604,6.6267586,1.5000001
Sidrap,2025-04-17,2025-04-16,2.5977046,2.726802,3.8879194,3.3401294,3.4557374,3.2999997
Sidrap,2025-04-18,2025-04-17,4.119001,3.2553253,5.4849725,5.2701435,4.93307,3.2999995
Sidrap,2025-04-19,2025-04-18,2.3973973,2.868361,4.6297026,4.9496284,5.02827,1.1
Sidrap,2025-04-20,2025-04-19,1.687233,2.5706131,2.914106,2.8307843,2.5962384,0.0
Sidrap,2025-04-21,2025-04-20,0.34094465,1.4942267,1.3842506,1.5058273,1.3306675,6.8
Sidrap,2025-04-22,2025-04-21,1.1414387,5.033523,4.686447,5.100828,5.069875,1.8000001
Sidrap,2025-04-23,2025-04-22,1.6559566,3.6040885,3.3867664,3.4624567,3.3572536,0.7
Sidrap,2025-04-24,2025-04-23,1.8408029,2.2291496,2.5791247,2.261714,2.215055,1.0000001
Sidrap,2025-04-25,2025-04-24,2.2067065,2.8943288,2.5197096,2.44941,2.6498554,2.0
Sidrap,2025-04-26,2025-04-25,3.0142102,3.201629,3.436176,3.030894,3.1194572,4.2
Sidrap,2025-04-27,2025-04-26,4.7036233,4.0818644,3.559324,3.2510524,2.3352308,4.4
Sidrap,2025-04-28,2025-04-27,4.4526935,3.7700448,4.0743604,4.016103,3.0908775,0.1
Sidrap,2025-04-29,2025-04-28,1.4125239,1.2346427,1.6161674,1.7957118,1.8444715,8.5
Sidrap,2025-04-30,2025-04-29,7.3192253,5.2515807,4.260904,5.1982865,4.352214,13.900002
Sidrap,2025-05-01,2025-04-30,7.4702773,5.364677,6.336671,7.2052007,5.995002,8.8
Sidrap,2025-05-02,2025-05-01,5.8535876,4.156353,5.3395143,5.8075137,5.1238604,0.5
Sidrap,2025-05-03,2025-05-02,1.4792565,1.5712334,3.724019,3.26612,3.3550029,2.3
Sidrap,2025-05-04,2025-05-03,3.5552535,3.1515799,4.720209,3.8131528,3.0245547,0.5
Sidrap,2025-05-05,2025-05-04,2.2813098,2.1564624,2.6960874,2.0828865,1.9531734,3.9
Sidrap,2025-05-06,2025-05-05,4.864535,3.3724093,5.4623017,4.7527256,3.885777,21.6
Sidrap,2025-05-07,2025-05-06,8.5383005,6.6572886,5.6745195,8.767907,7.000484,9.4
Sidrap,2025-05-08,2025-05-07,5.3746824,5.088265,7.151248,7.3809066,5.811335,19.199999
Sidrap,2025-05-09,2025-05-08,8.80508,6.2519436,8.543059,9.804579,8.688771,3.2
Sidrap,2025-05-10,2025-05-09,2.9203665,2.5929,5.1400967,4.1305423,3.9905944,2.3
Sidrap,2025-05-11,2025-05-10,2.8722572,3.3069942,5.6531444,4.9188027,4.6269155,0.70000005
Sidrap,2025-05-12,2025-05-11,1.723047,2.5642405,2.7237,2.9744277,3.2940233,15.1
Sidrap,2025-05-13,2025-05-12,5.054375,5.7056847,6.567353,8.742018,7.6811357,9.4
Sidrap,2025-05-14,2025-05-13,2.977046,3.364369,5.9149966,6.966572,5.773794,16.7
Sidrap,2025-05-15,2025-05-14,7.2722316,4.0308576,8.124466,10.018875,9.614077,0.4
Sidrap,2025-05-16,2025-05-15,0.865826,2.371893,3.946742,3.7564569,3.7462258,4.9999995
Sidrap,2025-05-17,2025-05-16,3.494936,3.11337,5.8727984,6.280434,6.498675,19.500004
Sidrap,2025-05-18,2025-05-17,4.604283,3.3865128,7.253976,9.134788,8.174207,15.900001
Sidrap,2025-05-19,2025-05-18,6.298681,4.979234,5.415235,8.643852,7.69026,2.1
Sidrap,2025-05-20,2025-05-19,2.654998,3.9682975,3.5751176,4.3329487,4.2985325,7.2999997
Sidrap,2025-05-21,2025-05-20,5.3958044,4.789959,5.3361974,6.3856015,6.6804085,0.90000004
Sidrap,2025-05-22,2025-05-21,1.3979089,3.0898757,2.7318153,3.477355,3.5163016,10.600001
Sidrap,2025-05-23,2025-05-22,7.025581,6.0765276,4.031599,6.158133,6.1076427,8.3
Sidrap,2025-05-24,2025-05-23,4.8656,4.5917926,4.734682,6.559078,5.971833,0.5
Sidrap,2025-05-25,2025-05-24,1.6216174,1.415824,2.2614727,2.8357472,2.957353,1.1
Sidrap,2025-05-26,2025-05-25,2.0734625,1.6622866,2.3041785,3.067637,3.3893464,16.300001
Sidrap,2025-05-27,2025-05-26,8.051379,7.173217,6.3626165,9.066017,8.711056,5.6
Sidrap,2025-05-28,2025-05-27,3.7326732,6.498799,5.773829,6.7277546,6.654359,0.0
Sidrap,2025-05-29,2025-05-28,0.87676966,2.3665264,1.1719389,2.185181,2.1326885,4.1
Sidrap,2025-05-30,2025-05-29,3.5158744,4.2577586,5.0549316,6.2488365,6.2580805,14.700003
Sidrap,2025-05-31,2025-05-30,6.8031473,6.8758216,5.012035,7.5054903,7.435313,7.499999
Sidrap,2025-06-01,2025-05-31,5.242678,6.0439687,5.0372987,5.994092,6.2061315,14.499999
Sidrap,2025-06-02,2025-06-01,4.326449,3.9088373,4.6099052,6.0956883,5.9428835,5.8
Sidrap,2025-06-03,2025-06-02,2.8655434,3.9603662,3.209194,4.991111,4.763859,0.8000001
Sidrap,2025-06-04,2025-06-03,1.5061958,2.2981863,2.5927427,2.8349397,2.535624,0.0
Sidrap,2025-06-05,2025-06-04,0.77008367,2.4984403,1.6972252,1.8229643,2.0787597,0.3
Sidrap,2025-06-06,2025-06-05,1.2188807,1.3685048,0.7709726,1.1552002,1.5243878,0.2
Sidrap,2025-06-07,2025-06-06,1.3084096,1.1618006,0.9354362,1.7041162,1.3809452,5.899999
Sidrap,2025-06-08,2025-06-07,5.0596347,3.744689,4.1074724,4.9797406,4.3188186,1.8000002
Sidrap,2025-06-09,2025-06-08,2.3480363,2.8162622,1.3026335,2.2048655,1.9019084,0.6
Sidrap,2025-06-10,2025-06-09,1.4842997,1.8696184,0.78539896,1.6229551,1.4493209,1.8000001
Sidrap,2025-06-11,2025-06-10,2.0690398,2.3333774,1.7920952,2.342266,2.0084288,8.900002
Sidrap,2025-06-12,2025-06-11,4.9116817,3.609703,3.4310951,4.163043,3.4310145,14.3
Sidrap,2025-06-13,2025-06-12,5.624336,7.700108,5.074224,6.5914836,5.2162914,32.300003
Sidrap,2025-06-14,2025-06-13,6.5467052,11.063042,4.929468,9.761302,7.9739504,11.9
Sidrap,2025-06-15,2025-06-14,4.4178495,7.77229,7.283026,8.213416,7.456598,0.90000004
Sidrap,2025-06-16,2025-06-15,0.43575978,4.3968935,2.1396487,2.8437595,2.7823367,0.0
Sidrap,2025-06-17,2025-06-16,-1.4373294,4.8097863,1.243823,2.5274236,2.613194,2.4
Sidrap,2025-06-18,2025-06-17,-0.1835705,3.163507,2.1700432,2.5901394,2.5827036,2.3
Sidrap,2025-06-19,2025-06-18,1.6168255,2.952412,2.219658,2.5758927,2.638731,1.6000001
Sidrap,2025-06-20,2025-06-19,-0.12298429,1.8556919,2.003061,2.112589,2.4774833,48.300003
Sidrap,2025-06-21,2025-06-20,3.988624,10.087975,8.845803,18.010551,14.43785,1.3000001
Sidrap,2025-06-22,2025-06-21,0.0055463314,3.3440852,0.6163572,2.4175048,1.8033985,0.90000004
Sidrap,2025-06-23,2025-06-22,-0.21823919,3.7899728,1.9797351,3.0196548,2.6272461,3.5
Sidrap,2025-06-24,2025-06-23,-0.56902874,2.2400389,2.3808212,2.947262,2.9372616,1.5000001
Sidrap,2025-06-25,2025-06-24,2.0188575,2.0430987,2.1057618,2.9725661,2.5785809,3.8999999
Sidrap,2025-06-26,2025-06-25,3.1336603,3.2907476,2.3638225,3.2863665,3.0281768,0.90000004
Sidrap,2025-06-27,2025-06-26,0.30816567,1.0884688,0.74773026,0.8241763,0.37800992,0.70000005
Sidrap,2025-06-28,2025-06-27,0.9143674,1.8186144,0.6260606,0.70087385,0.74269557,9.900001
Sidrap,2025-06-29,2025-06-28,5.60513,2.0332718,4.447848,6.0805483,5.9939275,2.0
Sidrap,2025-06-30,2025-06-29,1.8903749,0.22505975,0.22763681,1.5986627,1.7277515,9.700001
Sidrap,2025-07-01,2025-06-30,3.109086,1.5804936,2.9941392,5.517328,4.498143,0.1
Sidrap,2025-07-02,2025-07-01,-1.6039697,-2.1151228,-0.063812375,0.92639554,0.5034199,2.2
Sidrap,2025-07-03,2025-07-02,0.16561258,2.0264962,1.7795625,3.2118719,3.0304217,1.5000001
Sidrap,2025-07-04,2025-07-03,0.97940594,3.4519994,2.214281,3.6781907,3.6322298,19.8
Sidrap,2025-07-05,2025-07-04,6.1812882,7.6267295,8.560005,11.296304,10.553023,3.5
Sidrap,2025-07-06,2025-07-05,2.14606,4.1710587,3.1646333,5.7935867,5.1528864,6.0
Sidrap,2025-07-07,2025-07-06,4.922639,5.3017583,7.163547,7.1753182,6.329961,0.0
Sidrap,2025-07-08,2025-07-07,0.008907318,1.7731942,3.1547003,3.8045998,3.2345405,0.8000001
Sidrap,2025-07-09,2025-07-08,0.35664737,1.2808203,1.6659153,2.3530712,2.0878713,12.200001
Sidrap,2025-07-10,2025-07-09,4.5941477,5.4081893,7.9317536,7.3190656,7.5357513,9.6
Sidrap,2025-07-11,2025-07-10,6.3630333,6.3255324,7.2258716,8.652742,8.221599,0.70000005
Sidrap,2025-07-12,2025-07-11,0.92782676,1.6732666,3.5548766,3.047809,2.5460026,4.3
Sidrap,2025-07-13,2025-07-12,4.3384004,3.1594417,4.603287,4.770135,4.8329782,1.9
Sidrap,2025-07-14,2025-07-13,2.5503283,2.6177115,3.5004559,3.7072554,3.777247,5.8
Sidrap,2025-07-15,2025-07-14,6.3693466,5.06494,3.4160144,4.113045,3.516592,0.5
Sidrap,2025-07-16,2025-07-15,1.0958804,1.7508489,0.80956674,1.2140646,0.87490153,0.2
Sidrap,2025-07-17,2025-07-16,0.8084296,1.3437117,0.601581,0.9265423,0.37681985,0.0
Sidrap,2025-07-18,2025-07-17,0.72763896,1.6108078,0.4156015,0.7188084,0.4042096,0.0
Sidrap,2025-07-19,2025-07-18,0.28402257,-0.13839614,-0.5475992,0.14213324,-0.14093363,0.0
Sidrap,2025-07-20,2025-07-19,0.078140855,0.037692785,-0.4015051,0.1366719,-0.038856387,0.0
Sidrap,2025-07-21,2025-07-20,0.07888913,-0.38604343,0.24310005,0.38160563,0.33703387,0.1
Sidrap,2025-07-22,2025-07-21,0.19211113,0.14832067,0.25857234,0.7811761,0.7521852,1.3000001
Sidrap,2025-07-23,2025-07-22,1.3415382,1.2890606,1.1727421,1.3601328,1.587549,1.2
Sidrap,2025-07-24,2025-07-23,1.243495,0.8599118,0.9962113,1.4821053,1.5544953,0.1
Sidrap,2025-07-25,2025-07-24,0.14093292,0.016513824,0.30031967,0.8617877,1.0020638,0.5
Sidrap,2025-07-26,2025-07-25,0.35680342,0.6099335,0.6952599,1.3443552,1.5207582,0.4
Sidrap,2025-07-27,2025-07-26,0.39608884,0.9239336,0.5655043,0.9960705,1.3524389,2.6000001
Sidrap,2025-07-28,2025-07-27,1.3860012,3.6779802,2.4895515,2.9827251,3.2911506,0.7
Sidrap,2025-07-29,2025-07-28,0.27268457,1.6323507,0.6432663,0.81066144,0.8502537,0.8000001
Sidrap,2025-07-30,2025-07-29,0.5457835,1.6603547,1.1444722,1.4312224,1.378529,0.8000001
Sidrap,2025-07-31,2025-07-30,0.8467374,0.7095684,1.2020293,1.267195,1.2546985,2.4
Sidrap,2025-08-01,2025-07-31,2.44826,1.7586273,2.931601,2.8860693,2.9636593,1.4000001
Sidrap,2025-08-02,2025-08-01,1.4459968,1.0637299,2.0542107,1.7665721,1.7449628,0.4
Sidrap,2025-08-03,2025-08-02,0.44366586,0.4827925,0.89285386,0.80855894,0.7637001,2.1000001
Sidrap,2025-08-04,2025-08-03,2.1464639,1.8910649,2.400811,2.350599,2.3137882,0.2
Sidrap,2025-08-05,2025-08-04,0.24648416,0.15574813,0.5978298,0.50842845,0.5008316,4.2
Sidrap,2025-08-06,2025-08-05,4.2462745,2.1342402,2.6380847,2.8123062,2.321497,1.4000001
Sidrap,2025-08-07,2025-08-06,1.4429073,0.97621316,1.6474795,1.5284657,1.33368,1.2
Sidrap,2025-08-08,2025-08-07,1.2475162,0.45299828,1.2881663,1.0274882,0.82654274,10.700001
Sidrap,2025-08-09,2025-08-08,5.9802227,2.0109913,4.0454054,4.460877,4.0624576,4.1000004
Sidrap,2025-08-10,2025-08-09,4.1465306,1.1147563,3.5449762,2.5253892,2.1590044,4.7
Sidrap,2025-08-11,2025-08-10,4.559367,1.6304094,3.464118,3.1198068,2.272207,0.4
Sidrap,2025-08-12,2025-08-11,0.44664,0.1209811,0.9043578,0.4422649,0.5867597,0.0
Sidrap,2025-08-13,2025-08-12,0.04735756,0.5136727,0.24195254,0.2585683,0.35562015,0.0
Sidrap,2025-08-14,2025-08-13,0.049678087,0.9453686,0.34647596,0.17591608,0.294245,0.70000005
Sidrap,2025-08-15,2025-08-14,0.7457423,1.3007865,0.7636509,0.7576562,0.81362,0.2
Sidrap,2025-08-16,2025-08-15,0.24328005,0.44006383,0.23505604,0.2827561,0.33568645,0.1
Sidrap,2025-08-17,2025-08-16,0.14624631,0.111866,0.24240184,0.17796695,0.18139291,2.6
Sidrap,2025-08-18,2025-08-17,1.2217457,2.5779934,2.3612878,2.3336074,2.270239,2.6
Sidrap,2025-08-19,2025-08-18,1.2513002,2.2266674,1.6871256,1.3012214,0.7045368,2.8
Sidrap,2025-08-20,2025-08-19,0.9485193,2.0681677,1.5252433,2.356551,1.8028427,0.1
Sidrap,2025-08-21,2025-08-20,0.14952779,-0.04532242,0.10081291,0.4005661,0.29412735,0.5
Sidrap,2025-08-22,2025-08-21,0.5511596,0.56060505,0.5183424,0.7323766,0.6548623,1.1
Sidrap,2025-08-23,2025-08-22,1.1491511,1.1046801,1.1539004,1.2853414,1.224023,10.3
Sidrap,2025-08-24,2025-08-23,5.6012187,3.6917171,3.4434786,4.6583905,4.2202005,0.90000004
Sidrap,2025-08-25,2025-08-24,0.95508045,0.60604644,1.9443777,1.6516752,1.8828217,9.700001
Sidrap,2025-08-26,2025-08-25,4.2921615,2.5225856,5.4954634,5.7429013,6.5427856,5.4999995
Sidrap,2025-08-27,2025-08-26,0.36668932,1.3336593,4.4399724,4.5118914,4.97246,0.5
Sidrap,2025-08-28,2025-08-27,-0.14390838,1.1477467,0.86336553,1.6966634,1.3920621,0.6
Sidrap,2025-08-29,2025-08-28,-0.38626993,1.3170607,0.5556345,1.0272841,1.2331413,1.7000002
Sidrap,2025-08-30,2025-08-29,1.487492,2.001883,1.9239538,2.1587632,2.1914926,0.3
Sidrap,2025-08-31,2025-08-30,0.35243642,0.51495016,0.48204136,0.5475106,0.5165715,0.0
Sidrap,2025-09-01,2025-08-31,0.053350925,0.19275641,0.03357935,0.16863108,0.20781958,0.0
Sidrap,2025-09-02,2025-09-01,-0.21859014,0.2457155,0.062829494,0.093084335,0.14072251,0.70000005
Sidrap,2025-09-03,2025-09-02,0.75489986,0.74454045,0.7341285,0.7697743,0.77239156,0.4
Sidrap,2025-09-04,2025-09-03,-0.86726916,0.5493034,0.50119495,0.43255854,0.42824304,0.0
Sidrap,2025-09-05,2025-09-04,-0.9588462,0.10508525,0.07281864,-0.008898616,0.036194563,0.0
Sidrap,2025-09-06,2025-09-05,0.050930142,0.12527847,0.15219545,0.123244524,0.1301552,5.499999
Sidrap,2025-09-07,2025-09-06,-1.7249554,2.4804087,4.6112924,3.957841,4.189252,8.700002
Sidrap,2025-09-08,2025-09-07,0.3428794,2.8473313,2.9623456,3.1779675,2.8826895,6.4999995
Sidrap,2025-09-09,2025-09-08,1.306652,2.7372286,1.4882039,3.1947489,2.6749084,26.800001
Sidrap,2025-09-10,2025-09-09,4.071493,6.458447,4.549867,8.972129,7.719434,8.700001
Sidrap,2025-09-11,2025-09-10,1.9234138,4.7795477,2.461617,4.5551815,4.104938,0.0
Sidrap,2025-09-12,2025-09-11,0.060369372,2.0926957,1.5169773,1.4689865,2.6450253,0.1
Sidrap,2025-09-13,2025-09-12,0.1609354,1.1791425,0.9218764,0.9990259,2.1537197,0.1
Sidrap,2025-09-14,2025-09-13,0.15864384,0.8259742,0.65907645,1.0252855,1.0590842,15.099998
Sidrap,2025-09-15,2025-09-14,8.279028,5.5719876,7.117088,7.916283,8.758701,0.0
Sidrap,2025-09-16,2025-09-15,0.058479548,1.2287176,1.3582385,1.3584975,1.0996726,1.1
Sidrap,2025-09-17,2025-09-16,1.1615205,1.501218,1.7924149,1.8013937,2.1003468,0.0
Sidrap,2025-09-18,2025-09-17,0.06300616,1.4594373,0.48592103,1.034805,0.85479724,0.0
Sidrap,2025-09-19,2025-09-18,0.061300635,0.7482158,0.03239298,0.17804146,0.21040297,0.0
Sidrap,2025-09-20,2025-09-19,0.0609107,0.7515657,0.062350154,0.2018286,0.2651508,3.1000001
Sidrap,2025-09-21,2025-09-20,3.1632953,3.776525,3.0068183,2.821515,2.8838854,0.0
Sidrap,2025-09-22,2025-09-21,0.06447983,0.94266385,0.19952428,0.6329843,0.50684524,1.1
Sidrap,2025-09-23,2025-09-22,1.1642616,1.9014046,1.2569288,1.4823201,1.0639894,0.6
Sidrap,2025-09-24,2025-09-23,0.66251564,1.303688,0.7316804,1.1632202,0.76070297,0.0
Sidrap,2025-09-25,2025-09-24,0.0645628,0.91167533,0.2964642,0.55761456,0.30343175,0.0
Sidrap,2025-09-26,2025-09-25,0.0650779,0.62514114,0.4807768,0.5919409,0.3263359,0.3
Sidrap,2025-09-27,2025-09-26,0.36501002,0.7847719,0.78956366,1.0132464,0.7966367,0.1
Sidrap,2025-09-28,2025-09-27,0.16384447,0.6143495,0.88456154,1.0791218,0.7808094,8.500002
Sidrap,2025-09-29,2025-09-28,4.452837,4.3785005,3.3658419,5.8956475,4.9619274,1.9000001
Sidrap,2025-09-30,2025-09-29,1.9650159,2.8458729,2.4436545,3.311336,3.1369598,0.8
Sidrap,2025-10-01,2025-09-30,0.86367965,1.8183906,2.5811856,2.5200377,3.0500498,0.5
Sidrap,2025-10-02,2025-10-01,0.5630276,1.3476961,1.6616223,2.3436644,2.6776278,0.2
Sidrap,2025-10-03,2025-10-02,0.26371658,0.8443259,0.77202845,1.4234066,1.5838829,5.2
Sidrap,2025-10-04,2025-10-03,5.2577434,3.850065,5.702493,5.442165,5.595017,12.000001
Sidrap,2025-10-05,2025-10-04,6.1709275,4.8494596,4.6283402,4.9878387,5.0946136,2.6
Sidrap,2025-10-06,2025-10-05,2.6666818,2.625817,3.8566494,3.659,3.2481554,1.6000001
Sidrap,2025-10-07,2025-10-06,1.6680446,2.7628868,2.9655242,2.841398,2.6337857,0.1
Sidrap,2025-10-08,2025-10-07,0.16764283,1.9114976,1.2179399,1.1007347,1.0700697,0.70000005
Sidrap,2025-10-09,2025-10-08,0.7687799,1.7113229,1.139901,1.116385,0.3713938,0.0
Sidrap,2025-10-10,2025-10-09,0.06837356,0.9120123,0.4777634,0.46847808,0.42203248,4.3999996
Sidrap,2025-10-11,2025-10-10,4.4693546,3.4935045,3.5419164,3.1309016,2.8254304,3.8999999
Sidrap,2025-10-12,2025-10-11,3.967802,3.771181,3.383245,3.148417,2.5057113,0.6
Sidrap,2025-10-13,2025-10-12,0.66759455,1.251632,1.4090905,1.2048565,0.46031988,6.2000003
Sidrap,2025-10-14,2025-10-13,4.3135076,3.5258074,4.767271,4.359444,3.6873732,1.0000001
Sidrap,2025-10-15,2025-10-14,1.0667444,1.7828904,1.8273115,2.0800402,2.0390134,0.0
Sidrap,2025-10-16,2025-10-15,0.061761737,0.9715112,0.76309586,0.8886529,1.0883706,1.1
Sidrap,2025-10-17,2025-10-16,1.1618012,1.9148215,1.8368891,1.921486,1.9009435,2.1999998
Sidrap,2025-10-18,2025-10-17,2.2610617,2.5212772,2.863308,2.906345,2.758094,4.9
Sidrap,2025-10-19,2025-10-18,4.9582434,4.7080913,4.8268595,5.055199,4.769647,12.0
Sidrap,2025-10-20,2025-10-19,9.261562,4.891299,4.872646,6.9743905,6.8498683,6.9999995
Sidrap,2025-10-21,2025-10-20,5.9828672,3.5246634,4.7908154,5.2165656,5.5135164,17.2
Sidrap,2025-10-22,2025-10-21,8.968023,5.151975,4.77956,7.060812,7.070768,24.9
Sidrap,2025-10-23,2025-10-22,10.119507,5.743273,3.490273,6.540006,6.32178,8.800001
Sidrap,2025-10-24,2025-10-23,5.3475103,3.3045611,4.27564,4.9776244,4.3957644,0.5
Sidrap,2025-10-25,2025-10-24,0.5605203,1.9855069,3.483881,1.7708553,3.2409816,9.4
Sidrap,2025-10-26,2025-10-25,5.258269,6.1208167,5.5537,6.584337,6.9385724,10.900001
Sidrap,2025-10-27,2025-10-26,5.5254903,7.358875,7.3638134,7.194961,6.999712,1.1
Sidrap,2025-10-28,2025-10-27,2.8696237,3.2409754,4.323754,3.6878474,3.5599089,7.0
Sidrap,2025-10-29,2025-10-28,4.6346316,6.789621,4.9816318,6.1456523,5.1109605,3.8999999
Sidrap,2025-10-30,2025-10-29,5.228704,5.6459556,3.779287,5.6411595,4.1568103,1.2
Sidrap,2025-10-31,2025-10-30,2.964695,3.050219,2.3865535,3.213242,3.308847,11.500001
Sidrap,2025-11-01,2025-10-31,3.6324973,6.8530874,3.149452,6.877174,6.4157705,3.0
Sidrap,2025-11-02,2025-11-01,0.4865979,4.521862,3.0595818,5.0034275,4.2793994,5.3999996
Sidrap,2025-11-03,2025-11-02,2.268104,5.1612673,5.1287436,6.4573503,6.3798394,0.3
Sidrap,2025-11-04,2025-11-03,2.0925908,2.7197824,2.4842887,2.8742778,3.1512256,4.5999994
Sidrap,2025-11-05,2025-11-04,3.8070455,3.9438267,3.5337276,5.1522436,4.5599127,0.3
Sidrap,2025-11-06,2025-11-05,1.8919214,2.804264,2.2059507,2.508284,2.4371572,1.4000001
Sidrap,2025-11-07,2025-11-06,3.1878676,3.0451517,3.2486882,3.59844,3.0339677,1.5
Sidrap,2025-11-08,2025-11-07,3.5105217,3.2905235,3.0290513,3.6464448,2.9371605,0.1
Sidrap,2025-11-09,2025-11-08,2.2872868,2.1094766,2.8409863,2.5803483,2.7295887,10.900002
Sidrap,2025-11-10,2025-11-09,6.0062795,5.733183,5.29049,7.7226167,6.3069806,0.70000005
Sidrap,2025-11-11,2025-11-10,2.8310618,2.7909956,2.460205,3.332715,2.145095,2.9
Sidrap,2025-11-12,2025-11-11,2.2575302,4.3369265,2.7021713,4.2950125,3.888826,8.400001
Sidrap,2025-11-13,2025-11-12,4.2792096,6.3533163,5.3564787,7.033207,6.075996,3.2
Sidrap,2025-11-14,2025-11-13,2.252842,4.5546765,3.3899016,4.320291,3.9433784,1.3000001
Sidrap,2025-11-15,2025-11-14,3.1654954,2.9161925,2.2611077,2.6096995,2.4978242,1.1
Sidrap,2025-11-16,2025-11-15,2.8819602,2.58119,2.297433,2.3825183,2.0000062,0.4
Sidrap,2025-11-17,2025-11-16,1.9569461,1.7044569,1.9911739,1.9157125,1.4693341,0.2
Sidrap,2025-11-18,2025-11-17,1.9018197,1.6804233,2.1051157,1.6807011,1.3331778,3.8
Sidrap,2025-11-19,2025-11-18,5.054859,5.0052853,4.5169764,4.115377,3.514452,2.6
Sidrap,2025-11-20,2025-11-19,4.2048116,3.5712743,3.8965197,2.97844,2.1775656,0.6
Sidrap,2025-11-21,2025-11-20,2.272583,1.5578524,1.4545434,1.1897315,0.86538744,2.5
Sidrap,2025-11-22,2025-11-21,4.1326547,3.0736732,3.087545,3.4128804,2.9949644,1.7000002
Sidrap,2025-11-23,2025-11-22,3.476531,2.638669,3.3061433,2.929072,2.7279003,3.2
Sidrap,2025-11-24,2025-11-23,4.9978733,3.9925056,4.506638,4.197851,4.048347,8.2
Sidrap,2025-11-25,2025-11-24,8.728681,5.3124785,3.871924,4.8503733,3.7595751,1.7000002
Sidrap,2025-11-26,2025-11-25,3.5061448,2.880249,4.034618,3.519916,3.0595863,0.3
Sidrap,2025-11-27,2025-11-26,2.2100768,1.5189384,2.768467,2.164883,1.7621613,0.1
Sidrap,2025-11-28,2025-11-27,1.873496,1.7197564,2.208515,1.854067,1.664288,1.9000001
Sidrap,2025-11-29,2025-11-28,3.5286887,2.0364115,2.8260527,2.506872,2.3363814,8.200001
Sidrap,2025-11-30,2025-11-29,5.1618133,4.6230764,4.7005186,5.575972,4.935283,3.4999995
Sidrap,2025-12-01,2025-11-30,3.1947808,3.9422064,4.1492853,4.570132,4.1517725,0.4
Sidrap,2025-12-02,2025-12-01,2.050795,1.8326161,2.9376578,2.341706,2.3174264,2.7
Sidrap,2025-12-03,2025-12-02,2.9708252,3.5429811,3.3309205,3.7610478,3.569666,6.6000004
Sidrap,2025-12-04,2025-12-03,5.3549647,5.2040024,5.1132092,5.5279064,5.1202354,2.6999998
Sidrap,2025-12-05,2025-12-04,3.8716908,2.1256106,3.2767377,3.5010276,3.31753,12.200001
Sidrap,2025-12-06,2025-12-05,7.5256295,5.50832,6.81513,7.569437,6.5971055,0.9000001
Sidrap,2025-12-07,2025-12-06,2.5535774,2.354655,2.7611873,2.7867148,2.5498683,0.5
Sidrap,2025-12-08,2025-12-07,2.4922805,2.3368464,2.1072502,1.939478,2.0535948,4.6999993
Sidrap,2025-12-09,2025-12-08,5.754822,5.4643064,4.858174,5.152719,4.453352,2.1000001
Sidrap,2025-12-10,2025-12-09,3.84904,3.1885748,3.0393372,3.3509874,2.9094992,0.70000005
Sidrap,2025-12-11,2025-12-10,2.5289283,1.7666993,2.8043125,2.4378808,2.1518424,2.1000001
Sidrap,2025-12-12,2025-12-11,4.0980744,3.1797001,3.8502111,3.5607514,3.1824942,1.5000001
Sidrap,2025-12-13,2025-12-12,3.4896693,2.673083,2.9878669,2.739687,2.481062,0.70000005
Sidrap,2025-12-14,2025-12-13,2.9201524,1.7672651,2.328,1.7641287,1.9827814,1.7
Sidrap,2025-12-15,2025-12-14,3.451988,2.5706255,2.0552373,2.4743142,2.6862137,1.4000001
Sidrap,2025-12-16,2025-12-15,3.2008405,2.648837,2.1792514,2.6680138,2.9556541,0.2
Sidrap,2025-12-17,2025-12-16,2.457952,1.390609,0.5444453,1.2159736,1.0905468,0.90000004
Sidrap,2025-12-18,2025-12-17,2.788742,1.8821206,1.3682944,1.6720588,1.7452474,0.2
Sidrap,2025-12-19,2025-12-18,1.7660618,1.0118299,1.2221634,0.975249,1.2546531,3.3
Sidrap,2025-12-20,2025-12-19,3.9598408,3.2339878,3.7356377,3.7462676,3.9581137,0.6
Sidrap,2025-12-21,2025-12-20,2.5118864,1.230202,2.453848,1.9963632,2.1904068,3.2999997
Sidrap,2025-12-22,2025-12-21,4.378532,2.8456464,3.9331183,3.1323185,3.2833552,5.0999994
Sidrap,2025-12-23,2025-12-22,4.101076,3.183415,4.0135694,3.693859,3.209415,3.0
Sidrap,2025-12-24,2025-12-23,0.6643342,2.6885834,4.217248,3.6085181,3.2741451,0.90000004
Sidrap,2025-12-25,2025-12-24,0.63492167,1.2713897,2.3415256,2.142872,2.1934445,0.4
Sidrap,2025-12-26,2025-12-25,1.9809061,0.9935105,1.8335578,1.5975598,1.4255576,0.7
Sidrap,2025-12-27,2025-12-26,2.4107943,1.4565225,1.9438686,1.6729178,1.6145886,7.1
Sidrap,2025-12-28,2025-12-27,4.445322,4.9924464,4.2259936,4.7600126,4.111179,2.5
Sidrap,2025-12-29,2025-12-28,3.7683597,3.4565032,3.4279718,3.3106732,3.3414085,3.2999995
Sidrap,2025-12-30,2025-12-29,3.6970448,3.7655706,3.7217855,3.6224632,3.705018,1.9000001
Sidrap,2025-12-31,2025-12-30,2.1153724,2.1331487,3.3299289,3.1000385,3.111734,1.0
Sidrap,2026-01-01,2025-12-31,2.8963106,1.4509888,2.2580552,1.7773422,1.8580642,4.6999993
Sidrap,2026-01-02,2026-01-01,3.091249,3.7130895,4.3843226,4.2671375,3.7831318,0.90000004
Sidrap,2026-01-03,2026-01-02,1.3661339,1.3974574,2.1780982,1.9375939,1.7666076,1.0
Sidrap,2026-01-04,2026-01-03,1.2893989,1.3602304,2.3571246,2.0646071,1.7280629,6.3
Sidrap,2026-01-05,2026-01-04,1.9897912,2.9615479,2.849763,4.5714774,3.6619503,9.200003
Sidrap,2026-01-06,2026-01-05,2.6914623,3.9347768,3.9681468,5.2630396,4.6760864,5.499999
Sidrap,2026-01-07,2026-01-06,1.8879077,3.6194777,1.8444301,3.830802,2.755855,0.0
Sidrap,2026-01-08,2026-01-07,-0.2848798,1.6049781,0.1244086,0.8023932,0.33559382,0.2
Sidrap,2026-01-09,2026-01-08,-0.10882461,1.6296675,0.43838334,0.8557906,0.80429006,4.2999997
Sidrap,2026-01-10,2026-01-09,2.858203,3.8351893,2.3177342,3.675427,2.8953867,3.1999998
Sidrap,2026-01-11,2026-01-10,2.2315989,2.7871578,1.9666934,2.9050403,2.4088387,1.1
Sidrap,2026-01-12,2026-01-11,0.76447284,1.3327589,1.0337698,1.4951112,1.0791862,0.1
Sidrap,2026-01-13,2026-01-12,-0.34529316,0.61940587,0.9914449,0.89750755,0.548851,0.0
Sidrap,2026-01-14,2026-01-13,-0.22595513,0.5086081,0.4677385,0.4767064,0.243945,0.0
Sidrap,2026-01-15,2026-01-14,0.49061084,0.40931606,0.34782636,0.2631116,0.20864534,0.4
Sidrap,2026-01-16,2026-01-15,1.6743798,0.6512196,0.7737322,0.5602579,0.4908929,3.0
Sidrap,2026-01-17,2026-01-16,4.0637197,3.136773,2.747521,2.4527094,2.5718606,1.4000001
Sidrap,2026-01-18,2026-01-17,2.6451957,1.6996114,2.0578253,1.7463322,1.6897957,7.8999996
Sidrap,2026-01-19,2026-01-18,7.0525866,5.2978177,3.7470617,3.9388847,2.8923883,12.599999
Sidrap,2026-01-20,2026-01-19,9.106131,5.7881327,4.0901947,5.3667274,4.552866,5.1999993
Sidrap,2026-01-21,2026-01-20,4.8313594,3.8072548,4.3978343,4.600421,3.3829885,0.1
Sidrap,2026-01-22,2026-01-21,1.7333355,0.8382487,1.2656207,1.0038471,0.76471543,0.0
Sidrap,2026-01-23,2026-01-22,1.7166697,0.9616036,1.7694243,1.1538577,1.1298685,0.0
Sidrap,2026-01-24,2026-01-23,1.7583246,0.50026333,1.0991436,0.6682744,0.76977754,0.0
Sidrap,2026-01-25,2026-01-24,1.6065215,0.5437677,1.2429295,0.69291866,0.7356634,0.0
Sidrap,2026-01-26,2026-01-25,1.7622178,0.5453054,0.6632489,0.5526233,0.53072965,0.5
Sidrap,2026-01-27,2026-01-26,2.4134064,0.97764766,1.1276491,0.9164122,0.9495752,1.6
Sidrap,2026-01-28,2026-01-27,3.574504,1.8565347,2.0092835,2.068078,2.0682013,2.6000001
Sidrap,2026-01-29,2026-01-28,2.8897703,2.6139045,2.4322038,2.9741416,2.527913,1.8000002
Sidrap,2026-01-30,2026-01-29,3.477682,1.9317166,1.614804,1.9453592,1.228718,0.0
Sidrap,2026-01-31,2026-01-30,1.8860966,0.37006414,0.35253942,0.36170495,0.23917925,0.7
Sidrap,2026-02-01,2026-01-31,2.3332314,0.7764046,0.9861764,1.0016606,0.7481184,0.70000005
Sidrap,2026-02-02,2026-02-01,2.0523515,0.7904327,1.0842149,0.91099066,0.44262874,2.3000002
Sidrap,2026-02-03,2026-02-02,3.94144,2.0691376,2.2240455,2.2152622,1.5096304,1.2
Sidrap,2026-02-04,2026-02-03,2.818049,1.1470071,1.282395,1.1320138,1.049309,4.2000003
Sidrap,2026-02-05,2026-02-04,5.342033,2.624113,3.7725353,3.6120512,3.0625372,2.1
Sidrap,2026-02-06,2026-02-05,3.496385,0.74658895,2.6904876,2.461782,2.5338154,4.5999994
Sidrap,2026-02-07,2026-02-06,3.6978846,2.1781898,4.210446,4.1110168,4.168459,1.0
Sidrap,2026-02-08,2026-02-07,2.2301989,1.3133909,2.0601437,1.5564059,1.7972704,1.4000001
Sidrap,2026-02-09,2026-02-08,2.8701072,1.5451081,2.1072967,2.012016,1.9192213,2.0
Sidrap,2026-02-10,2026-02-09,2.4159105,2.3277822,0.7401233,1.6492169,1.4808226,4.1
Sidrap,2026-02-11,2026-02-10,3.1813877,3.4736464,0.4119171,2.5768251,0.7684331,4.1
Sidrap,2026-02-12,2026-02-11,4.2233415,3.2040696,2.1210606,3.275717,2.3800342,7.1000004
Sidrap,2026-02-13,2026-02-12,4.451333,2.8197508,2.067748,3.8336782,2.193202,6.0
Sidrap,2026-02-14,2026-02-13,4.810466,2.1709447,1.7125598,3.3285353,1.3746932,0.3
Sidrap,2026-02-15,2026-02-14,2.0094805,0.6870569,1.3467557,1.3613744,0.6047368,0.0
Sidrap,2026-02-16,2026-02-15,1.5715375,0.37100863,0.76130223,0.3363912,0.3996737,0.3
Sidrap,2026-02-17,2026-02-16,1.8998858,0.57846797,1.0293207,0.6690633,0.8014139,1.5000001
Sidrap,2026-02-18,2026-02-17,3.205676,1.8129556,2.6111376,2.0330656,1.7856437,5.999999
Sidrap,2026-02-19,2026-02-18,6.4438453,3.961319,3.6506832,4.414858,3.2499328,1.8000001
Sidrap,2026-02-20,2026-02-19,3.8562727,1.559358,2.4917862,2.0766747,1.6928663,2.8
Sidrap,2026-02-21,2026-02-20,4.974799,2.5556316,3.512101,2.6343896,2.5250695,8.9000025
Sidrap,2026-02-22,2026-02-21,7.8019714,4.412978,2.4586086,3.21421,2.9057183,0.0
Sidrap,2026-02-23,2026-02-22,1.9174293,0.9358303,0.8690325,0.46808958,0.5406885,8.9
Sidrap,2026-02-24,2026-02-23,9.831618,5.3940043,4.8542585,5.450864,5.797214,40.800003
Sidrap,2026-02-25,2026-02-24,19.783806,6.554194,5.7204328,10.080183,8.223746,8.9
Sidrap,2026-02-26,2026-02-25,6.1375813,4.6291866,4.0013323,4.9906325,3.6536865,0.6
Sidrap,2026-02-27,2026-02-26,2.8848207,1.5634876,0.837438,1.7470622,1.3627486,0.3
Sidrap,2026-02-28,2026-02-27,2.4481454,1.8748327,1.4097705,2.033521,1.9907057,0.0
Sidrap,2026-03-01,2026-02-28,2.0602064,0.71192336,0.65383065,0.67058206,0.6289617,0.8
Sidrap,2026-03-02,2026-03-01,3.0924263,1.2570717,1.8941699,1.3805895,1.2040414,0.0
Sidrap,2026-03-03,2026-03-02,2.31429,0.45332456,1.0995572,0.4990152,0.44719565,0.8
Sidrap,2026-03-04,2026-03-03,2.9161625,1.4176145,1.6326952,1.1780272,1.0763195,1.4000001
Sidrap,2026-03-05,2026-03-04,3.6197855,2.0727055,2.5875626,2.4483094,1.9540069,0.2
Sidrap,2026-03-06,2026-03-05,2.372016,0.8823556,1.3915645,1.4767382,1.0463865,0.1
Sidrap,2026-03-07,2026-03-06,2.1718547,0.79437566,1.5646856,1.1874081,0.86024106,0.6
Sidrap,2026-03-08,2026-03-07,2.7191186,1.5102153,2.292407,1.7732093,1.631247,1.8000002
Sidrap,2026-03-09,2026-03-08,2.8345246,2.1545095,3.349002,3.494898,2.9177933,0.70000005
Sidrap,2026-03-10,2026-03-09,2.4220183,1.4090301,2.705298,2.2582972,1.6388655,2.5999997
Sidrap,2026-03-11,2026-03-10,4.4174385,2.5901062,4.1606035,3.7395353,3.3658211,6.8
Sidrap,2026-03-12,2026-03-11,6.7258663,5.5290313,6.229953,6.5750804,5.6232743,8.099999
Sidrap,2026-03-13,2026-03-12,8.272251,6.031168,5.5798936,5.0844774,5.292968,1.9000001
Sidrap,2026-03-14,2026-03-13,3.42319,1.6389253,3.5021334,2.8570344,2.9122624,1.6000001
Sidrap,2026-03-15,2026-03-14,3.3042963,2.4689178,3.002252,2.8897257,2.7875247,7.1
Sidrap,2026-03-16,2026-03-15,6.3011885,3.729035,5.114656,4.0324364,3.373682,0.2
Sidrap,2026-03-17,2026-03-16,1.9105517,1.4090588,2.2962039,2.015099,2.1707556,0.8
Sidrap,2026-03-18,2026-03-17,2.5774827,1.4789864,1.7107399,1.9696634,1.9932091,1.4
Sidrap,2026-03-19,2026-03-18,3.091488,1.9505407,2.1858444,2.504847,2.3864324,13.0
Sidrap,2026-03-20,2026-03-19,9.249295,7.7484255,8.387402,10.623862,9.128688,5.2000003
Sidrap,2026-03-21,2026-03-20,4.536085,3.9421687,3.742614,4.9904957,3.0497856,40.3
Sidrap,2026-03-22,2026-03-21,16.219746,9.479586,7.8601017,10.911792,8.235083,4.7
Sidrap,2026-03-23,2026-03-22,2.9926808,5.586942,6.188852,5.3892612,3.1716166,0.0
Sidrap,2026-03-24,2026-03-23,2.0972805,4.546009,3.6801615,3.588912,2.8116567,0.2
Sidrap,2026-03-25,2026-03-24,2.186266,4.099502,3.4595933,1.9405091,3.0765533,0.4
Sidrap,2026-03-26,2026-03-25,2.325058,1.5423288,2.3022366,2.1258006,2.0310159,0.0
Sidrap,2026-03-27,2026-03-26,1.5651816,1.1006408,1.5018065,0.9319598,1.0657519,3.9
Sidrap,2026-03-28,2026-03-27,5.7349925,4.6160707,4.2116237,4.3138523,4.0774956,1.4000001
Sidrap,2026-03-29,2026-03-28,3.486573,2.7354982,2.1661654,2.1590443,2.0543935,2.0
Sidrap,2026-03-30,2026-03-29,4.3645244,2.8536808,3.6518328,3.3078384,3.1006975,5.999999
Sidrap,2026-03-31,2026-03-30,3.4770179,3.7595701,5.909013,5.66372,5.1610403,29.599998
Sidrap,2026-04-01,2026-03-31,12.044478,6.4285855,5.3248334,10.225385,8.852304,3.7000003
Sidrap,2026-04-02,2026-04-01,2.5908086,4.356961,5.284823,5.9827304,6.588405,14.3
Sidrap,2026-04-03,2026-04-02,7.4114714,6.826113,7.0860357,8.840339,9.049635,2.4
Sidrap,2026-04-04,2026-04-03,4.1629233,5.7197175,5.1442776,5.9477077,5.9827685,2.8
Sidrap,2026-04-05,2026-04-04,4.6545825,4.6924467,5.6884875,6.1310964,5.6370907,1.3000001
Sidrap,2026-04-06,2026-04-05,3.7840023,3.379934,4.6573815,4.6254478,4.317127,0.3
Sidrap,2026-04-07,2026-04-06,3.131199,1.9625561,3.246896,2.5743449,2.5806549,0.6
Sidrap,2026-04-08,2026-04-07,3.3114743,2.1831522,3.508253,2.9720073,3.0588799,5.5999994
Sidrap,2026-04-09,2026-04-08,7.109513,5.593219,7.4312,6.624834,6.449277,7.0999994
Sidrap,2026-04-10,2026-04-09,4.0394554,4.099055,7.3627176,7.267386,6.225236,0.5
Sidrap,2026-04-11,2026-04-10,2.8781035,1.228968,1.8872751,2.2017183,2.6327233,0.1
Sidrap,2026-04-12,2026-04-11,2.2881248,1.0038128,1.2529022,1.545352,2.111615,7.7999997
Sidrap,2026-04-13,2026-04-12,4.11743,5.9064584,6.168667,8.163649,7.9952426,1.3000001
Sidrap,2026-04-14,2026-04-13,4.329552,2.9893742,2.9586694,3.489447,3.8434267,0.8
Sidrap,2026-04-15,2026-04-14,2.4899952,2.1925175,1.4519941,1.6293298,0.446128,2.0
Sidrap,2026-04-16,2026-04-15,1.4776894,2.5604832,2.6410599,2.708046,1.1729727,0.0
Sidrap,2026-04-17,2026-04-16,2.1488473,1.8636186,1.5871934,1.8689619,1.4037632,1.1
Sidrap,2026-04-18,2026-04-17,3.4751,3.174386,2.6180377,2.857562,2.7195559,3.3
Sidrap,2026-04-19,2026-04-18,3.5275326,2.1116164,3.039051,3.12857,1.8406866,1.6
Sidrap,2026-04-20,2026-04-19,2.1399436,1.1346923,2.9837506,2.4469264,1.6130038,1.2
Sidrap,2026-04-21,2026-04-20,3.6655169,1.6446165,3.4196842,2.9871566,3.3163443,8.900001
Sidrap,2026-04-22,2026-04-21,5.1652126,3.868693,6.465212,7.616368,5.032569,4.2
Sidrap,2026-04-23,2026-04-22,3.7648063,5.3473587,4.578771,4.5665584,4.03754,0.3
Sidrap,2026-04-24,2026-04-23,3.2252645,2.692339,2.489483,1.974612,2.250432,0.8
Sidrap,2026-04-25,2026-04-24,3.3019488,2.8739507,2.143959,2.671344,2.4884665,2.1
Sidrap,2026-04-26,2026-04-25,5.064465,3.785728,3.506484,3.7028413,3.5303535,6.7
Sidrap,2026-04-27,2026-04-26,4.5235696,4.5880747,6.2484837,5.4798512,4.7193923,6.999999
Sidrap,2026-04-28,2026-04-27,5.6512747,5.0897226,7.2736006,5.109925,4.1340227,8.5
Sidrap,2026-04-29,2026-04-28,6.9899497,5.461976,8.6743555,6.7178826,6.111008,4.9999995
Sidrap,2026-04-30,2026-04-29,4.633909,4.600453,5.650493,5.589112,5.02913,8.900002
Sidrap,2026-05-01,2026-04-30,4.813363,5.8019195,5.693671,6.5058837,5.7738595,29.600004
Sidrap,2026-05-02,2026-05-01,9.095319,9.891092,4.9368954,8.898405,6.2885866,4.4999995
Sidrap,2026-05-03,2026-05-02,2.3747995,5.1534977,2.223997,3.586465,2.562871,27.600002
Sidrap,2026-05-04,2026-05-03,7.9369984,9.205532,3.0824738,7.324634,4.752095,8.0
Sidrap,2026-05-05,2026-05-04,0.18170547,4.5870676,3.346591,4.246784,2.4007807,2.0
Sidrap,2026-05-06,2026-05-05,1.526283,4.2718253,3.7491226,3.7894154,3.4451976,1.3000001
Sidrap,2026-05-07,2026-05-06,-0.34423792,3.4711127,2.7853758,2.8032758,3.0101428,1.2000002
Sidrap,2026-05-08,2026-05-07,1.2561986,1.7859126,2.4959035,2.7222643,1.8192543,5.399999
Sidrap,2026-05-09,2026-05-08,1.3462944,4.303458,5.459977,5.869379,4.981017,9.300001
Sidrap,2026-05-10,2026-05-09,4.12083,5.8563943,4.397427,6.354546,5.8953466,2.6
Sidrap,2026-05-11,2026-05-10,0.7899326,4.0568433,2.7670352,3.954258,3.93089,0.7
Sidrap,2026-05-12,2026-05-11,-0.050225854,1.9111811,2.0101464,2.3963428,2.3898704,8.799999
Sidrap,2026-05-13,2026-05-12,0.6062088,7.038955,4.7573843,6.623272,6.051678,10.3
Sidrap,2026-05-14,2026-05-13,0.94675034,6.4779267,3.8136654,7.2836995,6.7862678,26.199999
Sidrap,2026-05-15,2026-05-14,4.109429,5.792868,6.4075975,11.721922,9.821791,20.000002
Sidrap,2026-05-16,2026-05-15,3.791265,4.3977833,6.808703,8.885643,7.71057,7.3999996
Sidrap,2026-05-17,2026-05-16,3.1040215,4.804444,6.3127956,7.374584,6.8084345,12.900001
Sidrap,2026-05-18,2026-05-17,4.481153,4.1199837,7.5709386,8.813445,7.7321873,8.9
Sidrap,2026-05-19,2026-05-18,2.1556036,5.6678653,4.7813153,7.7929626,6.756152,1.4000001
Sidrap,2026-05-20,2026-05-19,2.0439095,2.5678687,3.4410193,4.034867,3.6657314,2.6000001
Sidrap,2026-05-21,2026-05-20,3.4555109,3.4341588,3.792649,4.7014093,3.4729028,0.0
Sidrap,2026-05-22,2026-05-21,1.3729006,1.6190164,2.014544,2.8680992,3.0861378,9.999999
Sidrap,2026-05-23,2026-05-22,6.03814,8.819712,6.9070845,9.052157,7.725674,1.5999999
Sidrap,2026-05-24,2026-05-23,1.961162,2.8686247,2.497549,3.3828282,3.2213676,6.7000003
Sidrap,2026-05-25,2026-05-24,6.0212708,5.892717,5.904688,7.234526,6.598025,2.2
Sidrap,2026-05-26,2026-05-25,3.1269126,2.6924372,3.2821414,4.167163,3.7424037,0.6
Sidrap,2026-05-27,2026-05-26,2.9505982,1.7798768,1.7215738,2.9217482,3.04141,1.5000001
Sidrap,2026-05-28,2026-05-27,2.156817,2.2460327,2.3377383,2.7043002,2.3971362,2.0
Sidrap,2026-05-29,2026-05-28,2.38232,2.1814265,2.3706286,2.2660222,1.7543123,1.2000002
Sidrap,2026-05-30,2026-05-29,2.0390513,1.6793591,2.410531,2.2529395,1.9590298,3.6
Sidrap,2026-05-31,2026-05-30,4.1591864,3.6614969,3.2641044,3.832418,3.0997634,1.1
Sidrap,2026-06-01,2026-05-31,1.9211897,1.0128579,1.1273084,1.7274659,1.2226323,1.9000001
Sidrap,2026-06-02,2026-06-01,2.4850044,1.5410202,1.2361047,2.081593,1.3337592,10.3
Sidrap,2026-06-03,2026-06-02,4.8428793,3.3216014,3.4132774,5.0370455,3.2908604,0.4
Sidrap,2026-06-04,2026-06-03,1.4580607,1.9640385,1.4419215,2.5131571,2.3366356,0.90000004
Sidrap,2026-06-05,2026-06-04,1.2569971,2.6974895,1.5052832,2.429811,2.4234035,0.0
Sidrap,2026-06-06,2026-06-05,0.2276181,2.1682515,0.7169148,1.4149702,1.2349076,0.0
Sidrap,2026-06-07,2026-06-06,0.66478133,1.4779748,0.61456,0.85931003,0.6458225,0.2
Sidrap,2026-06-08,2026-06-07,1.0848689,1.2451711,0.67371523,1.1075763,0.86473143,0.8
Sidrap,2026-06-09,2026-06-08,0.97558427,1.2819998,1.1823857,1.0890374,0.96693724,0.3
Sidrap,2026-06-10,2026-06-09,0.87209177,1.0014865,0.73202837,0.98443466,0.8017317,2.6999998
Sidrap,2026-06-11,2026-06-10,3.119722,2.8231091,2.9375694,2.6697445,2.3388147,10.800002
Sidrap,2026-06-12,2026-06-11,5.510094,5.922122,6.1599555,5.3249493,4.7555194,13.2
Sidrap,2026-06-13,2026-06-12,6.433392,5.488882,6.9442825,6.724071,5.5588627,4.5
Sidrap,2026-06-14,2026-06-13,4.4169207,2.9546351,4.487587,3.9410825,3.8031206,0.4
Sidrap,2026-06-15,2026-06-14,0.7904433,1.0693104,1.6793569,0.78290534,1.0280019,0.70000005
Sidrap,2026-06-16,2026-06-15,1.0511949,1.438035,1.7147552,1.1906255,0.8809773,1.1
Sidrap,2026-06-17,2026-06-16,1.4964509,1.8993429,1.6254134,1.6046535,1.3486779,0.2
Sidrap,2026-06-18,2026-06-17,0.6407373,0.8179053,0.54194295,0.3760079,0.20702064,1.3000001
Sidrap,2026-06-19,2026-06-18,1.7378231,1.6400638,1.4870079,1.1970671,1.1622754,0.0
Sidrap,2026-06-20,2026-06-19,0.65229225,0.35761213,0.35204268,0.40603018,0.24541986,0.3
Sidrap,2026-06-21,2026-06-20,0.8005116,0.39722443,0.53072715,0.59028053,0.44529164,0.2
Sidrap,2026-06-22,2026-06-21,0.4898566,0.15523422,0.41925704,0.49529064,0.22734964,0.2
Sidrap,2026-06-23,2026-06-22,0.2932061,0.16274035,0.55847955,0.50330687,0.41206253,0.0
Sidrap,2026-06-24,2026-06-23,0.50641215,-0.04650724,0.3793403,0.39075398,0.29386938,0.0
Sidrap,2026-06-25,2026-06-24,0.09582031,-0.22360504,0.3103341,0.3757466,0.2775489,0.2
Sidrap,2026-06-26,2026-06-25,0.28277922,0.080328345,0.4316486,0.48850107,0.38848376,0.2
Sidrap,2026-06-27,2026-06-26,0.24622416,-0.089229226,0.3135631,0.148332,-0.037768245,0.8000001
Sidrap,2026-06-28,2026-06-27,0.85041213,0.42770886,0.83006537,0.77206314,0.57690537,1.1
Sidrap,2026-06-29,2026-06-28,1.152586,0.94332623,1.1762347,1.274158,1.0929374,1.3000001
Sidrap,2026-06-30,2026-06-29,1.3498156,1.0046927,1.49763,1.4370515,1.392628,0.4
Sidrap,2026-07-01,2026-06-30,0.44632542,0.15642977,0.6270268,0.5997262,0.52687204,0.3
Sidrap,2026-07-02,2026-07-01,0.34893954,0.2929641,0.58347785,0.65370023,0.64319825,0.8
Sidrap,2026-07-03,2026-07-02,0.8507725,0.7746116,1.0450985,1.0119778,1.0176976,1.6999999
Sidrap,2026-07-04,2026-07-03,1.7512603,1.6134646,1.4586836,1.4792175,1.640775,0.0
Sidrap,2026-07-05,2026-07-04,0.047994137,0.06973553,-0.029171944,0.11221111,0.07348204,0.2
Sidrap,2026-07-06,2026-07-05,0.2511878,0.4088688,0.31566083,0.20124209,0.24564338,0.0
Sidrap,2026-07-07,2026-07-06,0.05420482,0.20436525,0.14008081,0.031748056,0.046417832,0.0
Sidrap,2026-07-08,2026-07-07,0.055438876,0.22761524,0.15857267,0.039131522,0.0407449,0.2
Sidrap,2026-07-09,2026-07-08,0.2523358,0.34174263,0.4158672,0.27863085,0.2521236,0.90000004
Sidrap,2026-07-10,2026-07-09,0.95273244,0.86310136,1.054734,0.89753234,0.93256706,0.3
Sidrap,2026-07-11,2026-07-10,0.35406983,0.31259203,0.44140542,0.3015604,0.31459606,0.0
Sidrap,2026-07-12,2026-07-11,0.05545354,-0.049794197,0.1135087,-0.00367105,-0.00043809414,0.0
Sidrap,2026-07-13,2026-07-12,-3.6887321,-0.074008346,0.09616089,-0.004391551,-0.006627798,0.0
Sidrap,2026-07-14,2026-07-13,-2.6848311,-0.109546065,0.0516454,-0.035672665,-0.021101236,0.0
Sidrap,2026-07-15,2026-07-14,-0.9256526,-0.014612317,0.0302248,0.010081887,-0.0018559694,0.5
Sidrap,2026-07-16,2026-07-15,0.560092,0.4959848,0.48819828,0.5234463,0.50935686,0.2
Wajo,2022-07-17,2022-07-16,2.0517535,3.7706265,3.133813,3.1879203,2.902312,1.4000000953674316
Wajo,2022-07-18,2022-07-17,2.2160728,3.0641394,3.8693607,3.907556,3.6685846,1.3000000715255735
Wajo,2022-07-19,2022-07-18,1.5841017,2.2828057,1.8334426,1.3744798,1.1840929,1.100000023841858
Wajo,2022-07-20,2022-07-19,1.8056803,0.97010386,1.3361399,0.9160143,0.951808,0.6000000238418579
Wajo,2022-07-21,2022-07-20,0.83066595,1.2490593,1.9234657,1.5472312,1.4587727,9.900001525878906
Wajo,2022-07-22,2022-07-21,5.6311054,5.1508145,5.505007,6.5450964,5.6078134,1.4000000953674316
Wajo,2022-07-23,2022-07-22,2.253659,1.9310093,1.458034,2.0758748,1.3909593,1.399999976158142
Wajo,2022-07-24,2022-07-23,1.5870221,2.3711097,1.9201589,2.3225179,1.9717245,2.400000095367432
Wajo,2022-07-25,2022-07-24,2.5802157,2.9793627,2.6986754,3.066671,2.5776832,0.800000011920929
Wajo,2022-07-26,2022-07-25,0.85798764,1.8766277,1.1857598,1.3055778,1.127133,2.1000001430511475
Wajo,2022-07-27,2022-07-26,2.153187,2.7373571,3.2033854,3.3710918,3.1308818,3.200000286102295
Wajo,2022-07-28,2022-07-27,3.2430396,2.608136,2.7885382,2.5112007,2.5578613,2.299999713897705
Wajo,2022-07-29,2022-07-28,2.342776,2.2506561,2.0392091,2.1909406,2.0868795,1.8000001907348633
Wajo,2022-07-30,2022-07-29,1.8551104,1.9716908,2.1334376,2.308762,2.0907698,3.299999237060547
Wajo,2022-07-31,2022-07-30,3.353581,3.3364441,3.4567666,3.0425668,3.2837029,15.500001907348633
Wajo,2022-08-01,2022-07-31,9.084733,6.691025,5.6265073,5.8616266,5.000204,2.8999998569488525
Wajo,2022-08-02,2022-08-01,2.9477732,3.676341,2.8718467,2.9582884,2.2651634,3.0
Wajo,2022-08-03,2022-08-02,3.3552036,3.1482968,4.4050665,3.7664318,3.440919,0.2000000029802322
Wajo,2022-08-04,2022-08-03,0.2620542,1.5007652,1.7350996,1.5857395,1.3555222,0.2000000029802322
Wajo,2022-08-05,2022-08-04,0.2573669,1.6781226,0.82000446,1.015016,1.227992,0.6000000238418579
Wajo,2022-08-06,2022-08-05,0.65296507,1.6630409,1.0330245,1.4744015,1.5501628,0.5
Wajo,2022-08-07,2022-08-06,0.5472152,1.3553462,1.1322079,1.2794363,1.362577,1.8000001907348633
Wajo,2022-08-08,2022-08-07,1.8145975,2.4028711,1.8757453,1.5571454,1.8246703,2.799999952316284
Wajo,2022-08-09,2022-08-08,2.8430858,2.1405015,3.186428,2.3811152,2.535044,5.299999713897705
Wajo,2022-08-10,2022-08-09,5.317898,3.2861795,4.6132965,3.8641474,3.5662513,3.300000190734864
Wajo,2022-08-11,2022-08-10,3.3153386,2.0891628,3.0330405,3.219014,2.940312,2.799999952316284
Wajo,2022-08-12,2022-08-11,2.814219,2.469592,2.3732011,2.8901591,2.8281374,19.50000190734864
Wajo,2022-08-13,2022-08-12,8.615412,5.062858,2.2292295,6.654361,5.646329,15.100001335144045
Wajo,2022-08-14,2022-08-13,6.933831,6.045473,2.8764527,6.054191,4.4886956,0.1000000014901161
Wajo,2022-08-15,2022-08-14,0.12103772,1.9464288,0.36870277,1.6287388,2.146218,0.2000000029802322
Wajo,2022-08-16,2022-08-15,0.21897602,2.501334,1.647062,1.8625677,2.3777416,0.4000000059604645
Wajo,2022-08-17,2022-08-16,0.41874945,2.3022618,1.8381637,1.6338661,1.5709363,4.799999713897705
Wajo,2022-08-18,2022-08-17,4.811219,4.8115487,4.704217,4.5814095,4.909648,0.7000000476837158
Wajo,2022-08-19,2022-08-18,0.71684027,1.849853,1.4978713,1.2516156,1.3294735,0.4000000059604645
Wajo,2022-08-20,2022-08-19,0.41258144,1.1506478,0.81827176,0.8784344,0.9890057,0.2000000029802322
Wajo,2022-08-21,2022-08-20,0.21202397,1.4060661,0.5851215,0.7922193,0.6654581,11.30000114440918
Wajo,2022-08-22,2022-08-21,3.3557503,5.223896,5.718322,7.305376,7.222623,0.6000000238418579
Wajo,2022-08-23,2022-08-22,0.6122558,1.9436996,1.755633,1.5903089,1.3306111,0.6000000238418579
Wajo,2022-08-24,2022-08-23,0.6158298,1.9687208,1.4489717,1.495018,1.152506,3.200000047683716
Wajo,2022-08-25,2022-08-24,3.2190135,3.2239373,1.4091237,3.229395,1.5126166,9.69999885559082
Wajo,2022-08-26,2022-08-25,5.461138,5.4202213,2.3881605,4.7089314,2.1191363,1.4000000953674316
Wajo,2022-08-27,2022-08-26,1.4201549,1.867991,1.361849,2.142817,0.49563622,2.3999998569488525
Wajo,2022-08-28,2022-08-27,2.4195192,2.410648,2.1568255,3.1106436,2.1052418,0.6000000238418579
Wajo,2022-08-29,2022-08-28,0.6186789,1.8892238,0.9572922,1.5837675,1.138579,2.299999952316284
Wajo,2022-08-30,2022-08-29,2.3166428,2.3802173,2.669829,2.8058538,2.6091676,7.299999713897705
Wajo,2022-08-31,2022-08-30,6.302043,4.7223253,6.3769855,6.019659,5.557845,3.4000003337860107
Wajo,2022-09-01,2022-08-31,3.4212594,1.9818872,4.179904,3.7848725,3.750711,2.000000238418579
Wajo,2022-09-02,2022-09-01,2.0204685,2.4876354,2.7288187,3.419207,3.2847483,2.5999999046325684
Wajo,2022-09-03,2022-09-02,2.6193757,3.0546541,3.0992436,3.8901982,3.8396993,2.700000047683716
Wajo,2022-09-04,2022-09-03,2.7214375,3.3991416,3.3562026,3.7766256,3.843812,0.4000000059604645
Wajo,2022-09-05,2022-09-04,0.42140567,1.7880652,2.1063092,1.8843281,2.0960593,0.699999988079071
Wajo,2022-09-06,2022-09-05,0.7220955,1.74472,2.6653545,2.263995,2.142421,0.1000000014901161
Wajo,2022-09-07,2022-09-06,0.122078896,0.92585695,1.3716683,0.8111862,0.7374513,0.6000000238418579
Wajo,2022-09-08,2022-09-07,0.623404,1.341058,1.3946726,1.1883632,1.1058341,2.1000001430511475
Wajo,2022-09-09,2022-09-08,2.1244473,2.3569956,2.9044175,2.4855442,2.786011,1.8000000715255735
Wajo,2022-09-10,2022-09-09,1.8284249,2.3040404,2.8318818,2.4354763,2.3343518,0.9000000953674316
Wajo,2022-09-11,2022-09-10,0.92546606,1.2544317,1.807345,1.5447471,1.7360449,1.7000000476837158
Wajo,2022-09-12,2022-09-11,1.7255948,2.0067978,1.9839139,2.0996997,2.105206,2.200000047683716
Wajo,2022-09-13,2022-09-12,2.2269864,2.0861998,2.423643,2.6409795,2.855405,2.399999618530273
Wajo,2022-09-14,2022-09-13,2.426459,3.0974712,2.7584193,2.9905388,3.394601,1.9000002145767207
Wajo,2022-09-15,2022-09-14,1.9233569,2.4546406,2.5395713,2.4247024,2.5860088,0.5
Wajo,2022-09-16,2022-09-15,0.5222255,1.7489672,1.2673091,0.9812633,0.9981247,0.7000000476837158
Wajo,2022-09-17,2022-09-16,0.72533643,1.783807,1.3668602,1.1731975,1.2517778,0.1000000014901161
Wajo,2022-09-18,2022-09-17,0.124271154,0.9655297,1.1265187,0.7600883,0.7800685,0.4000000059604645
Wajo,2022-09-19,2022-09-18,0.42269456,0.6482066,1.2095256,0.69030297,0.55785584,12.200000762939451
Wajo,2022-09-20,2022-09-19,5.053278,4.765442,3.9548535,4.6937165,4.895988,9.900001525878906
Wajo,2022-09-21,2022-09-20,3.4388523,5.0976677,3.758172,4.526227,4.5176096,0.800000011920929
Wajo,2022-09-22,2022-09-21,0.8284464,1.1700385,2.5552812,2.3026052,2.507474,17.0
Wajo,2022-09-23,2022-09-22,3.485797,5.5389414,6.3220234,7.181319,6.414833,2.299999952316284
Wajo,2022-09-24,2022-09-23,2.328009,3.4511666,4.6059146,4.011353,3.3198357,0.1000000014901161
Wajo,2022-09-25,2022-09-24,0.13105392,1.8214574,2.1927094,2.4012918,2.3379717,0.4000000059604645
Wajo,2022-09-26,2022-09-25,0.43192077,2.659601,2.7933679,2.9001808,2.8075464,0.0
Wajo,2022-09-27,2022-09-26,0.022138357,1.1615555,0.7509148,0.37751985,0.460343,0.4000000059604645
Wajo,2022-09-28,2022-09-27,0.42319572,1.8559967,1.3200877,0.91006243,0.9769839,1.2000000476837158
Wajo,2022-09-29,2022-09-28,1.225643,2.3670664,2.2476647,1.915477,1.9616722,21.799999237060547
Wajo,2022-09-30,2022-09-29,9.66663,6.4222326,5.6439004,8.477921,7.7633934,9.199999809265137
Wajo,2022-10-01,2022-09-30,7.5918694,5.0970874,4.864898,5.511904,5.4600616,0.9000000357627869
Wajo,2022-10-02,2022-10-01,0.9284599,3.119811,3.4912996,2.9781535,3.8235974,7.799999713897705
Wajo,2022-10-03,2022-10-02,5.931178,4.5318117,5.357197,5.3576818,5.844073,13.40000057220459
Wajo,2022-10-04,2022-10-03,7.8634653,7.513298,6.2218914,7.6332254,7.963586,15.800000190734863
Wajo,2022-10-05,2022-10-04,7.787283,6.111062,7.6814146,8.116463,8.336458,13.300002098083496
Wajo,2022-10-06,2022-10-05,5.8665333,4.8425255,8.096109,7.796114,7.3619137,6.399999141693115
Wajo,2022-10-07,2022-10-06,4.0223784,4.127841,8.575119,7.2992735,6.994403,8.699999809265137
Wajo,2022-10-08,2022-10-07,7.335992,6.849514,9.42715,8.822101,10.161149,13.600000381469728
Wajo,2022-10-09,2022-10-08,5.4798203,5.2381144,8.368987,8.581709,8.823732,11.500000953674316
Wajo,2022-10-10,2022-10-09,3.420856,4.063651,7.9123716,8.265779,8.458407,19.599998474121094
Wajo,2022-10-11,2022-10-10,6.296544,4.7177286,8.692246,11.086109,10.812265,10.500000953674316
Wajo,2022-10-12,2022-10-11,3.2681112,4.9790783,7.003087,9.026402,8.960341,6.599999904632568
Wajo,2022-10-13,2022-10-12,2.9191206,7.268566,6.7502975,7.636939,8.672297,5.199999809265137
Wajo,2022-10-14,2022-10-13,1.8064423,4.978385,4.7896833,6.386878,7.0891123,5.499999523162842
Wajo,2022-10-15,2022-10-14,2.414855,4.965645,5.3735037,6.1502357,6.621269,2.799999952316284
Wajo,2022-10-16,2022-10-15,4.007742,3.8362203,4.9707365,4.944189,5.602744,12.100001335144045
Wajo,2022-10-17,2022-10-16,6.097432,5.7652497,7.9127846,8.016012,8.102867,10.199999809265137
Wajo,2022-10-18,2022-10-17,4.994817,5.3864985,7.876006,7.5165157,7.3208017,12.800000190734863
Wajo,2022-10-19,2022-10-18,6.670643,6.5795755,9.45795,9.611351,9.222849,11.100000381469728
Wajo,2022-10-20,2022-10-19,4.9380856,6.016782,8.949456,9.41469,9.999893,0.6000000238418579
Wajo,2022-10-21,2022-10-20,1.8593619,3.1901436,4.4380693,3.9246023,4.2575355,6.800000190734863
Wajo,2022-10-22,2022-10-21,6.2514324,5.245208,7.2800083,7.4803066,8.345245,5.400000095367432
Wajo,2022-10-23,2022-10-22,6.593666,5.570074,6.552413,7.1668005,7.157237,6.900000095367432
Wajo,2022-10-24,2022-10-23,6.559387,5.8122807,6.0872965,6.0018506,5.1312656,2.299999952316284
Wajo,2022-10-25,2022-10-24,3.407497,3.618414,4.5874157,4.4868555,4.086475,0.6000000238418579
Wajo,2022-10-26,2022-10-25,1.8993516,3.003286,3.1166725,3.0854144,2.99666,6.40000057220459
Wajo,2022-10-27,2022-10-26,7.867141,6.196617,6.5059414,6.5798464,6.3460674,6.400000095367432
Wajo,2022-10-28,2022-10-27,7.383336,5.6464205,7.0499516,6.2679977,4.958033,1.8000000715255735
Wajo,2022-10-29,2022-10-28,3.236807,2.8687632,5.173792,4.073628,3.265585,1.8000000715255735
Wajo,2022-10-30,2022-10-29,3.5909243,2.6704655,4.9390526,4.2022376,3.283675,13.700000762939451
Wajo,2022-10-31,2022-10-30,10.011474,7.3785515,8.243128,8.269062,7.923621,1.3000000715255735
Wajo,2022-11-01,2022-10-31,3.3389735,4.4488564,4.554699,4.0552597,3.5767474,11.800002098083496
Wajo,2022-11-02,2022-11-01,9.322275,7.3823786,6.300352,6.8561726,6.3265696,4.999999523162842
Wajo,2022-11-03,2022-11-02,6.228994,6.369066,7.1937943,6.7450466,5.784737,5.59999942779541
Wajo,2022-11-04,2022-11-03,6.312516,7.0532827,7.7240963,6.405691,5.6467314,12.80000114440918
Wajo,2022-11-05,2022-11-04,7.2033424,7.8385525,8.014114,7.4649696,6.336046,8.300000190734863
Wajo,2022-11-06,2022-11-05,6.284375,7.0095873,6.8856707,5.7522607,4.4301004,5.5
Wajo,2022-11-07,2022-11-06,3.0975876,6.5555286,6.951087,6.3241034,5.3314934,12.500001907348633
Wajo,2022-11-08,2022-11-07,3.83431,6.8239145,7.7325363,8.018526,7.390644,9.90000057220459
Wajo,2022-11-09,2022-11-08,3.1674876,7.385833,7.2801256,7.9199533,6.8398743,10.299999237060549
Wajo,2022-11-10,2022-11-09,5.1805477,7.645732,7.385542,7.65522,6.2658505,2.200000047683716
Wajo,2022-11-11,2022-11-10,2.2662208,4.3274574,5.8208246,5.471076,4.8163233,3.5999999046325684
Wajo,2022-11-12,2022-11-11,4.305768,4.958987,6.464468,6.137462,5.674284,21.40000343322754
Wajo,2022-11-13,2022-11-12,6.989887,8.366288,8.988474,11.130783,8.738026,31.200000762939453
Wajo,2022-11-14,2022-11-13,9.738065,10.657351,10.825001,13.014474,10.424356,5.799999713897705
Wajo,2022-11-15,2022-11-14,5.1606684,5.694292,8.689299,7.7049017,7.361521,6.199999809265137
Wajo,2022-11-16,2022-11-15,5.0112348,5.707135,8.831761,7.7255325,6.6625633,5.59999942779541
Wajo,2022-11-17,2022-11-16,5.5733995,6.5799255,8.386035,7.328377,6.0280137,0.3000000119209289
Wajo,2022-11-18,2022-11-17,2.53107,2.3543468,3.3747125,2.3301783,2.27341,1.8000000715255735
Wajo,2022-11-19,2022-11-18,3.3702211,3.1928492,3.620049,2.809465,2.96119,0.0
Wajo,2022-11-20,2022-11-19,1.9359567,2.3356626,1.7811139,1.8363471,1.061121,0.0
Wajo,2022-11-21,2022-11-20,1.7770562,2.5009265,2.5254426,1.695106,1.7592114,0.0
Wajo,2022-11-22,2022-11-21,1.7972853,1.6693109,2.3789937,1.4215639,1.3350489,13.300000190734863
Wajo,2022-11-23,2022-11-22,7.919441,7.3573246,7.944396,9.463235,7.8211184,0.2000000029802322
Wajo,2022-11-24,2022-11-23,1.7475836,1.9788681,3.6642444,3.0993223,2.4146779,9.299999237060549
Wajo,2022-11-25,2022-11-24,4.759348,4.671498,6.080962,7.2584763,7.1366425,1.7000000476837158
Wajo,2022-11-26,2022-11-25,2.5271428,3.8719532,3.7380471,3.5609646,3.4195294,3.999999761581421
Wajo,2022-11-27,2022-11-26,2.4272416,5.4066486,3.987597,3.8248894,3.7594657,0.2000000029802322
Wajo,2022-11-28,2022-11-27,1.6911318,2.6628776,3.032422,2.5244417,2.4291496,0.2000000029802322
Wajo,2022-11-29,2022-11-28,2.048439,2.5013592,2.8799088,2.4787774,2.019037,2.0
Wajo,2022-11-30,2022-11-29,3.6868143,3.1950302,3.6341147,2.9235883,1.82475,2.200000047683716
Wajo,2022-12-01,2022-11-30,4.3581114,3.4076238,4.9574285,3.8692355,2.7117207,1.6000001430511477
Wajo,2022-12-02,2022-12-01,3.7822528,3.0968032,3.9108896,3.2800486,2.7852783,4.499999523162842
Wajo,2022-12-03,2022-12-02,6.595745,3.76506,5.8008437,4.453401,3.3762083,12.300000190734863
Wajo,2022-12-04,2022-12-03,9.970535,7.0603914,7.617837,8.550751,6.918605,12.30000114440918
Wajo,2022-12-05,2022-12-04,7.759468,6.3112535,7.97132,8.534522,8.305154,15.800000190734863
Wajo,2022-12-06,2022-12-05,9.497175,7.149886,8.398218,9.561618,9.379341,1.2000000476837158
Wajo,2022-12-07,2022-12-06,3.8658185,3.725869,4.0623937,3.6322608,3.664259,0.3000000119209289
Wajo,2022-12-08,2022-12-07,2.4870815,3.031947,2.9317982,2.1984937,1.8617128,0.3000000119209289
Wajo,2022-12-09,2022-12-08,2.723259,3.190888,3.3503149,2.8746185,2.382807,13.0
Wajo,2022-12-10,2022-12-09,9.503016,8.487683,8.726041,7.429003,6.4543285,16.30000114440918
Wajo,2022-12-11,2022-12-10,8.954727,8.978971,8.857536,7.7552557,6.873502,16.299999237060547
Wajo,2022-12-12,2022-12-11,8.67617,5.6822796,10.424729,9.685447,8.92903,10.600001335144045
Wajo,2022-12-13,2022-12-12,7.0642805,5.0069265,10.723564,9.422294,8.598483,5.199999809265137
Wajo,2022-12-14,2022-12-13,6.269923,7.0964575,7.7753468,7.0981836,6.8927355,19.599998474121094
Wajo,2022-12-15,2022-12-14,9.523092,7.9248686,7.385645,9.029187,7.99963,6.900000095367432
Wajo,2022-12-16,2022-12-15,5.1629686,7.5290413,6.9488745,7.9029055,7.570221,10.5
Wajo,2022-12-17,2022-12-16,7.255207,5.162439,5.470106,7.1874676,6.5142994,1.1000001430511477
Wajo,2022-12-18,2022-12-17,2.1700168,4.5103416,3.667925,3.5149183,3.5286703,1.7000000476837158
Wajo,2022-12-19,2022-12-18,3.924706,3.9855974,2.9626427,2.4616613,2.9458702,1.7000000476837158
Wajo,2022-12-20,2022-12-19,4.1091385,3.284255,3.4529157,3.08076,2.875951,1.0
Wajo,2022-12-21,2022-12-20,3.3568544,2.0942914,3.0556676,2.1780977,2.1577857,0.0
Wajo,2022-12-22,2022-12-21,2.379856,1.5081885,2.1719422,1.3167102,1.3079672,0.7000000476837158
Wajo,2022-12-23,2022-12-22,3.35302,1.5818915,2.4705873,1.8966999,1.6567171,52.29999923706055
Wajo,2022-12-24,2022-12-23,16.385324,7.390563,8.361766,15.200021,11.52584,29.400007247924805
Wajo,2022-12-25,2022-12-24,8.913883,6.567642,5.040311,9.638236,6.3869047,1.2000001668930054
Wajo,2022-12-26,2022-12-25,1.525748,2.4297402,1.4516487,3.8547297,1.6810415,0.2000000029802322
Wajo,2022-12-27,2022-12-26,-1.0982561,1.150776,0.6698903,3.0056658,0.065016985,1.3000000715255735
Wajo,2022-12-28,2022-12-27,0.8840952,2.881844,2.8012056,3.4024787,2.506167,0.1000000014901161
Wajo,2022-12-29,2022-12-28,0.46617234,1.2482203,0.5865661,0.63203573,0.7211237,4.499999523162842
Wajo,2022-12-30,2022-12-29,1.8912421,3.3324409,1.300431,2.0456471,1.5150328,1.5000001192092896
Wajo,2022-12-31,2022-12-30,0.48013377,1.5798109,1.244592,0.7315582,0.54156435,0.0
Wajo,2023-01-01,2022-12-31,0.47450554,0.79360795,1.1221203,1.3377783,0.638072,0.0
Wajo,2023-01-02,2023-01-01,0.34978533,0.07261205,1.2022884,1.0888554,0.48463488,0.0
Wajo,2023-01-03,2023-01-02,-0.12325692,-0.014993191,1.4808657,1.0434433,0.59508455,4.0
Wajo,2023-01-04,2023-01-03,3.7477398,3.464245,4.4838905,4.026499,3.8825412,7.499999523162842
Wajo,2023-01-05,2023-01-04,6.7493525,6.8401165,1.5069354,6.163193,5.7204347,0.7000000476837158
Wajo,2023-01-06,2023-01-05,1.5139735,2.067612,0.634783,2.284411,1.3595641,1.0
Wajo,2023-01-07,2023-01-06,2.1051376,2.7643142,2.3409672,2.8728666,2.3979676,0.9000000953674316
Wajo,2023-01-08,2023-01-07,1.8888857,2.6561656,2.2022057,2.3150547,1.5987895,0.3000000119209289
Wajo,2023-01-09,2023-01-08,2.8968482,2.5773978,2.151342,1.9600219,1.6171,1.100000023841858
Wajo,2023-01-10,2023-01-09,2.8422067,1.6443789,2.2323968,1.7904003,1.1748703,1.4000000953674316
Wajo,2023-01-11,2023-01-10,2.7847402,1.2762891,2.1043816,1.0882627,1.4479474,1.4000000953674316
Wajo,2023-01-12,2023-01-11,2.3343134,0.46582806,2.307482,1.1780146,1.2180213,0.2000000029802322
Wajo,2023-01-13,2023-01-12,1.6551142,1.239644,2.7920678,2.3043625,2.9083602,0.1000000014901161
Wajo,2023-01-14,2023-01-13,1.682626,0.74064934,1.4954445,1.5569321,1.6917484,0.2000000029802322
Wajo,2023-01-15,2023-01-14,2.3956926,0.51469445,1.7372987,1.5737462,1.5553275,1.2000000476837158
Wajo,2023-01-16,2023-01-15,2.6123328,1.92045,3.0413957,2.6119125,2.9079123,0.0
Wajo,2023-01-17,2023-01-16,2.3719914,0.9139693,1.9001738,1.7560682,1.5493398,0.1000000014901161
Wajo,2023-01-18,2023-01-17,1.4619354,0.38394916,1.3877902,1.1643509,0.6972294,17.30000114440918
Wajo,2023-01-19,2023-01-18,5.6156454,7.3926563,7.193227,8.371502,5.01299,0.9000000357627869
Wajo,2023-01-20,2023-01-19,0.7319728,2.3955743,2.6391335,2.9880946,1.2875731,1.900000095367432
Wajo,2023-01-21,2023-01-20,3.4441552,3.2073138,2.3973732,1.9702802,1.4238586,0.4000000059604645
Wajo,2023-01-22,2023-01-21,1.8689264,1.212215,-0.01488924,0.5440514,0.23684883,1.0
Wajo,2023-01-23,2023-01-22,2.8164334,1.2989463,2.0255446,1.4357898,1.4148699,1.4000000953674316
Wajo,2023-01-24,2023-01-23,3.3046806,1.6375344,1.8438346,1.5035744,1.6168151,3.4000003337860107
Wajo,2023-01-25,2023-01-24,5.025994,2.3902755,3.254467,3.099779,3.0791001,36.89999771118164
Wajo,2023-01-26,2023-01-25,12.433859,8.7313795,8.138656,11.42963,9.346548,20.70000267028809
Wajo,2023-01-27,2023-01-26,7.1452913,8.00668,6.7597704,8.72806,7.8797426,3.09999942779541
Wajo,2023-01-28,2023-01-27,0.7006383,4.4521675,3.1813173,3.823584,4.153674,3.299999952316284
Wajo,2023-01-29,2023-01-28,0.1676073,4.545743,1.986059,3.0597255,2.8814466,1.100000023841858
Wajo,2023-01-30,2023-01-29,1.0548546,1.7987082,2.6362946,2.2532997,2.1857367,6.399999618530273
Wajo,2023-01-31,2023-01-30,5.5737925,4.6059756,5.074616,5.5299253,4.976879,11.09999942779541
Wajo,2023-02-01,2023-01-31,3.354042,4.295231,6.374159,7.2546444,6.0302963,15.400001525878906
Wajo,2023-02-02,2023-02-01,5.5895224,9.331717,9.257608,9.772013,9.033212,14.60000228881836
Wajo,2023-02-03,2023-02-02,5.6489296,8.783896,9.148118,11.111374,11.349045,1.2000000476837158
Wajo,2023-02-04,2023-02-03,1.3524609,3.2966335,4.1746106,3.9006538,3.1671977,0.2000000029802322
Wajo,2023-02-05,2023-02-04,-1.0019202,3.1511643,3.808623,3.3119655,2.3898964,0.0
Wajo,2023-02-06,2023-02-05,-3.0761898,1.2462087,3.2958624,2.438933,2.3383815,1.100000023841858
Wajo,2023-02-07,2023-02-06,-2.0531056,1.0399191,2.4542398,2.2511728,2.341777,0.0
Wajo,2023-02-08,2023-02-07,-0.3023765,0.79616916,1.3144252,1.4083214,1.4371612,0.6000000238418579
Wajo,2023-02-09,2023-02-08,-0.023539543,1.9278066,2.1220443,2.2747927,2.0323253,0.0
Wajo,2023-02-10,2023-02-09,2.1222522,1.3181186,1.4237204,1.6496358,1.2538726,0.0
Wajo,2023-02-11,2023-02-10,2.6919541,1.2272143,1.7240514,1.6897074,1.6881716,0.0
Wajo,2023-02-12,2023-02-11,2.296348,0.7689607,1.5781045,0.95824933,0.69127524,9.0
Wajo,2023-02-13,2023-02-12,4.727474,6.342865,6.830084,4.43466,5.241844,34.59999465942383
Wajo,2023-02-14,2023-02-13,11.264179,10.000747,8.428497,10.515015,7.5497007,1.2000000476837158
Wajo,2023-02-15,2023-02-14,0.9983375,2.6910508,3.488007,2.431562,1.9468136,1.0000001192092896
Wajo,2023-02-16,2023-02-15,0.1321373,2.88408,3.2596421,1.8353785,1.5975311,0.7000000476837158
Wajo,2023-02-17,2023-02-16,0.71181655,2.5815766,2.1035702,0.9510466,1.4227836,0.0
Wajo,2023-02-18,2023-02-17,1.9532261,1.4246298,2.3920963,1.5705302,1.6890471,0.2000000029802322
Wajo,2023-02-19,2023-02-18,1.627825,0.44030404,1.9800851,1.65203,1.1644894,0.0
Wajo,2023-02-20,2023-02-19,1.3692245,0.46984863,0.8974906,0.09400797,0.17198133,0.5
Wajo,2023-02-21,2023-02-20,1.2983284,1.0199605,1.9687306,0.87153614,0.9999677,1.2000000476837158
Wajo,2023-02-22,2023-02-21,2.9285133,1.7277615,2.9269848,2.511529,2.1453104,0.1000000014901161
Wajo,2023-02-23,2023-02-22,1.2696546,0.84121084,-0.0073406696,0.47295797,0.067682505,0.0
Wajo,2023-02-24,2023-02-23,1.0348617,0.7948129,-0.5610206,0.0034809113,-0.22820306,3.0
Wajo,2023-02-25,2023-02-24,4.3994856,3.4945924,2.5081763,2.9157262,2.73781,0.4000000059604645
Wajo,2023-02-26,2023-02-25,1.7759918,1.2661765,1.7255446,1.7133856,1.4214802,2.400000095367432
Wajo,2023-02-27,2023-02-26,3.534987,2.0158646,2.0000858,2.1848297,1.4045999,0.6000000238418579
Wajo,2023-02-28,2023-02-27,1.827208,0.42814064,1.812522,1.4369159,0.67903185,7.09999942779541
Wajo,2023-03-01,2023-02-28,4.780205,4.7953653,4.7017555,4.6921434,3.1420028,15.300000190734863
Wajo,2023-03-02,2023-03-01,8.086273,8.056171,5.7514877,5.8926954,5.400588,0.699999988079071
Wajo,2023-03-03,2023-03-02,1.9933038,1.9162214,1.7911487,1.404835,0.7499492,0.0
Wajo,2023-03-04,2023-03-03,1.355403,1.1451931,0.3007388,0.40632105,0.45925856,0.2000000029802322
Wajo,2023-03-05,2023-03-04,0.6371274,1.860056,1.6682267,1.1199552,1.0956578,3.1000001430511475
Wajo,2023-03-06,2023-03-05,2.7048063,3.812978,3.0917792,3.5394883,3.4497406,0.1000000014901161
Wajo,2023-03-07,2023-03-06,1.1060528,1.087855,0.9356648,1.0466915,0.9629514,2.799999713897705
Wajo,2023-03-08,2023-03-07,2.2736459,2.8072448,2.8155558,3.054245,2.7315476,3.8000001907348633
Wajo,2023-03-09,2023-03-08,5.053402,4.032734,4.318392,4.315054,4.147332,4.099999904632568
Wajo,2023-03-10,2023-03-09,4.758156,3.755291,4.148985,3.0343437,2.6439483,9.399999618530272
Wajo,2023-03-11,2023-03-10,5.849983,5.8442307,3.7231498,3.8308573,2.5313945,4.099999904632568
Wajo,2023-03-12,2023-03-11,4.484908,3.4764006,5.108263,4.50216,2.7726033,8.59999942779541
Wajo,2023-03-13,2023-03-12,4.843895,5.375666,6.6896477,6.2162514,4.893009,14.299999237060549
Wajo,2023-03-14,2023-03-13,8.587821,7.2817507,7.5737295,7.889394,8.385703,3.8999996185302734
Wajo,2023-03-15,2023-03-14,5.5296335,4.459857,5.073943,5.3609447,4.4588666,5.799999713897705
Wajo,2023-03-16,2023-03-15,8.256916,5.3669114,6.000349,6.0188475,6.2613335,8.799999237060547
Wajo,2023-03-17,2023-03-16,7.80274,6.413599,7.2198944,7.614335,7.4375553,14.399999618530272
Wajo,2023-03-18,2023-03-17,8.522636,9.484355,7.405343,8.78099,7.6403675,3.799999713897705
Wajo,2023-03-19,2023-03-18,6.6539927,6.0652685,6.0918093,5.5004306,5.3854523,8.200000762939453
Wajo,2023-03-20,2023-03-19,4.863734,5.6043015,6.9392405,6.099271,5.8958282,31.00000190734864
Wajo,2023-03-21,2023-03-20,9.063915,6.79473,8.753424,11.874291,9.758662,4.5
Wajo,2023-03-22,2023-03-21,4.990382,4.0210066,4.559183,4.6692333,4.802558,5.5
Wajo,2023-03-23,2023-03-22,4.477135,5.667563,5.997599,5.5300303,5.945756,4.400000095367432
Wajo,2023-03-24,2023-03-23,5.411872,5.6659474,5.646131,4.937314,4.609084,9.10000228881836
Wajo,2023-03-25,2023-03-24,7.6843233,8.08201,7.5275564,7.378394,7.353134,11.200000762939451
Wajo,2023-03-26,2023-03-25,6.7028275,9.055443,7.3910837,7.333727,7.2856026,8.700000762939453
Wajo,2023-03-27,2023-03-26,2.7542315,6.8771105,7.3106833,6.6460543,6.635763,5.799999713897705
Wajo,2023-03-28,2023-03-27,1.7408972,5.448407,6.498274,6.3319654,6.2047243,2.1999998092651367
Wajo,2023-03-29,2023-03-28,3.6608262,4.161599,6.102933,5.5388203,5.107296,0.1000000014901161
Wajo,2023-03-30,2023-03-29,0.1948328,1.5360969,2.9883063,2.6535852,1.9732982,11.900001525878906
Wajo,2023-03-31,2023-03-30,3.3949971,6.0388794,6.815584,8.243074,6.9897537,12.60000228881836
Wajo,2023-04-01,2023-03-31,3.2828221,5.501241,5.8504634,7.6482353,6.3436747,2.800000190734864
Wajo,2023-04-02,2023-04-01,0.04808545,3.6261005,3.5400128,4.3132668,3.0513668,3.0999999046325684
Wajo,2023-04-03,2023-04-02,-0.5257411,3.952529,5.6808558,5.5144253,4.6607046,0.4000000059604645
Wajo,2023-04-04,2023-04-03,0.11105943,3.119371,3.75979,3.581964,2.9656053,0.2000000029802322
Wajo,2023-04-05,2023-04-04,0.21461034,1.9450016,2.535101,2.5306728,2.1758273,0.2000000029802322
Wajo,2023-04-06,2023-04-05,-0.38664532,2.020092,2.7224545,2.2977931,2.1278632,0.1000000014901161
Wajo,2023-04-07,2023-04-06,-0.22034359,2.0149899,1.9018707,1.6295071,1.3538909,1.5
Wajo,2023-04-08,2023-04-07,-0.37367034,3.1158707,3.0110493,2.4917572,2.2919683,0.1000000014901161
Wajo,2023-04-09,2023-04-08,-0.9608803,1.8062155,1.8701599,1.4240341,0.7717484,0.6000000238418579
Wajo,2023-04-10,2023-04-09,0.80784714,1.8396076,1.6631273,1.8750378,1.7912922,3.099999189376831
Wajo,2023-04-11,2023-04-10,1.3858554,3.7224307,3.5632548,3.9411583,3.6224916,0.2000000029802322
Wajo,2023-04-12,2023-04-11,0.4282546,1.6736777,1.7200394,1.7547405,1.9422152,0.2000000029802322
Wajo,2023-04-13,2023-04-12,1.4737194,1.5383102,2.4552357,2.118816,2.2853162,8.5
Wajo,2023-04-14,2023-04-13,5.3858423,5.1946783,6.129833,5.329336,3.3480806,1.4000000953674316
Wajo,2023-04-15,2023-04-14,1.4277623,3.206458,5.784903,3.8926153,2.8621814,16.80000114440918
Wajo,2023-04-16,2023-04-15,6.7947607,8.8773775,10.078585,9.343095,7.5290966,15.800000190734863
Wajo,2023-04-17,2023-04-16,7.2504425,9.2650585,9.898003,8.777255,7.904701,3.5999996662139893
Wajo,2023-04-18,2023-04-17,4.784442,5.14913,7.8078995,6.539508,5.3723025,9.09999942779541
Wajo,2023-04-19,2023-04-18,6.778577,6.2507877,8.776848,8.253407,7.3303766,2.5999999046325684
Wajo,2023-04-20,2023-04-19,4.952915,4.0471396,5.913433,4.7347374,4.4695005,14.300000190734863
Wajo,2023-04-21,2023-04-20,10.59444,9.137514,8.302582,9.161183,8.286652,15.699999809265137
Wajo,2023-04-22,2023-04-21,10.229024,9.5668955,8.784697,9.37261,9.4690895,0.9000000953674316
Wajo,2023-04-23,2023-04-22,3.648082,3.7730737,4.762507,3.6687655,3.6906095,1.0
Wajo,2023-04-24,2023-04-23,3.136071,4.0781107,3.8675542,3.2940645,3.4177032,3.0999999046325684
Wajo,2023-04-25,2023-04-24,4.3699417,5.494916,4.0833077,4.6131854,4.2413397,13.90000057220459
Wajo,2023-04-26,2023-04-25,8.376364,7.212942,6.873929,8.627258,7.9644184,19.299999237060547
Wajo,2023-04-27,2023-04-26,10.495826,6.6779795,7.0611467,9.455291,8.575919,12.09999942779541
Wajo,2023-04-28,2023-04-27,6.7369013,6.537282,8.536876,9.4450865,9.218084,38.20000076293945
Wajo,2023-04-29,2023-04-28,12.277183,9.014088,9.407657,14.740969,12.824172,9.100000381469728
Wajo,2023-04-30,2023-04-29,7.7702923,9.266785,9.582838,8.965392,9.427708,2.5999999046325684
Wajo,2023-05-01,2023-04-30,3.5147042,7.5143633,6.4070005,6.3591394,7.455573,21.299999237060547
Wajo,2023-05-02,2023-05-01,8.774259,9.061633,9.289338,11.387699,10.88018,2.5999999046325684
Wajo,2023-05-03,2023-05-02,3.2367134,4.745648,4.525056,5.2648425,4.9248576,1.2000001668930054
Wajo,2023-05-04,2023-05-03,2.3245122,3.2339826,3.8350215,4.3818655,4.5812564,17.700000762939453
Wajo,2023-05-05,2023-05-04,6.6195,6.651265,6.9944,10.080431,9.644808,8.699999809265137
Wajo,2023-05-06,2023-05-05,6.787031,4.493072,3.191845,6.115423,5.311966,1.2000001668930054
Wajo,2023-05-07,2023-05-06,3.287587,3.6127758,4.72844,4.790058,4.677206,3.299999952316284
Wajo,2023-05-08,2023-05-07,3.1509688,3.5629025,5.841006,6.147518,6.1788626,45.0
Wajo,2023-05-09,2023-05-08,11.674501,5.520508,11.54299,18.808048,15.946783,28.200000762939453
Wajo,2023-05-10,2023-05-09,8.008818,3.0179873,9.104417,13.242357,11.666049,12.600000381469728
Wajo,2023-05-11,2023-05-10,0.97479165,2.519494,6.362651,8.594286,6.7368994,10.900001525878906
Wajo,2023-05-12,2023-05-11,2.382399,5.076957,8.860349,9.540553,7.5755863,1.3000000715255735
Wajo,2023-05-13,2023-05-12,1.5628686,5.137101,4.8203382,5.47945,5.457804,0.5
Wajo,2023-05-14,2023-05-13,1.48423,4.666651,2.3822975,3.226859,3.761785,4.799999713897705
Wajo,2023-05-15,2023-05-14,4.297886,4.7020483,6.3452435,6.362582,5.629771,2.899999618530273
Wajo,2023-05-16,2023-05-15,3.3797567,3.205316,5.4001265,4.762174,3.6839929,17.30000114440918
Wajo,2023-05-17,2023-05-16,10.775106,5.326008,6.4359674,10.092277,8.8837385,0.6000000238418579
Wajo,2023-05-18,2023-05-17,1.9245716,2.675458,4.147315,4.2193046,3.0247877,1.399999976158142
Wajo,2023-05-19,2023-05-18,1.8567617,2.207084,4.217474,4.3363733,4.185237,5.200000286102295
Wajo,2023-05-20,2023-05-19,3.4399486,4.4806156,5.3321323,6.538519,5.933941,0.3000000119209289
Wajo,2023-05-21,2023-05-20,1.1960603,2.7934284,2.1386647,3.6813998,3.4136672,1.0000001192092896
Wajo,2023-05-22,2023-05-21,2.319514,3.7289996,2.0667565,3.814693,3.8564248,1.2000000476837158
Wajo,2023-05-23,2023-05-22,2.045775,3.367749,1.9530292,2.9942715,2.7509098,0.8000000715255737
Wajo,2023-05-24,2023-05-23,1.2653381,2.2723193,1.946936,2.3274543,1.5246687,1.4000000953674316
Wajo,2023-05-25,2023-05-24,2.4646962,3.528784,3.3181143,4.1182146,3.2378516,0.9000000357627869
Wajo,2023-05-26,2023-05-25,1.2640525,2.1610394,3.5404692,3.2911005,2.7953088,0.2000000029802322
Wajo,2023-05-27,2023-05-26,0.38205063,-0.26282525,1.4403412,1.1168702,0.29009676,1.5000001192092896
Wajo,2023-05-28,2023-05-27,2.002696,1.8739984,1.6650922,2.4392807,1.5624616,1.9000002145767207
Wajo,2023-05-29,2023-05-28,3.528633,3.3059583,2.2340508,3.6082435,3.3919182,0.7000000476837158
Wajo,2023-05-30,2023-05-29,1.8414779,2.017705,1.3426116,2.1220014,2.2799113,0.4000000059604645
Wajo,2023-05-31,2023-05-30,1.7017243,1.9624372,1.6942271,1.7968872,2.076001,2.6999998092651367
Wajo,2023-06-01,2023-05-31,4.501383,4.4632273,4.3112855,4.2046566,4.692813,0.5
Wajo,2023-06-02,2023-06-01,2.6023617,2.475007,2.2028387,2.2498646,2.1113794,9.199999809265137
Wajo,2023-06-03,2023-06-02,5.4849577,6.4575195,7.5380363,6.9966965,5.786857,6.5
Wajo,2023-06-04,2023-06-03,4.566976,6.6434383,6.939411,5.999934,4.901888,11.699999809265137
Wajo,2023-06-05,2023-06-04,7.695629,9.344003,7.949703,6.814603,5.644574,1.600000023841858
Wajo,2023-06-06,2023-06-05,3.0499427,2.9316823,2.4155734,2.2562923,2.1432724,0.2000000029802322
Wajo,2023-06-07,2023-06-06,1.8134058,1.8812141,0.8525255,1.2711129,1.0998065,0.0
Wajo,2023-06-08,2023-06-07,1.8297275,0.5477463,0.38511872,0.87368274,0.9684874,0.9000000357627869
Wajo,2023-06-09,2023-06-08,2.1836011,1.2611855,1.6841683,1.773855,1.9952542,10.700000762939451
Wajo,2023-06-10,2023-06-09,6.140753,5.9606104,6.919195,7.1299095,6.624916,16.60000228881836
Wajo,2023-06-11,2023-06-10,6.206829,6.640379,4.492473,6.5819798,5.554352,1.8000001907348633
Wajo,2023-06-12,2023-06-11,1.2095621,3.591735,4.835785,3.7783196,3.5590985,0.800000011920929
Wajo,2023-06-13,2023-06-12,0.3134054,2.3493621,3.1651819,2.8614988,2.7309067,1.1000001430511477
Wajo,2023-06-14,2023-06-13,1.4456058,2.402914,2.690631,2.5595932,2.2058063,0.2000000029802322
Wajo,2023-06-15,2023-06-14,1.0555388,0.89972377,0.96243393,0.6424589,0.80872095,2.1999998092651367
Wajo,2023-06-16,2023-06-15,1.3134844,2.2688718,2.437394,2.3540707,2.560418,1.5
Wajo,2023-06-17,2023-06-16,1.5252392,1.4834719,1.8638737,1.6486042,1.6590512,2.200000047683716
Wajo,2023-06-18,2023-06-17,2.4871643,2.1694102,2.3826902,2.4275734,2.4246438,2.900000095367432
Wajo,2023-06-19,2023-06-18,2.9722242,2.3784232,2.887566,2.8121085,2.6749687,3.8999996185302734
Wajo,2023-06-20,2023-06-19,3.7998405,2.492511,3.7497342,3.677093,3.703524,1.5999999046325684
Wajo,2023-06-21,2023-06-20,1.767092,0.8664671,2.387107,1.884175,2.0134563,0.1000000014901161
Wajo,2023-06-22,2023-06-21,0.22714877,-0.8439753,1.0668901,1.0051231,0.6630062,0.7000000476837158
Wajo,2023-06-23,2023-06-22,0.9023564,-0.1289444,0.8762361,1.4427252,1.3206549,0.8000000715255737
Wajo,2023-06-24,2023-06-23,0.81720173,1.3436823,1.0254415,1.5666637,1.4005897,5.900000095367432
Wajo,2023-06-25,2023-06-24,2.8860266,4.6371326,3.1913247,4.3710527,4.4232693,0.9000000357627869
Wajo,2023-06-26,2023-06-25,1.1877049,1.9317194,1.4063673,2.148263,1.9767928,7.699999809265137
Wajo,2023-06-27,2023-06-26,5.72433,3.8029432,5.485894,4.913576,4.4506493,2.1999998092651367
Wajo,2023-06-28,2023-06-27,2.510927,2.9683805,4.183247,3.2810667,3.5984118,7.5
Wajo,2023-06-29,2023-06-28,4.8605404,4.6779833,5.0131893,3.669632,3.4183707,1.7000001668930054
Wajo,2023-06-30,2023-06-29,1.9414929,2.3380291,3.5815778,2.9918585,3.1247191,10.199999809265137
Wajo,2023-07-01,2023-06-30,5.540249,4.6476097,7.714175,7.2693253,7.7034016,11.299999237060549
Wajo,2023-07-02,2023-07-01,5.539278,5.1537333,7.224847,7.530197,7.2595053,14.500000953674316
Wajo,2023-07-03,2023-07-02,8.72597,3.3100195,7.134966,7.9679775,7.606778,41.900001525878906
Wajo,2023-07-04,2023-07-03,7.7593794,4.4602246,7.6431093,13.296186,9.936405,8.0
Wajo,2023-07-05,2023-07-04,4.567887,3.5738869,3.8172278,5.437533,3.89031,1.6000001430511477
Wajo,2023-07-06,2023-07-05,1.6677003,3.4565673,1.9101042,3.122916,2.54478,0.7000000476837158
Wajo,2023-07-07,2023-07-06,0.76783586,3.2401285,2.958107,2.872857,2.9926608,3.9000003337860094
Wajo,2023-07-08,2023-07-07,3.6823943,3.8561323,4.0050907,3.8200893,3.8977575,0.2000000029802322
Wajo,2023-07-09,2023-07-08,0.22977328,0.9850539,1.2259626,1.2456015,1.5382425,1.7000000476837158
Wajo,2023-07-10,2023-07-09,1.7338614,2.1752462,1.8430194,2.2184825,2.4352472,0.0
Wajo,2023-07-11,2023-07-10,0.034297943,0.9395032,0.24558806,0.27357674,0.28133106,0.699999988079071
Wajo,2023-07-12,2023-07-11,0.76438105,0.92939985,1.3116912,1.3409762,0.8813404,40.09999847412109
Wajo,2023-07-13,2023-07-12,10.140622,5.543954,6.5316963,12.672783,10.715499,2.799999713897705
Wajo,2023-07-14,2023-07-13,2.056199,1.2124912,0.8569987,3.591011,3.3470905,6.899999618530273
Wajo,2023-07-15,2023-07-14,0.8541167,1.8913919,2.855731,5.540457,4.795439,1.100000023841858
Wajo,2023-07-16,2023-07-15,-1.7271607,1.4617288,-0.086076975,2.8352113,2.3593204,0.4000000059604645
Wajo,2023-07-17,2023-07-16,0.056525707,1.3756229,0.8747734,1.1816131,1.2556062,0.5
Wajo,2023-07-18,2023-07-17,0.5223123,1.6235352,1.0803697,1.7155819,1.4812324,0.7000000476837158
Wajo,2023-07-19,2023-07-18,0.005534649,1.2099144,1.1516049,1.6467575,1.2640795,0.2000000029802322
Wajo,2023-07-20,2023-07-19,0.22960615,0.0983541,0.5514988,0.6242949,0.5602263,0.5
Wajo,2023-07-21,2023-07-20,0.5268041,0.07394004,0.5725194,1.1138798,0.6383357,3.0999996662139893
Wajo,2023-07-22,2023-07-21,3.13243,1.814192,2.2912886,3.3054447,2.926556,1.2000000476837158
Wajo,2023-07-23,2023-07-22,1.2293385,0.4201436,1.0590546,1.598214,1.0344844,0.5
Wajo,2023-07-24,2023-07-23,0.5225564,0.7578082,0.31728768,0.8075969,0.376557,0.1000000014901161
Wajo,2023-07-25,2023-07-24,0.12042332,0.9426999,0.5824723,1.7499121,1.5397694,0.2000000029802322
Wajo,2023-07-26,2023-07-25,0.22603607,1.0711,0.4751395,1.6738122,1.4917278,0.699999988079071
Wajo,2023-07-27,2023-07-26,0.7231331,1.7649608,1.072329,2.1074152,1.9746138,1.7000000476837158
Wajo,2023-07-28,2023-07-27,1.7254398,1.3812445,1.2589763,1.6527582,0.60028243,0.3000000119209289
Wajo,2023-07-29,2023-07-28,0.3248315,1.362218,0.7167903,1.1936419,0.62435424,0.0
Wajo,2023-07-30,2023-07-29,0.03166604,1.0662653,0.3078755,0.71918404,0.24082565,1.1000001430511477
Wajo,2023-07-31,2023-07-30,1.128784,2.1178243,1.4978077,1.8404503,1.250877,1.2000000476837158
Wajo,2023-08-01,2023-07-31,1.2286828,0.22955203,1.1229635,0.87483335,0.61451805,0.9000000357627869
Wajo,2023-08-02,2023-08-01,0.92206216,1.0728016,1.5155358,1.1894192,1.2205329,0.4000000059604645
Wajo,2023-08-03,2023-08-02,0.42833674,0.89345896,0.68694246,1.0100859,1.5698502,1.2000000476837158
Wajo,2023-08-04,2023-08-03,1.2250409,1.2894862,1.2669492,1.6565579,1.7861032,3.5
Wajo,2023-08-05,2023-08-04,3.5230274,4.2665405,3.5369515,3.7722764,3.9388893,1.3000000715255735
Wajo,2023-08-06,2023-08-05,1.3214707,1.8647249,1.3926141,1.9095564,1.1858867,0.3000000119209289
Wajo,2023-08-07,2023-08-06,0.3261546,1.2282958,0.63285315,0.9804361,0.5795269,0.1000000014901161
Wajo,2023-08-08,2023-08-07,0.1228621,1.24696,0.37557447,0.57515574,0.26731157,0.0
Wajo,2023-08-09,2023-08-08,-0.0033168793,0.14164495,0.23100638,0.43342805,0.16661572,0.6000000238418579
Wajo,2023-08-10,2023-08-09,0.60212743,0.35908043,0.450256,0.44077945,0.4673909,0.4000000059604645
Wajo,2023-08-11,2023-08-10,0.39418554,0.026956081,0.30599618,0.2817552,0.24537444,0.3000000119209289
Wajo,2023-08-12,2023-08-11,0.30171752,-0.065089464,0.41952062,0.3630618,0.3425982,0.4000000059604645
Wajo,2023-08-13,2023-08-12,0.39851642,0.40107226,0.50774777,0.46153092,0.44080544,1.0
Wajo,2023-08-14,2023-08-13,0.99550927,0.831553,1.0543358,1.0515461,1.0178757,0.4000000059604645
Wajo,2023-08-15,2023-08-14,0.40792203,0.17977905,0.49093437,0.4894699,0.43493998,0.6000000238418579
Wajo,2023-08-16,2023-08-15,0.611701,0.5148928,0.6724707,0.67243683,0.63030016,0.5
Wajo,2023-08-17,2023-08-16,0.49763644,1.03866,0.6382172,0.5847577,0.56467795,0.4000000059604645
Wajo,2023-08-18,2023-08-17,0.38822258,0.3322661,0.53765774,0.44021487,0.4613819,0.1000000014901161
Wajo,2023-08-19,2023-08-18,0.095333815,0.14691591,0.17720413,0.16659474,0.15907168,0.800000011920929
Wajo,2023-08-20,2023-08-19,0.791443,0.7742708,0.82638407,0.83679247,0.8443284,0.2000000029802322
Wajo,2023-08-21,2023-08-20,0.20212746,0.2692592,0.2502408,0.21860719,0.22526002,0.0
Wajo,2023-08-22,2023-08-21,0.0021276474,-0.15059257,0.057178497,0.009572983,0.017996073,0.2000000029802322
Wajo,2023-08-23,2023-08-22,0.20212746,-0.05544257,0.24957585,0.21494627,0.20864916,0.6000000238418579
Wajo,2023-08-24,2023-08-23,0.6027945,0.07053852,0.48236334,0.5912206,0.55197847,3.5999999046325684
Wajo,2023-08-25,2023-08-24,3.6044903,2.4617474,0.6713594,1.2005148,1.6658762,0.0
Wajo,2023-08-26,2023-08-25,-0.0074748993,-0.21120143,-0.114854336,0.16263485,0.016450167,1.3000000715255735
Wajo,2023-08-27,2023-08-26,1.2970862,0.7824483,1.2934576,1.3171885,1.3450147,0.6000000238418579
Wajo,2023-08-28,2023-08-27,0.5965725,0.5447477,0.63307536,0.6616807,0.6685077,0.0
Wajo,2023-08-29,2023-08-28,0.0021276474,0.26384473,0.04740143,0.030722857,0.036044836,0.0
Wajo,2023-08-30,2023-08-29,0.0021276474,0.11571407,0.004311323,-0.030296087,-0.014297724,0.0
Wajo,2023-08-31,2023-08-30,0.0021276474,0.22681665,0.052517414,-0.025610685,-0.044306993,0.0
Wajo,2023-09-01,2023-08-31,0.0021276474,0.13620424,0.06534314,-0.02795577,-0.039649963,0.0
Wajo,2023-09-02,2023-09-01,0.0021276474,0.15992188,0.11808276,-0.024173498,-0.012316227,0.1000000014901161
Wajo,2023-09-03,2023-09-02,0.10212731,0.28849077,0.15563893,0.051259518,0.07313228,0.0
Wajo,2023-09-04,2023-09-03,0.0021276474,0.15486455,0.07480097,-0.062656164,-0.038265944,0.0
Wajo,2023-09-05,2023-09-04,0.0021276474,0.12227297,-0.004756689,-0.014295578,-0.013785839,0.3000000119209289
Wajo,2023-09-06,2023-09-05,0.30212748,0.25645185,0.15162086,0.16669798,0.27987456,0.1000000014901161
Wajo,2023-09-07,2023-09-06,0.10212731,0.26569343,0.06729293,0.05858755,0.091888905,0.0
Wajo,2023-09-08,2023-09-07,0.0021276474,0.27601862,-0.017261505,-0.025645256,-0.0015382767,0.0
Wajo,2023-09-09,2023-09-08,0.0021276474,0.33838785,-0.05342865,-0.038336277,0.009202242,0.0
Wajo,2023-09-10,2023-09-09,0.0021276474,0.22028589,-0.03581333,-0.012833834,0.040174007,2.400000095367432
Wajo,2023-09-11,2023-09-10,2.4021277,1.3190932,1.8109254,1.7313689,2.1030064,4.5
Wajo,2023-09-12,2023-09-11,4.5021276,2.0065184,2.3167274,1.6375263,2.5618029,0.800000011920929
Wajo,2023-09-13,2023-09-12,0.80212736,-0.20050335,0.65315056,0.7442049,0.6713896,0.0
Wajo,2023-09-14,2023-09-13,0.0021276474,-0.36029816,0.04865718,0.11536789,-0.04050803,1.100000023841858
Wajo,2023-09-15,2023-09-14,1.1021274,0.6049403,1.0526904,1.1044195,1.1181568,0.0
Wajo,2023-09-16,2023-09-15,0.0021276474,-0.06083536,-0.010530233,-0.020822287,0.022029877,1.100000023841858
Wajo,2023-09-17,2023-09-16,1.1021274,0.89699996,0.7238792,0.87786174,1.0384635,0.3000000119209289
Wajo,2023-09-18,2023-09-17,0.30212748,0.07321262,-0.1806376,-0.13943267,0.0969131,0.3000000119209289
Wajo,2023-09-19,2023-09-18,0.30212748,0.27077508,0.23009992,0.16503763,0.2233522,0.2000000029802322
Wajo,2023-09-20,2023-09-19,0.20212746,0.19100595,0.22367382,0.12882209,0.14816904,0.5
Wajo,2023-09-21,2023-09-20,0.5021275,0.52048695,0.47083378,0.3853526,0.47259378,0.0
Wajo,2023-09-22,2023-09-21,0.0021276474,0.021746397,0.043050528,-0.022945166,0.035569668,0.0
Wajo,2023-09-23,2023-09-22,0.0021276474,0.012967825,0.015268087,-0.004034996,0.026139498,0.1000000014901161
Wajo,2023-09-24,2023-09-23,0.10212731,0.10241246,-0.0036530495,-0.010637283,0.07327604,0.2000000029802322
Wajo,2023-09-25,2023-09-24,0.20212746,0.26702785,0.118825674,0.08330512,0.17404032,0.0
Wajo,2023-09-26,2023-09-25,0.0021276474,0.06446147,-0.055449963,-0.08063078,-0.003934145,0.0
Wajo,2023-09-27,2023-09-26,0.0021276474,0.035407543,0.009916067,-0.06138563,-0.010528803,0.0
Wajo,2023-09-28,2023-09-27,0.0021276474,0.0067658424,0.006765604,-0.058159113,-0.021463633,0.0
Wajo,2023-09-29,2023-09-28,0.0021276474,0.044463873,0.0144376755,-0.041887283,-0.025463104,0.0
Wajo,2023-09-30,2023-09-29,0.0021276474,0.08102846,-0.03876829,-0.03204894,0.012189865,0.0
Wajo,2023-10-01,2023-09-30,0.0021276474,0.10142207,-0.055119753,-0.054959297,-0.036432743,0.2000000029802322
Wajo,2023-10-02,2023-10-01,0.20212746,0.30584645,0.20768285,0.0950799,0.1388781,0.1000000014901161
Wajo,2023-10-03,2023-10-02,0.10212731,0.24086547,-0.18918896,-0.025999546,0.06207204,0.8000000715255737
Wajo,2023-10-04,2023-10-03,0.8021275,0.79946876,0.43900812,0.22552705,0.59513855,0.1000000014901161
Wajo,2023-10-05,2023-10-04,0.10212731,0.13459015,-0.044293165,0.04141617,0.19242334,0.4000000059604645
Wajo,2023-10-06,2023-10-05,0.4021275,0.3627522,0.16366577,0.1594212,0.47339284,0.0
Wajo,2023-10-07,2023-10-06,0.0021276474,0.026128292,0.012724161,0.010136604,0.12007165,0.0
Wajo,2023-10-08,2023-10-07,0.0021276474,-0.050516367,0.15202951,0.15285969,0.12613153,0.0
Wajo,2023-10-09,2023-10-08,0.0021276474,0.124322414,0.2108612,0.20095587,0.13318324,0.0
Wajo,2023-10-10,2023-10-09,0.0021276474,0.1346488,0.22982597,0.06766248,0.06439805,0.0
Wajo,2023-10-11,2023-10-10,0.0021276474,0.17829704,0.18153524,0.08562827,0.10195017,0.1000000014901161
Wajo,2023-10-12,2023-10-11,0.10212731,0.26243615,0.23516178,0.17081499,0.18919992,0.0
Wajo,2023-10-13,2023-10-12,0.0021276474,0.05634737,0.1183846,0.027584791,0.056319714,0.2000000029802322
Wajo,2023-10-14,2023-10-13,0.20212746,0.23848867,0.35971797,0.19446516,0.32761025,0.1000000014901161
Wajo,2023-10-15,2023-10-14,0.09322214,0.1856103,-0.10695243,-0.04081464,0.16207218,0.2000000029802322
Wajo,2023-10-16,2023-10-15,0.1895628,0.34152734,0.15662766,0.21116209,0.37620294,1.4000000953674316
Wajo,2023-10-17,2023-10-16,1.3937372,1.3737577,1.2309967,1.2458674,1.444638,3.1999998092651367
Wajo,2023-10-18,2023-10-17,3.2028189,2.3274388,2.1507978,1.8536043,2.6845033,7.499999523162842
Wajo,2023-10-19,2023-10-18,4.9933567,3.2329733,4.113025,2.7895663,4.3019524,0.800000011920929
Wajo,2023-10-20,2023-10-19,0.82862246,0.7054266,0.93168426,0.9387592,1.3627526,0.0
Wajo,2023-10-21,2023-10-20,0.030631304,0.30540884,0.2920897,0.5061294,0.6502131,0.1000000014901161
Wajo,2023-10-22,2023-10-21,0.13076472,0.34616292,0.33611262,0.35413003,0.5407251,0.4000000059604645
Wajo,2023-10-23,2023-10-22,0.43109214,0.58844626,0.44024074,0.74205244,0.7633281,4.59999942779541
Wajo,2023-10-24,2023-10-23,4.241265,3.1114004,2.2787673,3.16355,4.2378592,0.1000000014901161
Wajo,2023-10-25,2023-10-24,0.13809466,0.36030436,-0.22356081,0.40903032,0.67558324,0.0
Wajo,2023-10-26,2023-10-25,0.039189577,0.2865231,-0.27684975,0.5284269,0.7380061,0.0
Wajo,2023-10-27,2023-10-26,0.04524374,0.4596312,0.26125503,0.33177078,0.4840963,0.0
Wajo,2023-10-28,2023-10-27,0.032961607,0.3942771,0.24089098,0.14449668,0.30631602,0.0
Wajo,2023-10-29,2023-10-28,0.022006512,0.3480736,0.3840307,0.18840289,0.31916332,0.0
Wajo,2023-10-30,2023-10-29,0.023907661,0.45053792,0.35309553,0.16045284,0.23764896,0.1000000014901161
Wajo,2023-10-31,2023-10-30,0.1432116,0.3232242,0.34260178,0.24143529,0.43136477,0.4000000059604645
Wajo,2023-11-01,2023-10-31,0.4395877,0.7426419,0.6800345,0.6945683,0.7080102,9.499999046325684
Wajo,2023-11-02,2023-11-01,6.99113,4.208505,3.80403,4.8340945,4.9679,12.600000381469728
Wajo,2023-11-03,2023-11-02,5.2541203,4.6000466,1.9413105,3.9395661,4.24113,12.199999809265137
Wajo,2023-11-04,2023-11-03,3.8253183,3.5247703,1.6801238,4.352062,4.153207,13.800000190734863
Wajo,2023-11-05,2023-11-04,2.1204176,4.0477877,2.8189273,5.7332892,5.41807,0.0
Wajo,2023-11-06,2023-11-05,-0.9642782,2.2320516,0.6900803,2.127737,2.0375865,0.6000000238418579
Wajo,2023-11-07,2023-11-06,-1.2430232,2.3452451,1.6158222,2.5880988,2.8600159,0.1000000014901161
Wajo,2023-11-08,2023-11-07,-1.2489176,1.5291374,1.5840492,1.7066584,2.1788661,0.2000000029802322
Wajo,2023-11-09,2023-11-08,-0.23453116,0.7674515,0.84861314,1.0026852,1.6568857,3.5999999046325684
Wajo,2023-11-10,2023-11-09,0.57871747,3.3853722,2.896201,3.8403935,3.9458003,0.1000000014901161
Wajo,2023-11-11,2023-11-10,0.16199589,1.2692006,0.85480475,1.3822793,1.8878161,0.5
Wajo,2023-11-12,2023-11-11,0.5621486,1.5278287,1.175688,1.7948247,1.5017049,0.6000000238418579
Wajo,2023-11-13,2023-11-12,0.65856946,1.0976987,-0.17438745,0.9220258,0.19047856,0.0
Wajo,2023-11-14,2023-11-13,0.058489084,0.8593706,0.41909337,0.7928896,0.8556814,0.3000000119209289
Wajo,2023-11-15,2023-11-14,0.35846293,1.0285797,0.13545394,1.3448194,0.5790881,6.399999618530273
Wajo,2023-11-16,2023-11-15,3.6208024,4.2854295,-0.21440482,2.6865115,1.2040374,9.90000057220459
Wajo,2023-11-17,2023-11-16,2.3348272,3.5000653,1.7443614,3.922684,2.0449684,11.600000381469728
Wajo,2023-11-18,2023-11-17,3.3489165,5.240954,4.285331,5.952159,4.8464723,10.399999618530272
Wajo,2023-11-19,2023-11-18,2.5248904,5.003924,7.598344,7.313843,7.1998386,1.399999976158142
Wajo,2023-11-20,2023-11-19,1.4563453,3.6285522,3.7695928,3.9489207,3.9708426,0.4000000059604645
Wajo,2023-11-21,2023-11-20,0.45442224,2.9582973,2.773021,3.1806934,2.9741976,0.0
Wajo,2023-11-22,2023-11-21,0.052696466,2.800424,1.8717697,2.4497056,2.6820517,5.799999713897705
Wajo,2023-11-23,2023-11-22,5.4801846,5.617138,4.9764047,6.5654984,6.16288,1.2999999523162842
Wajo,2023-11-24,2023-11-23,1.349561,2.9532862,3.1839879,3.5500245,3.6030064,4.199999809265137
Wajo,2023-11-25,2023-11-24,4.8723583,4.529897,2.7386596,4.4798713,4.018792,6.399999618530273
Wajo,2023-11-26,2023-11-25,6.753269,4.243207,2.3220053,4.9197264,3.391532,6.799999713897705
Wajo,2023-11-27,2023-11-26,6.4743376,4.043765,0.7861147,4.3692365,2.679168,21.80000305175781
Wajo,2023-11-28,2023-11-27,10.756598,4.0477686,1.0344234,5.356596,3.4517136,10.600000381469728
Wajo,2023-11-29,2023-11-28,4.319014,3.2895904,1.7564609,3.504219,1.4362671,3.0999999046325684
Wajo,2023-11-30,2023-11-29,4.55976,4.768421,3.3404064,3.3937702,2.778725,13.699999809265137
Wajo,2023-12-01,2023-11-30,6.5039053,8.655784,6.4527683,7.118557,5.227909,8.399999618530273
Wajo,2023-12-02,2023-12-01,4.0173464,8.306104,6.56567,7.1392546,4.6384134,1.2000000476837158
Wajo,2023-12-03,2023-12-02,2.8578606,4.5034637,4.8295093,4.713214,4.0821314,9.399999618530272
Wajo,2023-12-04,2023-12-03,5.394125,6.3376217,4.7762804,8.011239,4.9970284,10.300000190734863
Wajo,2023-12-05,2023-12-04,6.520444,6.3161917,3.872415,6.578677,5.016396,6.499999523162842
Wajo,2023-12-06,2023-12-05,4.637433,6.3634872,5.5217648,7.5464764,6.8536577,19.89999961853028
Wajo,2023-12-07,2023-12-06,6.579322,6.4203053,5.29518,9.06984,7.784935,7.799999237060547
Wajo,2023-12-08,2023-12-07,4.8357964,4.5949993,4.696068,7.1845684,6.0897255,3.1999998092651367
Wajo,2023-12-09,2023-12-08,4.5123577,5.2200513,3.5391235,5.8121157,4.3426943,5.699999809265137
Wajo,2023-12-10,2023-12-09,2.6897423,5.4108205,1.7346766,5.1493926,3.6362395,0.4000000059604645
Wajo,2023-12-11,2023-12-10,1.0067023,2.6961145,0.70566785,2.6074305,1.60425,0.0
Wajo,2023-12-12,2023-12-11,1.7997665,2.5091512,1.1794467,2.1362982,1.9445331,0.6000000238418579
Wajo,2023-12-13,2023-12-12,2.4727697,2.1363068,1.8749282,2.0672605,1.696589,1.100000023841858
Wajo,2023-12-14,2023-12-13,2.6344743,2.865773,2.7879872,2.7721531,1.9791179,0.3000000119209289
Wajo,2023-12-15,2023-12-14,2.3714573,1.8805016,2.8592103,2.139265,1.4848272,0.4000000059604645
Wajo,2023-12-16,2023-12-15,2.2691982,1.7591045,2.598239,2.1129365,1.7252529,0.0
Wajo,2023-12-17,2023-12-16,0.993116,0.75396395,2.0723743,1.6252556,0.8010273,1.2999999523162842
Wajo,2023-12-18,2023-12-17,1.8413682,1.7042451,2.5710218,2.3661156,1.4946723,1.899999976158142
Wajo,2023-12-19,2023-12-18,1.8161838,2.7630033,3.5411198,3.5442588,3.1782527,0.9000000953674316
Wajo,2023-12-20,2023-12-19,-0.07191348,2.131325,2.447251,2.1571472,1.8457657,0.0
Wajo,2023-12-21,2023-12-20,1.1659021,2.0347073,1.2403439,1.1592573,0.9556291,0.1000000014901161
Wajo,2023-12-22,2023-12-21,1.9483558,2.1662958,1.3253036,1.1606615,1.0305134,5.5
Wajo,2023-12-23,2023-12-22,5.8622937,6.2146835,5.794302,4.0992136,3.8847742,2.5999999046325684
Wajo,2023-12-24,2023-12-23,5.6550236,5.0944314,5.368641,4.251691,4.2254987,2.900000095367432
Wajo,2023-12-25,2023-12-24,4.40919,4.699382,6.0515013,4.632245,4.7226343,2.799999952316284
Wajo,2023-12-26,2023-12-25,4.1183343,3.9806724,5.393425,4.3774014,3.5607553,1.5000001192092896
Wajo,2023-12-27,2023-12-26,3.0239875,2.818254,3.4985833,2.8657825,2.4830196,0.7000000476837158
Wajo,2023-12-28,2023-12-27,2.1928196,1.8923838,2.6051862,2.204593,2.4363678,1.399999976158142
Wajo,2023-12-29,2023-12-28,2.8181906,1.9565915,3.1968207,2.622071,1.9647425,5.900000095367432
Wajo,2023-12-30,2023-12-29,7.2390194,5.066899,5.8490767,5.512582,4.093141,5.000000476837158
Wajo,2023-12-31,2023-12-30,6.926239,5.6316547,5.797045,4.5724683,3.9548044,12.300000190734863
Wajo,2024-01-01,2023-12-31,10.189716,6.449875,5.3516436,4.479187,3.8656087,8.90000057220459
Wajo,2024-01-02,2024-01-01,9.641851,6.102026,6.166004,5.708576,5.2065344,0.6000000238418579
Wajo,2024-01-03,2024-01-02,2.7745597,2.779983,4.298625,3.3467875,3.120945,6.0
Wajo,2024-01-04,2024-01-03,7.5806,4.324867,6.1574993,5.2511425,5.1231804,35.70000076293945
Wajo,2024-01-05,2024-01-04,15.096371,10.860441,7.369855,10.53531,6.5240946,5.59999942779541
Wajo,2024-01-06,2024-01-05,6.8727236,6.1275516,5.3418903,5.5694103,3.6663127,46.10000228881836
Wajo,2024-01-07,2024-01-06,14.7301655,10.194677,7.3315926,12.912229,8.83459,12.100001335144045
Wajo,2024-01-08,2024-01-07,8.351799,5.7951827,7.699357,8.508101,5.802831,5.200000286102295
Wajo,2024-01-09,2024-01-08,5.456789,7.3353195,6.770854,6.2800508,5.8498135,0.2000000029802322
Wajo,2024-01-10,2024-01-09,1.9642155,5.884386,3.2136734,2.7291627,3.096761,1.0
Wajo,2024-01-11,2024-01-10,2.196695,2.379376,2.3787558,2.5894656,1.7679319,0.4000000059604645
Wajo,2024-01-12,2024-01-11,2.0885105,1.4334347,2.1277869,1.5424814,1.4087466,2.799999952316284
Wajo,2024-01-13,2024-01-12,4.680838,3.9597063,4.6237535,4.419899,4.3975677,1.6000001430511477
Wajo,2024-01-14,2024-01-13,3.264495,2.8698387,3.049687,3.0822663,2.602084,3.799999952316284
Wajo,2024-01-15,2024-01-14,5.7817116,4.5040994,6.0943546,5.463433,4.9430466,5.199999809265137
Wajo,2024-01-16,2024-01-15,6.9746046,5.448288,7.6740017,6.533601,5.5824294,7.299999713897705
Wajo,2024-01-17,2024-01-16,7.03936,5.1707582,6.9778576,7.4741774,6.4291754,0.9000000357627869
Wajo,2024-01-18,2024-01-17,3.4154348,2.7705553,4.543997,4.331909,3.543839,1.600000023841858
Wajo,2024-01-19,2024-01-18,3.8728662,3.3358872,4.1757426,4.1914735,3.6094413,1.900000095367432
Wajo,2024-01-20,2024-01-19,3.882759,3.1177373,4.7294817,4.631437,3.804128,1.900000095367432
Wajo,2024-01-21,2024-01-20,3.405857,3.8553228,3.8846846,3.9393845,2.292677,0.0
Wajo,2024-01-22,2024-01-21,1.7304779,2.1250587,2.3002899,2.8058605,1.9573126,0.5
Wajo,2024-01-23,2024-01-22,2.4041975,0.49448752,1.1385173,1.3932582,0.8683698,1.7000000476837158
Wajo,2024-01-24,2024-01-23,3.3274584,1.622329,2.6909585,2.928706,1.9115077,0.0
Wajo,2024-01-25,2024-01-24,1.4078562,0.18639135,1.5533049,1.9610019,1.5350238,0.0
Wajo,2024-01-26,2024-01-25,0.8584204,0.9336997,1.8413398,2.0330296,1.969125,2.5
Wajo,2024-01-27,2024-01-26,3.4343295,2.5756304,4.1393485,3.7189372,3.7703705,1.100000023841858
Wajo,2024-01-28,2024-01-27,2.3809865,1.3955494,2.7822149,2.2401571,2.651793,3.899999856948853
Wajo,2024-01-29,2024-01-28,4.877539,3.6154544,5.0074472,4.971485,5.194359,2.0999999046325684
Wajo,2024-01-30,2024-01-29,3.7730198,2.5069818,3.6427019,3.3513026,3.8735795,3.0999999046325684
Wajo,2024-01-31,2024-01-30,4.0378103,3.3677006,4.348362,4.269953,3.3932552,0.9000000357627869
Wajo,2024-02-01,2024-01-31,2.4101639,1.530189,1.8469192,1.9493331,1.3625847,0.2000000029802322
Wajo,2024-02-02,2024-02-01,2.8910367,1.2259076,1.6119028,0.77088547,-0.14537454,0.5
Wajo,2024-02-03,2024-02-02,2.5600913,1.6457732,1.8168449,1.0610508,0.49537718,0.1000000014901161
Wajo,2024-02-04,2024-02-03,1.9376922,0.8513279,1.9899656,0.8762562,0.62192273,0.4000000059604645
Wajo,2024-02-05,2024-02-04,2.032229,1.1396567,2.505349,1.3593552,1.1277201,0.9000000357627869
Wajo,2024-02-06,2024-02-05,2.2407684,0.97983277,2.6579914,2.1289985,1.4090362,0.0
Wajo,2024-02-07,2024-02-06,1.6556752,0.34909058,1.5940384,1.2096289,0.6399547,7.699999332427978
Wajo,2024-02-08,2024-02-07,6.184698,3.594747,2.5252151,3.1406164,1.3336872,2.0
Wajo,2024-02-09,2024-02-08,3.4611132,1.6360382,2.0095985,1.8776908,0.1776998,0.0
Wajo,2024-02-10,2024-02-09,1.7084436,0.675863,0.85740674,0.726948,0.1672535,1.0
Wajo,2024-02-11,2024-02-10,2.8722513,1.886817,1.0314258,1.2536381,0.0029697418,3.299999952316284
Wajo,2024-02-12,2024-02-11,3.8086936,3.289107,1.2540675,1.883657,0.22670364,1.899999976158142
Wajo,2024-02-13,2024-02-12,3.1367426,1.8481952,1.4888514,1.7215569,0.6978445,0.4000000059604645
Wajo,2024-02-14,2024-02-13,2.3464906,0.74333084,0.55554616,0.962409,-0.15650487,10.000000953674316
Wajo,2024-02-15,2024-02-14,5.595024,3.3244102,3.2187624,4.411484,2.7652893,27.10000228881836
Wajo,2024-02-16,2024-02-15,10.754433,6.531891,7.688036,8.891847,7.0088882,10.699999809265137
Wajo,2024-02-17,2024-02-16,8.241981,3.8447711,3.9830816,4.6815996,3.4861212,5.999999523162842
Wajo,2024-02-18,2024-02-17,7.589222,3.4600875,2.3553038,3.975476,1.7639018,0.1000000014901161
Wajo,2024-02-19,2024-02-18,3.1313388,2.032037,1.912534,2.602346,1.7116581,0.0
Wajo,2024-02-20,2024-02-19,3.6078234,2.2418873,1.3583455,1.4024134,1.2546355,0.3000000119209289
Wajo,2024-02-21,2024-02-20,3.9890156,2.062377,1.9197328,1.7100171,1.7845416,0.0
Wajo,2024-02-22,2024-02-21,3.0182867,1.0813053,1.442465,1.0415007,1.048857,0.6000000238418579
Wajo,2024-02-23,2024-02-22,4.080112,1.782149,2.2924836,1.8248769,1.7419963,4.499999523162842
Wajo,2024-02-24,2024-02-23,6.82281,5.268361,6.776993,6.214391,5.5066247,1.5
Wajo,2024-02-25,2024-02-24,4.3442755,2.5781655,4.5181665,3.7880406,3.7379034,0.7000000476837158
Wajo,2024-02-26,2024-02-25,3.7321475,1.879283,3.305471,2.74263,1.895546,2.5999999046325684
Wajo,2024-02-27,2024-02-26,2.5127442,3.3395112,2.749359,3.4563994,1.5576004,0.0
Wajo,2024-02-28,2024-02-27,1.926598,1.8622253,2.6358898,2.1074066,1.7825398,1.399999976158142
Wajo,2024-02-29,2024-02-28,1.6241753,2.7682269,3.6901095,3.2415419,3.3034964,4.299999713897705
Wajo,2024-03-01,2024-02-29,2.1549304,4.1879654,4.5365257,4.1588106,3.8000612,6.400000095367432
Wajo,2024-03-02,2024-03-01,3.986548,5.429469,6.2554264,6.122877,5.843604,16.500001907348633
Wajo,2024-03-03,2024-03-02,7.44289,4.09347,9.299841,8.660887,7.0284424,21.299999237060547
Wajo,2024-03-04,2024-03-03,6.5838957,3.1523979,7.2200346,8.143347,6.206604,2.200000047683716
Wajo,2024-03-05,2024-03-04,1.2162007,3.5053806,5.8461018,4.4521666,4.090014,11.600001335144045
Wajo,2024-03-06,2024-03-05,4.238175,4.7631984,8.120868,7.0241003,5.516164,4.499999523162842
Wajo,2024-03-07,2024-03-06,3.786369,5.0080223,6.8062906,6.5214844,5.7824683,7.299999237060547
Wajo,2024-03-08,2024-03-07,5.3712044,5.840401,6.0412602,7.327173,5.043394,18.70000267028809
Wajo,2024-03-09,2024-03-08,9.923704,8.357438,6.4868107,8.399394,6.9970427,16.299999237060547
Wajo,2024-03-10,2024-03-09,9.970686,7.8675976,6.2633963,9.320373,8.2338,9.09999942779541
Wajo,2024-03-11,2024-03-10,5.6939783,5.0504217,4.441218,6.413762,4.464668,0.0
Wajo,2024-03-12,2024-03-11,0.23927641,2.7710185,3.6086864,3.5278056,2.93505,1.100000023841858
Wajo,2024-03-13,2024-03-12,-0.54243636,3.5334,4.2546606,4.2550907,3.165974,1.399999976158142
Wajo,2024-03-14,2024-03-13,1.3456306,2.6500418,3.4356337,2.9680834,2.385389,0.0
Wajo,2024-03-15,2024-03-14,2.6014059,2.1899276,2.6857362,1.9260569,1.790877,0.2000000029802322
Wajo,2024-03-16,2024-03-15,1.85182,2.227615,2.3895276,1.9596895,1.3710957,0.0
Wajo,2024-03-17,2024-03-16,1.1735879,2.2208514,1.5811324,1.7204511,0.9038521,0.0
Wajo,2024-03-18,2024-03-17,2.274242,1.7727053,0.9051117,1.3055737,0.54560995,0.800000011920929
Wajo,2024-03-19,2024-03-18,2.6495712,1.7840987,0.50937843,0.8771825,-1.0893984,0.7000000476837158
Wajo,2024-03-20,2024-03-19,2.2876406,1.0939025,1.0577824,1.0054796,-1.8443816,0.2000000029802322
Wajo,2024-03-21,2024-03-20,2.6197104,1.5432581,2.7583933,2.2497847,1.2178174,6.199999809265137
Wajo,2024-03-22,2024-03-21,4.663467,3.7393274,3.7436569,3.4064953,1.7194271,1.100000023841858
Wajo,2024-03-23,2024-03-22,2.6107638,2.6015043,2.6089847,2.6693819,0.8398799,4.399999618530273
Wajo,2024-03-24,2024-03-23,4.497449,4.124106,6.314419,6.40909,4.0626535,12.700000762939451
Wajo,2024-03-25,2024-03-24,6.644473,5.622332,6.522086,8.254791,4.6617727,33.79999542236328
Wajo,2024-03-26,2024-03-25,13.547285,9.011044,8.495382,12.47396,7.590914,9.40000057220459
Wajo,2024-03-27,2024-03-26,6.6786118,7.6087637,9.118766,9.35322,6.148311,10.20000171661377
Wajo,2024-03-28,2024-03-27,5.732481,5.8687973,6.6164417,6.5814686,3.834702,6.699999809265137
Wajo,2024-03-29,2024-03-28,4.253622,7.109522,7.6638355,6.7663603,3.9409933,9.80000114440918
Wajo,2024-03-30,2024-03-29,6.4454756,7.98633,5.7293806,6.5826607,4.4933233,3.299999713897705
Wajo,2024-03-31,2024-03-30,3.201315,4.3709297,4.616714,4.431612,3.1334357,19.0
Wajo,2024-04-01,2024-03-31,8.194358,9.49332,9.243682,10.362552,7.3238926,4.199999809265137
Wajo,2024-04-02,2024-04-01,2.9605014,5.480393,7.817919,7.335086,5.153186,12.100001335144045
Wajo,2024-04-03,2024-04-02,8.621523,8.642672,8.496507,9.146345,8.24148,0.1000000014901161
Wajo,2024-04-04,2024-04-03,1.8086183,4.4852653,5.48521,4.7008114,3.9539676,3.6000001430511475
Wajo,2024-04-05,2024-04-04,4.4855843,6.1470213,7.200286,6.6795464,6.216242,3.900000095367432
Wajo,2024-04-06,2024-04-05,5.295263,6.34301,7.4289837,6.7325726,6.8394146,8.899999618530273
Wajo,2024-04-07,2024-04-06,8.197428,7.2461557,6.4895487,7.3555975,6.7689304,1.600000023841858
Wajo,2024-04-08,2024-04-07,3.4441628,4.3362427,4.3719788,4.4570446,4.0839143,35.30000686645508
Wajo,2024-04-09,2024-04-08,10.237823,9.641647,10.551421,15.751311,13.059453,17.399999618530273
Wajo,2024-04-10,2024-04-09,7.1636925,6.7998257,9.77643,11.5979185,11.157926,3.299999952316284
Wajo,2024-04-11,2024-04-10,3.328145,2.2811818,6.398076,6.214654,3.789806,10.80000114440918
Wajo,2024-04-12,2024-04-11,4.3993607,2.1798973,7.686491,8.276294,5.713912,16.600000381469727
Wajo,2024-04-13,2024-04-12,6.217042,4.736246,3.2821202,6.195984,4.0898466,22.800004959106445
Wajo,2024-04-14,2024-04-13,9.580797,6.430805,4.3970814,8.023045,5.213011,25.0
Wajo,2024-04-15,2024-04-14,10.057574,4.7701826,5.41553,10.023626,7.633458,13.500001907348633
Wajo,2024-04-16,2024-04-15,6.3394938,7.2044926,5.9329996,9.038157,7.501483,15.600000381469728
Wajo,2024-04-17,2024-04-16,7.301977,4.50305,6.6152906,9.788681,8.722994,1.100000023841858
Wajo,2024-04-18,2024-04-17,3.1433558,3.889069,3.8772528,4.893629,5.3866005,5.5
Wajo,2024-04-19,2024-04-18,2.9115286,4.3650255,5.9795427,5.732658,4.918497,18.19999885559082
Wajo,2024-04-20,2024-04-19,9.202872,6.733798,7.477826,9.968634,8.013161,21.900001525878903
Wajo,2024-04-21,2024-04-20,12.3130245,9.175764,8.277348,10.545049,8.756218,21.699996948242188
Wajo,2024-04-22,2024-04-21,13.761386,10.494996,8.896075,11.784771,9.383887,19.39999961853028
Wajo,2024-04-23,2024-04-22,14.265157,8.650642,9.759372,11.436943,10.638534,14.899999618530272
Wajo,2024-04-24,2024-04-23,11.192795,9.431778,12.357274,13.059274,11.497216,9.299999237060549
Wajo,2024-04-25,2024-04-24,9.596224,6.210303,7.8793545,8.534384,5.1185656,10.90000057220459
Wajo,2024-04-26,2024-04-25,7.0134325,6.3758993,7.812808,9.020832,6.716161,3.799999952316284
Wajo,2024-04-27,2024-04-26,4.561159,4.3192186,5.3270955,5.4050083,4.381256,8.800000190734863
Wajo,2024-04-28,2024-04-27,6.1726913,6.4852285,7.371045,7.9912367,6.6435337,15.5
Wajo,2024-04-29,2024-04-28,9.571496,8.928774,10.206207,11.806585,11.459836,104.70000457763672
Wajo,2024-04-30,2024-04-29,24.65983,21.88529,14.835537,33.762962,25.703983,6.499999523162842
Wajo,2024-05-01,2024-04-30,5.4901385,3.502548,0.5515578,5.955657,4.8559093,2.299999713897705
Wajo,2024-05-02,2024-05-01,3.0681822,7.705662,7.984767,10.039713,8.818305,19.89999961853028
Wajo,2024-05-03,2024-05-02,5.604876,8.203446,12.09951,14.480737,10.249068,9.299999237060549
Wajo,2024-05-04,2024-05-03,5.9245634,4.9400635,3.0839221,6.0222025,4.9312506,27.00000190734864
Wajo,2024-05-05,2024-05-04,7.279684,10.847106,8.751009,13.122881,11.781223,16.700000762939453
Wajo,2024-05-06,2024-05-05,5.9098587,7.5568066,7.8025856,10.643325,8.736297,5.299999713897705
Wajo,2024-05-07,2024-05-06,4.8420467,5.9449263,6.191655,7.0474463,6.369232,0.2000000029802322
Wajo,2024-05-08,2024-05-07,3.791137,4.8219385,2.3639994,3.8807058,3.227108,10.400001525878906
Wajo,2024-05-09,2024-05-08,9.15245,9.647382,6.2687607,9.08905,8.145369,0.5
Wajo,2024-05-10,2024-05-09,3.122744,3.041052,3.5714865,3.58597,3.1867664,0.7000000476837158
Wajo,2024-05-11,2024-05-10,2.9634655,1.0830976,3.3485036,3.8731897,3.3138394,0.5
Wajo,2024-05-12,2024-05-11,3.0121496,3.6981354,2.991425,4.9785423,4.1424174,3.3999998569488525
Wajo,2024-05-13,2024-05-12,5.9020333,4.6462607,4.4073935,7.111682,6.173613,0.9000000953674316
Wajo,2024-05-14,2024-05-13,3.6213984,2.698707,3.0553188,4.9229145,4.0373735,0.1000000014901161
Wajo,2024-05-15,2024-05-14,2.353468,2.29007,1.9712077,4.2843795,3.215892,5.999999523162842
Wajo,2024-05-16,2024-05-15,7.7224054,4.8411846,7.0322704,7.25972,6.5730495,2.700000047683716
Wajo,2024-05-17,2024-05-16,4.367238,3.5876224,4.0414925,4.66545,4.360671,2.5999999046325684
Wajo,2024-05-18,2024-05-17,3.4891806,2.1745043,4.1915746,3.8686166,3.7262573,1.900000095367432
Wajo,2024-05-19,2024-05-18,3.3144097,3.075463,3.670802,3.662239,3.3473303,0.4000000059604645
Wajo,2024-05-20,2024-05-19,3.5982451,2.6749282,3.89969,4.116711,4.976504,0.4000000059604645
Wajo,2024-05-21,2024-05-20,3.0816288,2.662073,3.7925434,4.227104,4.870545,1.2000000476837158
Wajo,2024-05-22,2024-05-21,4.439983,2.5271294,4.1055484,4.147812,4.906625,16.399999618530273
Wajo,2024-05-23,2024-05-22,15.533671,14.298205,14.677821,16.025112,15.588691,4.199999809265137
Wajo,2024-05-24,2024-05-23,5.7648077,4.871869,5.9530067,6.8189754,4.1244707,1.5000001192092896
Wajo,2024-05-25,2024-05-24,3.1258023,3.2864861,4.459467,5.459656,3.1396556,6.0
Wajo,2024-05-26,2024-05-25,7.5776577,6.2061796,7.1584635,8.960616,6.40131,8.300000190734863
Wajo,2024-05-27,2024-05-26,9.737797,8.489369,6.5778418,7.95961,6.1900053,0.7000000476837158
Wajo,2024-05-28,2024-05-27,3.1278925,1.0647614,1.8267243,1.8136039,1.1399479,2.399999618530273
Wajo,2024-05-29,2024-05-28,4.782112,1.3492996,3.3395376,3.0311077,2.4085982,2.6000001430511475
Wajo,2024-05-30,2024-05-29,4.7702646,1.6710429,4.6853733,4.144253,4.2955856,6.499999523162842
Wajo,2024-05-31,2024-05-30,8.433701,5.02187,7.166935,6.2165093,7.079072,0.7000000476837158
Wajo,2024-06-01,2024-05-31,2.4569726,1.1044725,2.5317307,2.0943563,2.5386395,2.1999998092651367
Wajo,2024-06-02,2024-06-01,3.3929915,0.20907807,3.356206,2.9842515,3.1226068,3.1999993324279785
Wajo,2024-06-03,2024-06-02,3.4726481,0.25642467,4.6176,4.291883,3.9627414,19.200000762939453
Wajo,2024-06-04,2024-06-03,9.346917,7.7710667,7.866186,9.632714,8.782485,3.1999998092651367
Wajo,2024-06-05,2024-06-04,4.138931,4.355507,5.5759163,5.126142,5.443075,1.100000023841858
Wajo,2024-06-06,2024-06-05,3.1169767,1.930687,3.6203241,3.5811481,3.315301,0.3000000119209289
Wajo,2024-06-07,2024-06-06,1.8057301,1.7424634,2.761919,2.837469,2.0297096,0.6000000238418579
Wajo,2024-06-08,2024-06-07,2.1936677,2.0665565,1.276832,1.9774303,1.3879923,6.399999618530273
Wajo,2024-06-09,2024-06-08,6.460435,4.70905,3.3877776,4.810895,3.2699409,1.4000000953674316
Wajo,2024-06-10,2024-06-09,2.135402,1.728989,0.75716186,1.5665729,0.12689471,0.0
Wajo,2024-06-11,2024-06-10,0.9685302,1.0274557,0.6917201,0.9712572,0.47574937,8.200000762939453
Wajo,2024-06-12,2024-06-11,6.4767723,6.492899,5.848378,6.9744473,6.282425,2.5999999046325684
Wajo,2024-06-13,2024-06-12,2.2924674,2.5508149,2.8825898,3.274446,3.0130796,0.4000000059604645
Wajo,2024-06-14,2024-06-13,0.4806757,0.11470389,1.6630323,1.5967697,1.2180513,1.4000000953674316
Wajo,2024-06-15,2024-06-14,1.8579435,1.3023009,2.323609,2.4664779,2.0748832,0.8000000715255737
Wajo,2024-06-16,2024-06-15,0.5572907,0.15029788,1.3037012,1.4507976,1.340883,1.2000000476837158
Wajo,2024-06-17,2024-06-16,1.7743562,2.1018872,1.8112805,1.915802,1.5455923,1.3000000715255735
Wajo,2024-06-18,2024-06-17,1.4516126,1.9941062,1.7326963,1.4194207,1.2242376,0.5
Wajo,2024-06-19,2024-06-18,1.3461969,1.7110721,0.9001396,0.73326135,0.5460863,0.7000000476837158
Wajo,2024-06-20,2024-06-19,1.2655555,1.3734,0.83935475,0.5007094,0.33589637,0.1000000014901161
Wajo,2024-06-21,2024-06-20,0.56957626,0.1545074,0.3166529,0.1119113,-0.14896631,1.500000238418579
Wajo,2024-06-22,2024-06-21,1.4115366,0.944072,1.5055041,0.7907841,0.8742759,1.4000000953674316
Wajo,2024-06-23,2024-06-22,1.2166624,1.358687,1.262974,1.0358671,0.9366654,2.000000238418579
Wajo,2024-06-24,2024-06-23,2.1102147,1.2241552,1.7668612,1.9580009,1.6309656,0.4000000059604645
Wajo,2024-06-25,2024-06-24,0.50628746,1.0703222,1.3446145,1.1789334,1.1444649,4.900000095367432
Wajo,2024-06-26,2024-06-25,2.5454803,4.6413116,5.079928,4.8328853,4.8290753,2.3999998569488525
Wajo,2024-06-27,2024-06-26,2.3816705,3.0515473,3.0569336,3.272622,3.2005801,0.5
Wajo,2024-06-28,2024-06-27,0.79566157,1.02603,1.1504184,1.2677444,0.79382443,5.099999904632568
Wajo,2024-06-29,2024-06-28,3.0342786,2.3698776,5.338333,4.4645114,4.4236774,8.30000114440918
Wajo,2024-06-30,2024-06-29,3.7782483,4.7812057,5.940364,5.381596,4.669366,3.6000001430511475
Wajo,2024-07-01,2024-06-30,1.931167,2.352069,4.396364,3.6543589,3.0585504,9.90000057220459
Wajo,2024-07-02,2024-07-01,5.168202,1.9770461,6.9681044,6.2166247,6.4575424,32.0
Wajo,2024-07-03,2024-07-02,7.058819,5.437174,6.547142,10.47012,8.561743,18.70000457763672
Wajo,2024-07-04,2024-07-03,5.036005,4.373171,3.4467874,5.69172,4.7872224,0.3000000119209289
Wajo,2024-07-05,2024-07-04,0.88000286,2.882561,1.8085095,1.9296921,2.3696814,5.399999618530273
Wajo,2024-07-06,2024-07-05,1.05158,4.3692284,3.702595,4.5149074,3.6001792,1.0
Wajo,2024-07-07,2024-07-06,0.5358163,2.4096465,1.6355753,1.5817182,1.8642803,1.6000001430511477
Wajo,2024-07-08,2024-07-07,1.1845527,2.168102,2.3872342,2.2434807,2.1823149,2.899999618530273
Wajo,2024-07-09,2024-07-08,1.7910229,2.6404033,2.6649973,2.9722009,2.7296257,3.0999999046325684
Wajo,2024-07-10,2024-07-09,1.9250677,2.920696,2.9869447,3.0545774,3.318343,0.2000000029802322
Wajo,2024-07-11,2024-07-10,0.6489477,1.6348408,1.0153314,1.3739837,1.2876295,0.3000000119209289
Wajo,2024-07-12,2024-07-11,0.3573557,1.3930207,0.7450743,0.78814995,0.54646444,0.2000000029802322
Wajo,2024-07-13,2024-07-12,0.22537565,1.2197882,0.48212945,0.55297434,0.33054745,1.2000000476837158
Wajo,2024-07-14,2024-07-13,1.2285712,1.8385899,1.5132513,1.592793,1.2442716,1.0
Wajo,2024-07-15,2024-07-14,0.8060256,1.203942,0.90011144,1.6222314,1.0690224,2.6999995708465576
Wajo,2024-07-16,2024-07-15,2.727599,2.6199353,2.094375,2.6052513,2.2504847,0.8
Wajo,2024-07-17,2024-07-16,0.82737756,1.2192043,0.711022,1.5398052,0.9293865,0.3
Wajo,2024-07-18,2024-07-17,0.32600224,0.4716189,0.14462304,0.6767217,0.58934855,0.0
Wajo,2024-07-19,2024-07-18,0.030346155,-0.06414461,0.22625709,0.45813477,0.37479413,0.0
Wajo,2024-07-20,2024-07-19,-0.25007534,-0.33036423,0.2641847,0.33713138,0.28599644,0.0
Wajo,2024-07-21,2024-07-20,-0.45898294,-0.3204069,0.20479846,0.3173902,0.17051554,1.1000001
Wajo,2024-07-22,2024-07-21,1.1298954,0.5270436,1.1837809,1.0586643,1.1271935,1.0
Wajo,2024-07-23,2024-07-22,1.0319334,0.86128235,1.507972,1.5809569,1.5744894,0.6
Wajo,2024-07-24,2024-07-23,0.6287606,0.49488032,1.0221633,1.0353385,1.0852937,1.9000001
Wajo,2024-07-25,2024-07-24,1.9295741,1.4991608,1.966444,2.0462604,2.1314993,8.099999
Wajo,2024-07-26,2024-07-25,8.131913,5.057564,4.9263754,5.6057444,5.1819496,6.0999994
Wajo,2024-07-27,2024-07-26,6.1392803,4.9754577,3.2404327,4.948008,3.7288215,1.1
Wajo,2024-07-28,2024-07-27,1.1384361,1.2889904,1.4815919,1.8549774,0.7823628,5.3999996
Wajo,2024-07-29,2024-07-28,5.439191,3.7925055,3.7913494,4.25813,2.5756009,0.5
Wajo,2024-07-30,2024-07-29,0.53973234,0.5800952,0.87078047,1.101766,0.4211756,1.5000001
Wajo,2024-07-31,2024-07-30,1.5438981,1.2430974,1.0882263,1.3734956,1.1425799,0.70000005
Wajo,2024-08-01,2024-07-31,0.73980117,0.26007414,0.9024223,0.7898598,0.5648196,0.90000004
Wajo,2024-08-02,2024-08-01,0.9367546,0.51438403,0.95054007,0.96421695,0.8621261,3.5
Wajo,2024-08-03,2024-08-02,3.5383487,2.576473,2.6078498,3.2339382,3.313988,1.0
Wajo,2024-08-04,2024-08-03,1.0404142,1.1258533,1.0873458,1.1823806,1.2132105,0.3
Wajo,2024-08-05,2024-08-04,0.33242607,0.65312946,0.44900382,0.48861504,0.48237526,2.2
Wajo,2024-08-06,2024-08-05,2.2298372,1.6703614,2.0058584,2.2061536,2.1405141,5.7
Wajo,2024-08-07,2024-08-06,3.610425,3.9423685,2.7067795,3.5982277,3.5924785,0.2
Wajo,2024-08-08,2024-08-07,0.23624325,1.0220007,0.29859614,0.44834387,0.27468395,1.2
Wajo,2024-08-09,2024-08-08,1.2302643,1.7284149,1.3731921,1.3597581,1.3800812,0.0
Wajo,2024-08-10,2024-08-09,0.021735907,0.6101434,0.1437273,0.15565062,0.15243459,0.0
Wajo,2024-08-11,2024-08-10,0.015253782,0.37282753,0.095398426,0.10146022,0.15123987,0.3
Wajo,2024-08-12,2024-08-11,0.3187431,0.6217431,0.3766502,0.41052675,0.4841441,0.7
Wajo,2024-08-13,2024-08-12,0.7123314,0.99546075,0.8255533,0.8496275,0.82815003,0.2
Wajo,2024-08-14,2024-08-13,0.2091713,0.6166972,0.35049403,0.35594356,0.31599903,0.0
Wajo,2024-08-15,2024-08-14,0.009420395,0.34299457,0.15020442,0.1938045,0.07588363,0.0
Wajo,2024-08-16,2024-08-15,0.008420229,0.2420106,0.17342186,0.06752634,0.06731033,0.0
Wajo,2024-08-17,2024-08-16,-0.010572195,0.19678497,0.10782266,0.11659336,0.00736475,1.3000001
Wajo,2024-08-18,2024-08-17,1.2931299,1.6827152,1.3643507,1.3119884,1.2912223,0.0
Wajo,2024-08-19,2024-08-18,-0.009226799,0.2870109,0.034781694,0.076449156,0.021279573,1.8000001
Wajo,2024-08-20,2024-08-19,1.8126949,1.6400187,1.5295618,1.4973509,1.6612699,0.0
Wajo,2024-08-21,2024-08-20,0.0053577423,0.08227539,0.07566166,0.12921095,0.035113573,0.6
Wajo,2024-08-22,2024-08-21,0.5992938,0.38216543,0.6489425,0.6110971,0.59739506,1.0
Wajo,2024-08-23,2024-08-22,1.0073375,0.5564774,0.8661374,0.9077358,0.9388629,0.2
Wajo,2024-08-24,2024-08-23,0.21379495,0.10955405,0.28313565,0.23386359,0.17640853,0.4
Wajo,2024-08-25,2024-08-24,0.40579188,-0.27497125,0.4558128,0.46988332,0.35589862,0.70000005
Wajo,2024-08-26,2024-08-25,0.702152,-0.1408422,0.70092344,0.7763231,0.62277424,5.2
Wajo,2024-08-27,2024-08-26,2.6038015,0.97160804,3.7173212,2.5512648,3.0549655,0.1
Wajo,2024-08-28,2024-08-27,0.12274909,-0.012656689,0.1421907,0.23295832,0.08348584,0.1
Wajo,2024-08-29,2024-08-28,0.102320194,0.44589424,0.17764401,0.21146607,0.17009592,0.0
Wajo,2024-08-30,2024-08-29,-0.0045216084,0.3493588,0.11767864,0.07467508,0.14183092,4.8
Wajo,2024-08-31,2024-08-30,3.0758066,2.9241304,1.4498214,1.8752794,2.083003,0.6
Wajo,2024-09-01,2024-08-31,0.62602115,1.0649146,0.68126845,0.27107954,0.075724125,3.8
Wajo,2024-09-02,2024-09-01,3.505278,1.4246619,2.381998,2.3670857,2.383932,0.3
Wajo,2024-09-03,2024-09-02,0.3068118,0.2614038,0.324098,0.3403219,0.41661215,0.0
Wajo,2024-09-04,2024-09-03,0.013559103,0.18448448,0.066474915,0.1412003,0.14501047,0.3
Wajo,2024-09-05,2024-09-04,0.31874728,0.33931983,0.39930403,0.53110313,0.48630452,0.70000005
Wajo,2024-09-06,2024-09-05,0.7102425,0.81938565,0.6433778,0.7083944,0.7586194,1.9000001
Wajo,2024-09-07,2024-09-06,1.9153938,1.6141169,1.5514977,1.6309457,1.6887394,3.2999997
Wajo,2024-09-08,2024-09-07,3.3243763,2.7509177,2.4606724,1.9926854,2.1006854,2.7
Wajo,2024-09-09,2024-09-08,2.7263277,2.3061283,2.3496032,2.0187964,2.3975053,0.0
Wajo,2024-09-10,2024-09-09,0.016525984,0.53364956,0.04730034,0.31694603,0.29908514,0.0
Wajo,2024-09-11,2024-09-10,0.017716885,0.34365797,0.11802387,0.24806094,0.2372787,0.0
Wajo,2024-09-12,2024-09-11,0.028003454,0.31196177,0.15276694,0.14189267,0.16673541,0.4
Wajo,2024-09-13,2024-09-12,0.41839552,0.501433,0.5523124,0.54111683,0.5125706,0.1
Wajo,2024-09-14,2024-09-13,0.09824729,0.15459108,0.14844131,0.21675849,0.18469095,0.0
Wajo,2024-09-15,2024-09-14,-0.0070750713,0.004356861,0.028463125,0.009952068,0.040978193,0.0
Wajo,2024-09-16,2024-09-15,0.0058324337,0.042334795,0.018546581,-0.01640129,0.0072767735,0.2
Wajo,2024-09-17,2024-09-16,0.20486712,0.25077176,0.16595078,0.18904781,0.1411674,0.1
Wajo,2024-09-18,2024-09-17,0.110699415,0.13572669,0.15791798,0.22254896,0.09311628,1.3000001
Wajo,2024-09-19,2024-09-18,1.322785,1.3478272,0.9741795,1.4393182,1.3314939,0.0
Wajo,2024-09-20,2024-09-19,0.029399395,0.22810817,0.35654318,0.28927565,0.16800451,2.1
Wajo,2024-09-21,2024-09-20,2.1353562,2.0223684,2.4022372,2.096099,2.1909916,1.2
Wajo,2024-09-22,2024-09-21,1.23624,1.0648193,1.2520282,0.9849,0.87920916,12.0
Wajo,2024-09-23,2024-09-22,2.999733,3.0834286,3.0937417,3.739328,4.1379137,4.6
Wajo,2024-09-24,2024-09-23,3.5083804,1.2093788,3.4920855,2.9972353,3.6621149,5.2
Wajo,2024-09-25,2024-09-24,2.9543123,1.9363219,2.7282372,3.1351647,4.18577,2.6000001
Wajo,2024-09-26,2024-09-25,2.272174,1.445704,4.269741,3.3270953,4.015314,2.0000002
Wajo,2024-09-27,2024-09-26,1.7338791,1.7216916,3.2828448,2.8049695,3.0593057,1.2
Wajo,2024-09-28,2024-09-27,1.2562486,1.5741299,2.190028,1.8719859,1.8702674,2.4999998
Wajo,2024-09-29,2024-09-28,2.5518239,2.147195,2.8317883,2.7296243,2.8409305,2.1
Wajo,2024-09-30,2024-09-29,1.8971447,2.1113677,1.987844,2.3360083,2.2758226,0.1
Wajo,2024-10-01,2024-09-30,0.15281868,0.83686924,0.32463074,0.8078568,0.68809164,4.3999996
Wajo,2024-10-02,2024-10-01,2.5917463,2.535026,2.3121946,2.7620218,3.760066,1.2
Wajo,2024-10-03,2024-10-02,1.2530966,1.124623,1.1331823,0.7976116,0.95726323,4.7999997
Wajo,2024-10-04,2024-10-03,3.3821297,2.1533487,3.0237002,2.45557,2.3369193,1.8000002
Wajo,2024-10-05,2024-10-04,1.8534229,1.1573762,2.5815802,1.6089399,1.8758165,0.2
Wajo,2024-10-06,2024-10-05,0.2546389,1.0073624,0.8403126,0.64608955,0.74855936,0.1
Wajo,2024-10-07,2024-10-06,0.15266943,0.8820622,0.4766649,0.52561677,0.4444356,0.2
Wajo,2024-10-08,2024-10-07,0.24904442,0.7798854,0.35705674,0.3949834,0.4215938,0.8
Wajo,2024-10-09,2024-10-08,0.850312,1.4261191,1.4577436,1.6903906,1.8650934,5.6000004
Wajo,2024-10-10,2024-10-09,5.6532316,3.9936051,4.799015,5.595957,5.524121,4.5999994
Wajo,2024-10-11,2024-10-10,4.6513815,2.7288127,3.9651983,5.201252,4.6950893,28.8
Wajo,2024-10-12,2024-10-11,6.815466,5.3558693,4.573844,10.028394,8.174319,0.5
Wajo,2024-10-13,2024-10-12,0.55167866,0.68387544,0.595878,2.691072,3.3953872,2.7999997
Wajo,2024-10-14,2024-10-13,2.8524292,2.819692,2.414575,4.2259407,3.9230955,4.3999996
Wajo,2024-10-15,2024-10-14,4.4509497,2.585154,2.0153258,2.8462582,2.0088143,3.5
Wajo,2024-10-16,2024-10-15,3.5489254,3.687266,4.874164,4.687558,3.6764143,1.7000002
Wajo,2024-10-17,2024-10-16,1.7488158,2.4138012,3.690969,3.1194181,2.6932178,1.1
Wajo,2024-10-18,2024-10-17,1.1497704,2.0903077,3.3147407,2.6205435,2.6837633,2.1
Wajo,2024-10-19,2024-10-18,2.14816,2.5472836,3.4154344,3.1076798,3.2877676,1.6
Wajo,2024-10-20,2024-10-19,1.6457603,2.8830466,2.779717,3.160765,2.9833655,8.6
Wajo,2024-10-21,2024-10-20,8.646695,5.1026435,5.1669254,6.0087137,5.433968,8.300001
Wajo,2024-10-22,2024-10-21,7.7028275,4.62929,3.991304,5.5026016,4.6677856,0.4
Wajo,2024-10-23,2024-10-22,0.4444852,2.2803001,2.953504,2.6076598,2.564154,0.70000005
Wajo,2024-10-24,2024-10-23,0.7461176,1.0674498,2.5493598,2.44801,2.2290444,0.6
Wajo,2024-10-25,2024-10-24,0.6454761,2.0033758,2.2826548,2.5558202,2.2212415,0.7
Wajo,2024-10-26,2024-10-25,0.743487,1.3225065,1.1438236,1.8977108,1.1082302,0.0
Wajo,2024-10-27,2024-10-26,0.043459177,1.3716078,0.869385,1.1637443,1.1086935,0.0
Wajo,2024-10-28,2024-10-27,0.04443574,1.3696353,1.0660394,1.3717709,1.4587842,0.5
Wajo,2024-10-29,2024-10-28,0.5416119,1.8350401,1.5107484,2.0174286,1.990209,0.4
Wajo,2024-10-30,2024-10-29,0.87681556,1.6427219,1.4448384,1.7973979,1.628479,0.3
Wajo,2024-10-31,2024-10-30,0.4898882,1.2314488,1.8585505,1.720473,1.6200264,1.5000001
Wajo,2024-11-01,2024-10-31,1.5372019,2.3474615,3.384869,2.8319628,3.250642,14.900001
Wajo,2024-11-02,2024-11-01,5.3738604,6.766899,5.50376,8.57705,6.8616676,1.1
Wajo,2024-11-03,2024-11-02,0.35625482,2.3751178,2.9515672,3.6822019,3.3721218,12.3
Wajo,2024-11-04,2024-11-03,4.7729197,5.181226,5.2314196,7.7043667,6.7346764,2.2
Wajo,2024-11-05,2024-11-04,0.48772144,2.5917454,3.8640747,4.5978003,3.1500943,0.2
Wajo,2024-11-06,2024-11-05,1.7065024,2.2260957,2.9086688,2.9169831,2.5113256,0.8
Wajo,2024-11-07,2024-11-06,2.5290353,3.2603319,3.0212739,2.7054794,2.7108536,5.3
Wajo,2024-11-08,2024-11-07,4.457319,5.424031,7.0614834,5.6141124,5.516883,7.5999994
Wajo,2024-11-09,2024-11-08,6.5115347,5.9576135,7.721328,6.5915337,5.5718737,0.90000004
Wajo,2024-11-10,2024-11-09,3.2805834,3.7594748,2.9136577,2.9789422,2.814017,10.5
Wajo,2024-11-11,2024-11-10,9.71101,7.841647,4.0845346,6.3239336,6.4422293,10.1
Wajo,2024-11-12,2024-11-11,10.99422,7.8285217,2.2342544,5.0732307,4.8158774,5.9999995
Wajo,2024-11-13,2024-11-12,7.16236,5.4278746,2.7714422,4.9841413,4.5114293,0.5
Wajo,2024-11-14,2024-11-13,3.0341763,2.8990011,2.270465,2.9623241,2.8545134,5.6
Wajo,2024-11-15,2024-11-14,6.026251,5.853917,2.6903217,4.425893,4.597837,7.0000005
Wajo,2024-11-16,2024-11-15,6.905553,6.8285074,4.188622,5.213274,4.6733475,8.599999
Wajo,2024-11-17,2024-11-16,7.1280994,6.8160324,4.774804,6.3791094,5.503022,15.8
Wajo,2024-11-18,2024-11-17,7.8838806,5.5497875,7.3486767,8.851646,7.3629627,18.9
Wajo,2024-11-19,2024-11-18,6.784029,5.961928,9.808551,11.599405,10.501667,8.1
Wajo,2024-11-20,2024-11-19,5.7534723,5.4591293,7.881482,7.937481,8.163552,20.5
Wajo,2024-11-21,2024-11-20,9.091215,7.373212,7.3217316,9.331021,8.688573,6.4
Wajo,2024-11-22,2024-11-21,3.7642603,6.0057697,5.8956394,7.0863285,7.456172,4.4999995
Wajo,2024-11-23,2024-11-22,3.580008,6.042989,5.271407,6.97752,7.1329937,11.099999
Wajo,2024-11-24,2024-11-23,5.0972595,6.812435,4.873602,6.956272,7.4507284,7.3
Wajo,2024-11-25,2024-11-24,4.468176,6.102707,4.2881107,6.3509693,6.481247,7.2
Wajo,2024-11-26,2024-11-25,3.8509073,4.0120153,3.4880824,6.022085,5.4223986,10.1
Wajo,2024-11-27,2024-11-26,7.7170715,4.6398635,6.155589,7.7778053,7.3352327,7.4
Wajo,2024-11-28,2024-11-27,6.286307,4.231165,6.451647,6.6400337,6.3003206,2.0
Wajo,2024-11-29,2024-11-28,3.6082082,4.46865,4.7574244,4.274477,4.754033,7.2
Wajo,2024-11-30,2024-11-29,5.742652,7.858595,7.1688747,6.903426,6.7561398,8.500001
Wajo,2024-12-01,2024-11-30,6.2179317,8.4528055,8.117655,7.909446,7.8208246,8.2
Wajo,2024-12-02,2024-12-01,6.4257536,7.519409,7.3994884,7.9088135,7.6510506,2.0
Wajo,2024-12-03,2024-12-02,3.4059796,4.586184,3.974691,4.1044245,3.6139257,24.1
Wajo,2024-12-04,2024-12-03,8.818244,9.755816,7.841217,12.681401,8.6584835,0.8
Wajo,2024-12-05,2024-12-04,2.8220296,4.608482,4.161791,5.150408,3.9726267,2.6000004
Wajo,2024-12-06,2024-12-05,4.3797197,5.2882867,3.6435657,5.0154123,2.5223725,3.5000002
Wajo,2024-12-07,2024-12-06,5.1482115,5.0485067,3.9265022,4.7810774,1.289179,0.3
Wajo,2024-12-08,2024-12-07,2.5517118,2.016168,0.8908675,1.6134179,0.10031533,0.0
Wajo,2024-12-09,2024-12-08,2.3376777,1.7632828,0.89656806,1.5122554,0.70199466,1.6
Wajo,2024-12-10,2024-12-09,2.7750957,2.3294919,2.1209455,2.388476,0.53417444,2.0
Wajo,2024-12-11,2024-12-10,2.7316136,2.3580554,1.2443122,2.0696583,-0.26732826,0.1
Wajo,2024-12-12,2024-12-11,2.5841258,1.2334642,0.7833984,1.0772814,-0.3802197,2.1
Wajo,2024-12-13,2024-12-12,3.8814912,2.4310796,1.7162929,2.4047103,0.5689726,11.000001
Wajo,2024-12-14,2024-12-13,8.535422,7.0387497,5.502988,7.1323786,4.2256446,0.1
Wajo,2024-12-15,2024-12-14,2.1975746,2.5702322,1.9571881,1.6195401,0.7207501,0.4
Wajo,2024-12-16,2024-12-15,2.266135,1.9194951,2.2427208,1.9383596,0.83729553,0.0
Wajo,2024-12-17,2024-12-16,2.098767,2.1223164,1.2942207,1.3068147,0.6610341,0.3
Wajo,2024-12-18,2024-12-17,2.4648676,1.6540651,0.89242125,0.93872213,0.7345439,7.6000004
Wajo,2024-12-19,2024-12-18,8.417484,6.4095573,6.7125683,6.579939,5.1294527,19.200003
Wajo,2024-12-20,2024-12-19,12.239879,10.128644,7.8144407,7.948477,4.6868563,7.1
Wajo,2024-12-21,2024-12-20,7.9347258,7.065422,5.784049,5.738103,3.5274873,17.100002
Wajo,2024-12-22,2024-12-21,10.297473,7.6129274,6.343999,8.068351,5.0329113,1.6000001
Wajo,2024-12-23,2024-12-22,2.8864083,5.0586257,4.9307747,4.9667263,2.4509072,0.5
Wajo,2024-12-24,2024-12-23,2.126388,3.37282,2.295919,2.74148,1.6872303,1.0
Wajo,2024-12-25,2024-12-24,2.8971963,3.9529357,2.495007,2.8424072,2.1360674,0.6
Wajo,2024-12-26,2024-12-25,2.739492,2.27179,1.3933899,1.9966167,0.9424406,0.0
Wajo,2024-12-27,2024-12-26,2.2324944,1.1722746,0.6812595,1.173924,0.68953025,0.5
Wajo,2024-12-28,2024-12-27,2.486662,1.1825501,0.7347839,0.6925806,0.6378834,4.8
Wajo,2024-12-29,2024-12-28,5.7526493,3.0055678,3.187149,3.579524,2.8497615,0.7
Wajo,2024-12-30,2024-12-29,2.7012084,1.3292217,2.1511738,1.7159963,1.8598051,0.2
Wajo,2024-12-31,2024-12-30,2.1410024,0.88970673,1.3864152,0.9380646,1.0205706,12.800001
Wajo,2025-01-01,2024-12-31,8.927508,4.9213943,5.148826,6.418023,6.1354256,0.1
Wajo,2025-01-02,2025-01-01,1.5293211,1.8877451,2.8588579,2.239786,1.1714551,1.4000001
Wajo,2025-01-03,2025-01-02,3.0663295,2.9443827,2.3752413,2.7910676,2.4265194,9.000003
Wajo,2025-01-04,2025-01-03,9.469211,7.1811485,5.584536,6.3224974,5.691824,0.0
Wajo,2025-01-05,2025-01-04,2.3044434,2.0964143,1.1194803,1.7126262,1.3852627,1.3
Wajo,2025-01-06,2025-01-05,3.494156,3.555718,1.8439875,3.0718718,3.1148353,1.2
Wajo,2025-01-07,2025-01-06,3.5281081,2.7700114,1.4834044,2.0483832,1.63582,4.0
Wajo,2025-01-08,2025-01-07,6.335881,4.5122557,5.027492,4.794238,4.654171,4.2000003
Wajo,2025-01-09,2025-01-08,6.5922756,4.7003217,6.750738,6.0652523,6.5189686,0.2
Wajo,2025-01-10,2025-01-09,3.0560355,1.6632731,1.8013918,2.0592186,2.0106976,1.3000001
Wajo,2025-01-11,2025-01-10,3.3450575,2.1517806,0.5909742,1.7431687,1.2945284,2.8999999
Wajo,2025-01-12,2025-01-11,4.757408,3.717451,2.984986,3.5738633,3.0805278,2.4
Wajo,2025-01-13,2025-01-12,3.9390118,2.8131733,3.5186362,3.5841336,3.2492666,3.6999998
Wajo,2025-01-14,2025-01-13,5.043239,3.841775,3.7284715,4.1843333,3.7328238,12.4
Wajo,2025-01-15,2025-01-14,9.347145,4.116245,4.668456,6.1260967,4.6352253,12.900001
Wajo,2025-01-16,2025-01-15,10.247088,5.4119267,5.58505,6.576539,5.6924458,2.4999998
Wajo,2025-01-17,2025-01-16,3.9152544,3.4517846,4.528103,3.7736287,3.0417385,0.0
Wajo,2025-01-18,2025-01-17,1.2817284,1.7188134,2.917998,1.6318653,1.8560659,0.2
Wajo,2025-01-19,2025-01-18,1.7183839,1.895087,2.8854814,2.2679086,2.2463834,13.800001
Wajo,2025-01-20,2025-01-19,9.006383,6.2740383,5.910722,7.4270506,5.382292,1.8000001
Wajo,2025-01-21,2025-01-20,3.517558,2.8197165,1.5996814,2.8705297,1.7683568,9.6
Wajo,2025-01-22,2025-01-21,7.605689,6.068918,3.658294,5.49908,5.020246,20.699999
Wajo,2025-01-23,2025-01-22,8.115825,4.1218414,6.648492,8.1207695,7.1578903,18.1
Wajo,2025-01-24,2025-01-23,6.882965,5.623912,8.083916,9.665367,8.098454,8.699999
Wajo,2025-01-25,2025-01-24,4.8815374,2.620021,4.6459436,5.526883,4.3135834,17.5
Wajo,2025-01-26,2025-01-25,7.6525803,4.351823,4.887426,6.5007553,4.9182887,0.3
Wajo,2025-01-27,2025-01-26,1.3730245,3.1447473,3.759385,3.158031,3.3899088,0.6
Wajo,2025-01-28,2025-01-27,1.1030551,2.6626508,2.22272,2.0221226,2.0236585,1.7000002
Wajo,2025-01-29,2025-01-28,2.0608811,4.1166863,3.4234347,4.452607,3.169543,6.0
Wajo,2025-01-30,2025-01-29,3.9095569,5.621927,5.1056185,6.178028,4.884831,0.5
Wajo,2025-01-31,2025-01-30,0.49113083,2.981465,3.733615,3.2033467,2.7740753,2.0
Wajo,2025-02-01,2025-01-31,0.7983998,3.7865746,4.235642,4.016837,3.325019,0.0
Wajo,2025-02-02,2025-02-01,-0.89378095,1.950318,1.7053993,1.6262019,0.50282216,0.0
Wajo,2025-02-03,2025-02-02,0.44814777,1.8654321,1.41095,1.2059282,0.38835704,0.0
Wajo,2025-02-04,2025-02-03,0.36320758,1.8500882,1.4229959,1.445486,0.63460505,0.1
Wajo,2025-02-05,2025-02-04,1.1527708,1.9404366,1.2946495,1.344105,0.697947,0.4
Wajo,2025-02-06,2025-02-05,1.1999884,1.4535483,0.95104945,1.2304819,0.9214088,1.3000001
Wajo,2025-02-07,2025-02-06,2.1592722,2.3917003,1.8247379,2.5955014,1.782722,2.2999997
Wajo,2025-02-08,2025-02-07,2.639289,3.0937057,2.7057178,2.7735865,2.3141198,2.1
Wajo,2025-02-09,2025-02-08,1.9102688,2.9068422,2.147673,2.4790127,1.861617,7.899999
Wajo,2025-02-10,2025-02-09,4.53133,6.0064855,4.8211823,4.4257994,4.208295,1.1
Wajo,2025-02-11,2025-02-10,1.8974037,2.4707923,2.997396,2.1716843,2.1994476,0.70000005
Wajo,2025-02-12,2025-02-11,1.4468117,2.1593578,2.896573,2.21483,2.3190963,1.5999999
Wajo,2025-02-13,2025-02-12,1.1201514,2.581309,3.825566,3.1680114,3.1776803,1.0
Wajo,2025-02-14,2025-02-13,1.781642,1.983213,2.815008,2.4346156,2.361288,0.5
Wajo,2025-02-15,2025-02-14,1.8011646,1.2581916,1.557169,1.6168966,1.4958363,8.1
Wajo,2025-02-16,2025-02-15,4.56907,5.8221836,4.9914446,5.9388885,5.7089467,19.7
Wajo,2025-02-17,2025-02-16,7.655429,5.4864917,7.8539286,9.053945,7.959037,4.2999997
Wajo,2025-02-18,2025-02-17,4.682184,5.3627653,7.658761,7.4262104,5.9709473,10.299999
Wajo,2025-02-19,2025-02-18,5.356304,4.8820114,4.135672,4.6320844,4.374539,0.1
Wajo,2025-02-20,2025-02-19,0.5572077,3.069819,2.0542128,2.1701376,1.6939929,1.2
Wajo,2025-02-21,2025-02-20,0.6814939,2.5873737,2.4662936,2.2723281,2.1302238,0.1
Wajo,2025-02-22,2025-02-21,0.5942855,2.1623583,2.4474325,1.7238295,1.3112245,6.1
Wajo,2025-02-23,2025-02-22,1.8448564,3.734638,2.8180676,4.676153,2.9210298,4.3999996
Wajo,2025-02-24,2025-02-23,2.4949744,4.597864,4.906478,5.4290524,4.800827,22.500004
Wajo,2025-02-25,2025-02-24,9.032576,8.009695,6.6534624,9.904275,7.5049486,11.7
Wajo,2025-02-26,2025-02-25,6.3494387,6.148275,6.986082,8.42253,8.327437,2.9
Wajo,2025-02-27,2025-02-26,1.7525877,4.3119493,5.3839493,5.7374077,5.9654217,12.6
Wajo,2025-02-28,2025-02-27,3.7571273,5.9641657,6.884553,7.9345503,8.93069,6.9999995
Wajo,2025-03-01,2025-02-28,2.5097542,4.140464,5.4605055,6.61526,7.3724194,2.8000002
Wajo,2025-03-02,2025-03-01,0.993135,3.1609464,3.7107291,4.357852,4.8771963,6.2000003
Wajo,2025-03-03,2025-03-02,3.5938637,3.4833312,5.581892,6.8119373,7.438978,6.3
Wajo,2025-03-04,2025-03-03,5.1293035,3.7038376,5.0652404,6.6592607,6.8991175,6.4999995
Wajo,2025-03-05,2025-03-04,6.01159,4.88031,7.695859,7.8861513,7.9301844,25.700005
Wajo,2025-03-06,2025-03-05,7.4436216,2.2262187,7.7323284,9.901256,9.807503,4.8999996
Wajo,2025-03-07,2025-03-06,3.005072,2.0990896,7.319909,6.006913,7.0511255,4.5999994
Wajo,2025-03-08,2025-03-07,5.2305136,3.8644967,8.509528,7.897496,8.235813,11.8
Wajo,2025-03-09,2025-03-08,5.337347,5.4913855,8.321011,9.373748,9.208115,35.1
Wajo,2025-03-10,2025-03-09,8.582234,9.62402,9.328895,14.215795,11.757827,18.700003
Wajo,2025-03-11,2025-03-10,7.1322746,4.9378796,9.317169,11.567195,10.834936,2.4
Wajo,2025-03-12,2025-03-11,2.7732391,4.31891,7.105098,6.813966,7.2908792,11.6
Wajo,2025-03-13,2025-03-12,5.6652937,6.2063136,8.996199,9.765095,8.407059,4.4999995
Wajo,2025-03-14,2025-03-13,4.731145,4.238789,6.1930933,6.3774834,6.0350003,2.8999999
Wajo,2025-03-15,2025-03-14,3.1289449,3.4856591,3.7948105,3.2678561,3.7055056,12.200001
Wajo,2025-03-16,2025-03-15,4.7259398,4.4011006,6.9182186,7.1793976,6.9497814,6.1
Wajo,2025-03-17,2025-03-16,3.6709764,2.7860904,6.7643394,6.365309,6.3050222,3.4999998
Wajo,2025-03-18,2025-03-17,2.5305645,3.8170054,6.1634054,5.8398037,5.9964113,0.6
Wajo,2025-03-19,2025-03-18,0.8792039,2.2025228,2.7414126,2.8212206,2.5766377,7.8999996
Wajo,2025-03-20,2025-03-19,4.2447367,6.10161,7.092634,7.840481,7.815607,2.0
Wajo,2025-03-21,2025-03-20,0.85192263,4.0327406,3.3666,3.5073197,3.0008962,3.1999998
Wajo,2025-03-22,2025-03-21,1.3454454,3.8588548,3.9655395,4.312849,2.675438,1.5000001
Wajo,2025-03-23,2025-03-22,1.4350814,3.862306,3.79355,3.8457785,2.9807997,0.6
Wajo,2025-03-24,2025-03-23,0.63888097,2.590249,1.9011602,2.252518,0.9894341,0.0
Wajo,2025-03-25,2025-03-24,0.58981407,1.9242965,0.9875518,1.5332543,0.5040883,2.3
Wajo,2025-03-26,2025-03-25,0.4126519,2.6670957,3.8074365,4.025038,2.6411242,0.0
Wajo,2025-03-27,2025-03-26,0.48878872,1.3924718,1.6893184,2.317801,1.660137,0.2
Wajo,2025-03-28,2025-03-27,0.77515066,1.2187395,1.0062326,1.6545024,1.0184697,0.0
Wajo,2025-03-29,2025-03-28,1.8059735,1.5242987,1.3537213,1.7107055,1.132888,2.7
Wajo,2025-03-30,2025-03-29,4.067503,3.7633233,3.7524345,4.0640535,3.5303552,0.0
Wajo,2025-03-31,2025-03-30,1.3070407,1.5105379,1.7222029,1.5052443,1.4183362,0.1
Wajo,2025-04-01,2025-03-31,1.6815867,1.4965303,1.4545462,1.3535585,1.2677473,11.8
Wajo,2025-04-02,2025-04-01,5.4089313,9.142662,7.854911,8.562803,8.114246,0.0
Wajo,2025-04-03,2025-04-02,1.7825617,1.8311307,2.7484443,1.3680884,1.0927513,2.5
Wajo,2025-04-04,2025-04-03,2.006275,1.8598022,3.3930364,2.440243,2.0108688,1.5000001
Wajo,2025-04-05,2025-04-04,2.5697408,2.9130037,3.04669,2.9298668,2.7017722,7.7999997
Wajo,2025-04-06,2025-04-05,5.985002,5.679316,5.1412835,5.2003574,4.8204565,11.099999
Wajo,2025-04-07,2025-04-06,7.0366535,6.6523876,7.669533,6.8260794,6.137786,24.100002
Wajo,2025-04-08,2025-04-07,11.014778,8.529628,10.908124,11.067155,8.653888,10.200001
Wajo,2025-04-09,2025-04-08,7.4908066,5.5519576,7.9981384,7.776123,5.759705,13.9
Wajo,2025-04-10,2025-04-09,7.5387716,7.2121725,6.438999,7.1282825,5.8711386,1.2
Wajo,2025-04-11,2025-04-10,2.113093,3.073469,4.572234,3.2988343,2.871541,7.9999995
Wajo,2025-04-12,2025-04-11,6.8267508,5.9626694,3.7913923,5.7804585,4.639939,7.2000003
Wajo,2025-04-13,2025-04-12,7.0211315,4.9369516,4.395918,5.852513,4.6344366,22.6
Wajo,2025-04-14,2025-04-13,11.54313,7.172841,8.051405,10.654682,8.161482,23.999998
Wajo,2025-04-15,2025-04-14,11.625472,4.689094,10.189784,12.063262,9.556787,2.5
Wajo,2025-04-16,2025-04-15,3.7656803,3.6250157,6.875847,6.131753,6.1887107,11.4
Wajo,2025-04-17,2025-04-16,6.092285,4.913421,10.238664,10.001588,10.036504,0.3
Wajo,2025-04-18,2025-04-17,1.4768698,3.385284,7.042639,5.6670904,5.168195,1.5
Wajo,2025-04-19,2025-04-18,1.6203644,3.2862954,3.600836,4.102532,3.6220608,0.2
Wajo,2025-04-20,2025-04-19,1.2112383,2.8772326,2.7026365,3.1409907,2.803804,0.2
Wajo,2025-04-21,2025-04-20,1.3585172,2.0009918,2.2928765,2.278184,2.6127172,2.1
Wajo,2025-04-22,2025-04-21,3.1024308,3.764982,3.8888223,3.790305,4.2589803,8.3
Wajo,2025-04-23,2025-04-22,5.794215,7.9946423,7.1795835,7.724099,7.4532747,1.0
Wajo,2025-04-24,2025-04-23,1.5709283,2.231884,2.3591151,2.8202765,1.7738837,0.1
Wajo,2025-04-25,2025-04-24,1.658685,2.0942833,2.1641037,2.2814631,1.7106175,2.4
Wajo,2025-04-26,2025-04-25,3.1428018,3.7461314,4.294017,4.359483,3.3699224,1.5000001
Wajo,2025-04-27,2025-04-26,2.7194865,3.5309105,3.1892462,3.5238767,2.1778412,5.4999995
Wajo,2025-04-28,2025-04-27,4.544551,6.456025,4.223785,6.0433254,4.2689815,1.9000002
Wajo,2025-04-29,2025-04-28,2.725998,3.8799024,1.8080857,3.5437465,2.3819132,24.7
Wajo,2025-04-30,2025-04-29,9.386651,5.6579123,4.1355944,8.815973,7.005625,10.200001
Wajo,2025-05-01,2025-04-30,8.000996,6.805194,8.02552,8.632302,7.058096,13.0
Wajo,2025-05-02,2025-05-01,6.8654222,6.5203285,6.699131,7.0424232,6.5417194,0.1
Wajo,2025-05-03,2025-05-02,1.2327958,2.9683042,4.6068087,4.815466,5.411416,2.1
Wajo,2025-05-04,2025-05-03,3.3271413,3.9079945,4.731783,4.3246427,4.6147065,1.0000001
Wajo,2025-05-05,2025-05-04,1.8770776,2.919436,4.0815673,3.6649249,3.397486,17.5
Wajo,2025-05-06,2025-05-05,8.388902,5.916499,9.930885,10.707379,8.857475,20.5
Wajo,2025-05-07,2025-05-06,8.610729,7.6918125,10.064647,12.0399275,10.017734,22.300001
Wajo,2025-05-08,2025-05-07,10.625008,6.4438496,8.788119,12.071294,10.895047,21.1
Wajo,2025-05-09,2025-05-08,7.167096,2.6485157,8.199712,10.252244,9.2011385,11.000001
Wajo,2025-05-10,2025-05-09,7.568885,4.303767,8.196585,7.8552313,7.5105515,4.1
Wajo,2025-05-11,2025-05-10,3.4887962,3.957554,6.2172785,5.5869455,5.2030077,7.0
Wajo,2025-05-12,2025-05-11,5.0923166,4.5886593,6.161677,6.617346,5.425761,16.400002
Wajo,2025-05-13,2025-05-12,6.8636694,6.4798784,7.5786448,9.973897,8.528762,2.3
Wajo,2025-05-14,2025-05-13,3.3377948,3.812123,5.7955484,5.7430162,5.6059327,15.000003
Wajo,2025-05-15,2025-05-14,6.0934157,5.88157,8.010858,10.415066,10.565728,0.8
Wajo,2025-05-16,2025-05-15,2.5342145,3.02998,5.2168865,4.8543086,4.759501,25.800001
Wajo,2025-05-17,2025-05-16,10.007298,7.325407,7.1519947,11.995764,9.997833,4.1
Wajo,2025-05-18,2025-05-17,4.252271,3.628304,4.020214,5.2978773,4.2896175,20.300003
Wajo,2025-05-19,2025-05-18,7.5830326,6.2795935,6.7764416,10.634308,8.121808,2.1
Wajo,2025-05-20,2025-05-19,3.6158895,4.745199,3.7702332,5.4232492,4.5499153,9.000001
Wajo,2025-05-21,2025-05-20,7.91502,8.116447,5.959518,7.9098244,7.4273996,0.5
Wajo,2025-05-22,2025-05-21,2.3549237,3.1392126,2.7989798,3.8188095,3.2017217,2.6
Wajo,2025-05-23,2025-05-22,4.46832,4.5977726,2.8770926,4.487024,3.8846455,18.5
Wajo,2025-05-24,2025-05-23,9.090477,5.9140086,5.927087,9.2129135,7.7488756,10.200001
Wajo,2025-05-25,2025-05-24,8.406725,5.740285,5.72968,7.1860876,6.0653353,0.70000005
Wajo,2025-05-26,2025-05-25,2.819733,3.0204644,2.314935,2.7773807,2.6048079,19.200003
Wajo,2025-05-27,2025-05-26,10.360859,9.123686,6.1071887,9.378034,6.985098,2.8999999
Wajo,2025-05-28,2025-05-27,4.3305244,5.7889166,5.264165,5.4320264,4.384781,5.0
Wajo,2025-05-29,2025-05-28,4.8048096,6.031428,5.451001,6.257751,5.2505035,18.300001
Wajo,2025-05-30,2025-05-29,9.477636,6.0243144,7.2035275,10.479599,9.419969,10.200003
Wajo,2025-05-31,2025-05-30,7.6502094,5.2648487,7.194894,8.213656,7.114791,34.6
Wajo,2025-06-01,2025-05-31,12.427227,10.33883,11.682676,16.729929,14.654937,25.1
Wajo,2025-06-02,2025-06-01,7.8467855,5.1261187,9.381154,11.2852545,8.783652,3.6000001
Wajo,2025-06-03,2025-06-02,0.93913126,4.3894296,7.269847,7.0942736,6.4359646,0.9
Wajo,2025-06-04,2025-06-03,2.0162585,2.803198,6.0204377,4.656639,4.092934,0.1
Wajo,2025-06-05,2025-06-04,1.4954143,3.6511068,3.5986915,3.8019142,3.216813,2.0
Wajo,2025-06-06,2025-06-05,4.107852,3.2585082,2.472975,2.828144,3.250381,2.1
Wajo,2025-06-07,2025-06-06,3.284899,2.9034433,3.4148989,3.6701016,3.6757803,16.400002
Wajo,2025-06-08,2025-06-07,6.9016943,4.7492075,7.2924023,9.5636835,8.31296,0.6
Wajo,2025-06-09,2025-06-08,3.0089328,2.4125884,1.5600364,2.5287344,2.3335664,0.6
Wajo,2025-06-10,2025-06-09,2.680316,0.85906553,1.1120865,1.4878483,1.058474,4.7999997
Wajo,2025-06-11,2025-06-10,3.8693619,3.571104,3.9860349,4.9307337,3.6462524,16.700003
Wajo,2025-06-12,2025-06-11,9.395151,6.05492,4.616836,7.747237,5.5993905,18.300001
Wajo,2025-06-13,2025-06-12,6.3800297,5.973302,5.774682,9.43806,8.155808,9.199999
Wajo,2025-06-14,2025-06-13,6.4408274,5.14996,6.3441772,7.0133886,5.8162594,15.200002
Wajo,2025-06-15,2025-06-14,6.03415,4.761422,6.442974,8.430414,7.712494,4.2999997
Wajo,2025-06-16,2025-06-15,4.8660173,5.66892,5.4908457,6.368845,6.066611,0.2
Wajo,2025-06-17,2025-06-16,1.3840606,3.5176067,1.4450116,2.588963,2.7855616,1.5
Wajo,2025-06-18,2025-06-17,2.0659544,3.5951912,2.7527637,3.0016618,2.7802904,0.6
Wajo,2025-06-19,2025-06-18,2.112054,2.4123406,2.206387,2.4795518,2.5000465,6.7000003
Wajo,2025-06-20,2025-06-19,2.3609817,6.028023,6.1071434,6.386462,6.136051,26.1
Wajo,2025-06-21,2025-06-20,9.798842,9.895322,8.141644,11.618062,9.510877,1.6000001
Wajo,2025-06-22,2025-06-21,2.1826758,3.9692218,3.5763416,4.2089252,3.9995956,0.3
Wajo,2025-06-23,2025-06-22,1.8918557,3.405595,2.1279457,2.2920833,1.807643,5.599999
Wajo,2025-06-24,2025-06-23,5.7850904,5.899145,6.0531607,6.260626,5.9676714,1.7
Wajo,2025-06-25,2025-06-24,3.2858913,3.442388,3.845058,3.752998,3.4825253,18.2
Wajo,2025-06-26,2025-06-25,8.603306,5.314628,6.737856,8.389289,6.940896,6.0999994
Wajo,2025-06-27,2025-06-26,5.854558,2.7051597,5.049759,3.8505278,2.5274496,1.8000002
Wajo,2025-06-28,2025-06-27,2.830922,3.032112,3.819982,3.1423616,2.1630824,35.199997
Wajo,2025-06-29,2025-06-28,10.777817,11.979473,13.786357,15.656436,13.736853,14.000002
Wajo,2025-06-30,2025-06-29,5.598549,6.847599,7.323305,8.863067,8.808661,19.3
Wajo,2025-07-01,2025-06-30,8.129108,6.310149,11.29581,12.150371,11.705728,2.5
Wajo,2025-07-02,2025-07-01,2.3466067,1.8505297,4.53002,4.413747,3.9954448,3.7
Wajo,2025-07-03,2025-07-02,3.6756666,4.2953186,3.7639618,4.0426235,3.883299,1.7000002
Wajo,2025-07-04,2025-07-03,2.2578843,3.3527591,2.7126403,3.3063886,3.3258185,21.400002
Wajo,2025-07-05,2025-07-04,7.315915,4.7282267,8.906454,11.312608,10.993341,1.8000001
Wajo,2025-07-06,2025-07-05,2.5854352,2.743157,3.6861641,4.452294,3.8968718,4.2
Wajo,2025-07-07,2025-07-06,4.1852703,2.5551686,5.2364407,5.731824,4.567484,0.0
Wajo,2025-07-08,2025-07-07,1.1576539,1.64901,1.5186522,2.9066157,2.0993657,0.7
Wajo,2025-07-09,2025-07-08,1.3007009,1.4960804,0.9028046,1.1926624,1.0266463,15.500003
Wajo,2025-07-10,2025-07-09,4.2163486,5.190002,4.36344,7.5043488,6.756344,13.600001
Wajo,2025-07-11,2025-07-10,4.620537,3.8487558,6.1083307,9.08924,9.79275,1.9000002
Wajo,2025-07-12,2025-07-11,1.7780458,3.2759352,4.7899823,4.930213,4.3258038,3.8999999
Wajo,2025-07-13,2025-07-12,3.5275602,2.458698,4.2480555,5.1867204,4.9866867,1.1000001
Wajo,2025-07-14,2025-07-13,1.4749827,2.8246727,3.4721875,3.7959604,3.6375656,4.2999997
Wajo,2025-07-15,2025-07-14,4.465762,3.1582792,3.6009736,3.6099732,3.9656117,0.4
Wajo,2025-07-16,2025-07-15,0.80670667,1.3959996,2.1546142,2.306073,2.333688,0.8000001
Wajo,2025-07-17,2025-07-16,1.4780076,2.1751513,2.2338595,2.3460572,2.407724,0.3
Wajo,2025-07-18,2025-07-17,0.9966223,2.061117,0.9135102,1.225717,1.3118858,0.0
Wajo,2025-07-19,2025-07-18,0.30790436,0.87495995,0.42474365,0.83009005,0.5755305,0.0
Wajo,2025-07-20,2025-07-19,0.12707043,0.9939319,0.38368928,0.8838973,0.64586425,0.1
Wajo,2025-07-21,2025-07-20,0.1646533,0.46550655,0.5912416,0.8289809,0.82707894,0.8000001
Wajo,2025-07-22,2025-07-21,0.9387523,1.4042428,1.4887078,1.9364457,2.3169618,1.6
Wajo,2025-07-23,2025-07-22,1.9125491,2.4920685,1.7770455,1.9539937,1.8636079,0.5
Wajo,2025-07-24,2025-07-23,0.58494973,1.3028077,1.0480654,1.4700377,1.3000038,0.70000005
Wajo,2025-07-25,2025-07-24,0.76429784,1.1807785,0.7699281,1.283695,1.1478338,0.3
Wajo,2025-07-26,2025-07-25,0.38828838,1.3108768,0.76994765,1.4404165,1.4324818,0.70000005
Wajo,2025-07-27,2025-07-26,0.7411965,1.5758029,0.39721227,0.9739047,0.86856747,1.7
Wajo,2025-07-28,2025-07-27,1.7187116,3.1707563,1.7517292,1.9667523,1.9278142,1.0000001
Wajo,2025-07-29,2025-07-28,1.0204587,2.0811167,0.6357846,0.53254783,0.5979067,1.3000001
Wajo,2025-07-30,2025-07-29,1.3167255,1.9164944,1.8249961,1.8756227,1.9129573,1.4000001
Wajo,2025-07-31,2025-07-30,1.424102,1.4951557,2.1205523,1.8467827,1.8866761,1.6000001
Wajo,2025-08-01,2025-07-31,1.6213577,1.5729195,2.5896096,2.2569234,2.3865924,4.7999997
Wajo,2025-08-02,2025-08-01,4.8207297,3.0743537,4.647113,4.4007998,4.374132,1.0
Wajo,2025-08-03,2025-08-02,1.0185682,1.1522781,1.9001515,1.6255915,1.576124,2.3
Wajo,2025-08-04,2025-08-03,2.318627,2.3309896,2.9267735,2.4414043,2.3095908,1.3000001
Wajo,2025-08-05,2025-08-04,1.3181353,1.2841244,2.345235,1.7658623,1.6331327,1.5000001
Wajo,2025-08-06,2025-08-05,1.5170336,1.2124001,2.359715,1.7213017,1.7099082,1.6999999
Wajo,2025-08-07,2025-08-06,1.7152772,1.54169,2.1598437,1.6781554,1.7193141,2.7
Wajo,2025-08-08,2025-08-07,2.7213037,1.4733957,2.5586865,2.1356573,2.0613756,6.999999
Wajo,2025-08-09,2025-08-08,5.8535914,3.2673428,5.327361,4.6550894,4.4192944,9.900001
Wajo,2025-08-10,2025-08-09,6.6721354,3.2878222,5.68036,4.2693405,4.1830173,6.4999995
Wajo,2025-08-11,2025-08-10,6.509302,3.3885589,6.575083,4.055825,4.4212847,0.5
Wajo,2025-08-12,2025-08-11,0.5230398,0.5708947,1.2829314,0.8625834,0.86519253,0.0
Wajo,2025-08-13,2025-08-12,0.023978949,0.5932448,0.76230323,0.43383622,0.7362782,0.0
Wajo,2025-08-14,2025-08-13,0.025398016,0.43536794,0.62532854,0.3049233,0.4293741,1.3000001
Wajo,2025-08-15,2025-08-14,1.3188918,1.1225916,1.3352671,1.3566457,1.3658574,0.3
Wajo,2025-08-16,2025-08-15,0.31716967,0.49323845,0.36486232,0.39922416,0.45777953,0.1
Wajo,2025-08-17,2025-08-16,0.121914625,0.43469656,0.19508791,0.10812402,0.11632323,7.8999996
Wajo,2025-08-18,2025-08-17,3.2269695,4.2078543,2.7899346,3.704945,2.771772,13.300001
Wajo,2025-08-19,2025-08-18,1.9026166,2.5479314,0.8453047,2.866256,1.1927668,2.6
Wajo,2025-08-20,2025-08-19,2.5138264,1.8580041,1.7254312,2.675863,2.333199,0.4
Wajo,2025-08-21,2025-08-20,0.43134928,0.54353166,0.99961054,1.9816542,1.3575386,1.8000001
Wajo,2025-08-22,2025-08-21,1.8323731,2.3724675,1.7920561,2.5703585,2.1961706,2.1000001
Wajo,2025-08-23,2025-08-22,2.128209,2.6708605,2.1346428,2.3624976,2.1402516,4.3
Wajo,2025-08-24,2025-08-23,3.8420687,4.2385454,3.3700986,3.6723304,3.085977,1.1
Wajo,2025-08-25,2025-08-24,1.0838435,2.1147528,1.5275278,1.5855055,1.3111918,4.6999993
Wajo,2025-08-26,2025-08-25,3.5114322,4.124019,4.157098,3.734179,4.320383,1.0
Wajo,2025-08-27,2025-08-26,0.5859934,1.5375823,1.2956766,1.1485746,1.1996236,0.3
Wajo,2025-08-28,2025-08-27,0.32966864,0.7527883,0.6750804,0.83229506,0.62089145,1.1
Wajo,2025-08-29,2025-08-28,1.1291033,1.3263083,1.1563431,1.6741745,1.5028203,0.6
Wajo,2025-08-30,2025-08-29,0.6276363,0.96777,0.9306849,1.1728138,1.0046321,0.9000001
Wajo,2025-08-31,2025-08-30,0.918177,1.4181769,0.893294,1.1890575,1.1005471,0.5
Wajo,2025-09-01,2025-08-31,0.5184177,0.93207824,0.5168263,0.67420506,0.6541909,0.5
Wajo,2025-09-02,2025-09-01,0.51652837,0.8635191,0.47988558,0.70826447,0.5836146,0.2
Wajo,2025-09-03,2025-09-02,0.21570492,0.4451393,0.3106197,0.47050214,0.32225788,0.1
Wajo,2025-09-04,2025-09-03,0.10526514,0.30806625,0.066379786,0.13519955,0.046793222,0.0
Wajo,2025-09-05,2025-09-04,0.007838249,0.15332389,0.067448616,0.04481554,0.07098603,0.70000005
Wajo,2025-09-06,2025-09-05,0.7060251,0.7977116,0.965276,0.8327702,0.86792195,1.8000001
Wajo,2025-09-07,2025-09-06,0.4688797,1.5115523,2.2282796,2.046347,2.0801601,13.000003
Wajo,2025-09-08,2025-09-07,1.1886902,3.8123941,5.529866,5.8102503,5.8690667,14.199999
Wajo,2025-09-09,2025-09-08,2.687199,4.508416,3.3400264,5.675995,4.402299,14.600001
Wajo,2025-09-10,2025-09-09,4.3715124,4.512495,3.1903667,4.892066,4.4347916,22.500002
Wajo,2025-09-11,2025-09-10,4.089294,6.3591747,4.163665,6.718585,5.766494,0.1
Wajo,2025-09-12,2025-09-11,0.13783383,1.7835131,1.9705042,1.77472,1.5818207,0.0
Wajo,2025-09-13,2025-09-12,0.041249514,1.6345072,1.1016347,1.9008801,2.081648,3.6
Wajo,2025-09-14,2025-09-13,3.6413794,3.602334,4.74189,4.987742,4.9528265,8.1
Wajo,2025-09-15,2025-09-14,8.137913,4.654955,6.528718,6.2897806,6.1711164,0.1
Wajo,2025-09-16,2025-09-15,0.13555789,1.070468,2.0913496,1.4043268,1.2710485,2.0
Wajo,2025-09-17,2025-09-16,2.0406086,2.3975716,2.3238053,2.6365554,2.3580475,0.70000005
Wajo,2025-09-18,2025-09-17,0.7419828,1.7269124,0.92882156,1.4233974,1.1772677,0.0
Wajo,2025-09-19,2025-09-18,0.03716302,0.84589756,0.21710157,0.28033042,0.2571559,0.0
Wajo,2025-09-20,2025-09-19,0.03356266,1.0776638,0.051920652,0.32236314,0.26523757,0.8
Wajo,2025-09-21,2025-09-20,0.8379282,1.630638,0.97934866,0.98005545,1.0078632,0.3
Wajo,2025-09-22,2025-09-21,0.34028947,1.3996394,0.5337496,0.7994174,0.62434256,1.5000001
Wajo,2025-09-23,2025-09-22,1.5366533,2.256886,1.4056051,1.676049,1.1143088,1.8000001
Wajo,2025-09-24,2025-09-23,1.8311379,2.2453637,1.8748021,2.1939309,1.7720058,0.0
Wajo,2025-09-25,2025-09-24,0.034426928,0.7469815,0.2680409,0.5411905,0.30274832,0.0
Wajo,2025-09-26,2025-09-25,0.03793621,0.42841923,0.17299557,0.35942304,0.20104527,1.1
Wajo,2025-09-27,2025-09-26,1.1399298,1.0377206,1.6644369,1.6143308,1.4908085,0.3
Wajo,2025-09-28,2025-09-27,0.33822072,0.6676066,1.4190576,1.2393408,1.2779586,10.4
Wajo,2025-09-29,2025-09-28,7.2714853,5.466935,4.267949,6.179096,6.5011425,1.1
Wajo,2025-09-30,2025-09-29,1.1512316,2.092656,2.5449936,3.2446413,3.4014335,0.5
Wajo,2025-10-01,2025-09-30,0.5492052,1.1411513,1.9907577,2.1592588,2.3568506,0.5
Wajo,2025-10-02,2025-10-01,0.546404,1.351328,1.5745621,2.351909,2.48941,1.4000001
Wajo,2025-10-03,2025-10-02,1.4491198,1.301112,1.7423224,2.234921,2.1392648,7.2
Wajo,2025-10-04,2025-10-03,6.964698,4.4086924,6.373866,7.055217,7.340703,1.5000001
Wajo,2025-10-05,2025-10-04,1.5512156,0.6684077,2.4421668,2.077728,2.1956108,0.90000004
Wajo,2025-10-06,2025-10-05,0.94895387,1.0613759,2.6023402,2.092444,1.9291844,3.4
Wajo,2025-10-07,2025-10-06,3.4531145,3.238088,3.8311768,3.3016462,2.6452022,0.0
Wajo,2025-10-08,2025-10-07,0.052895784,0.9765003,1.1227126,0.82885015,0.71849537,0.4
Wajo,2025-10-09,2025-10-08,0.4514408,1.3149197,0.9382309,0.8020234,0.24294424,0.1
Wajo,2025-10-10,2025-10-09,0.14904308,0.89720774,0.4602884,0.6463332,0.21623707,1.7
Wajo,2025-10-11,2025-10-10,1.7525802,1.5562637,2.25474,1.8440609,1.8673836,0.9
Wajo,2025-10-12,2025-10-11,0.9536612,1.5158415,1.7982569,1.3471427,1.2321606,0.3
Wajo,2025-10-13,2025-10-12,0.35462487,1.4788742,0.73763716,0.79735374,0.3814832,7.5999994
Wajo,2025-10-14,2025-10-13,7.641344,5.316264,5.871956,5.199628,5.104907,0.4
Wajo,2025-10-15,2025-10-14,0.45205998,1.9711542,1.0412633,1.5795875,1.5493178,0.2
Wajo,2025-10-16,2025-10-15,0.25173736,1.5643284,0.77360725,1.0075413,1.0179949,1.4000001
Wajo,2025-10-17,2025-10-16,1.4486283,1.6856008,1.9583739,2.2833107,2.3604424,0.5
Wajo,2025-10-18,2025-10-17,0.5467527,0.68350196,1.2764814,1.4706781,1.3551894,0.90000004
Wajo,2025-10-19,2025-10-18,0.9444692,1.2886337,1.5592048,1.5701308,1.4768084,21.4
Wajo,2025-10-20,2025-10-19,10.050008,4.7966332,3.295399,6.7297106,7.2209864,2.8000002
Wajo,2025-10-21,2025-10-20,2.850962,1.5908959,2.4079463,2.7987075,3.7440724,6.6999993
Wajo,2025-10-22,2025-10-21,6.750843,3.3607583,3.6365972,5.1967254,5.543408,31.9
Wajo,2025-10-23,2025-10-22,8.66115,4.2795796,1.7124527,6.779622,5.5080914,1.9000001
Wajo,2025-10-24,2025-10-23,1.9516721,2.612667,2.7580383,3.020868,3.3333945,2.1
Wajo,2025-10-25,2025-10-24,2.1516469,1.797363,5.682615,4.4763656,5.0825715,22.699999
Wajo,2025-10-26,2025-10-25,8.275657,4.6890225,7.012432,8.468722,7.566578,13.400001
Wajo,2025-10-27,2025-10-26,7.2941265,7.664193,8.906562,8.062963,7.698599,0.2
Wajo,2025-10-28,2025-10-27,0.5084746,4.0464916,5.059539,4.1073613,3.9912286,13.200001
Wajo,2025-10-29,2025-10-28,7.1091995,7.293625,5.356605,7.9356804,8.007524,4.1
Wajo,2025-10-30,2025-10-29,4.3231697,5.6128435,4.50972,6.548253,5.3041024,0.0
Wajo,2025-10-31,2025-10-30,1.1730262,3.3849573,2.399536,3.1793802,3.5023954,23.2
Wajo,2025-11-01,2025-10-31,8.370582,5.5143785,5.37617,11.365624,10.27123,8.8
Wajo,2025-11-02,2025-11-01,3.3459466,6.2128677,4.8466787,8.511228,7.408416,12.4
Wajo,2025-11-03,2025-11-02,6.0512934,5.5816092,5.941287,8.51834,8.915183,3.5
Wajo,2025-11-04,2025-11-03,2.4217246,4.306121,5.1328187,6.3128157,7.2141953,0.2
Wajo,2025-11-05,2025-11-04,1.7101326,3.4456172,2.92881,3.7020369,4.105113,0.5
Wajo,2025-11-06,2025-11-05,2.1421824,4.146384,4.155658,4.549859,4.895236,4.1
Wajo,2025-11-07,2025-11-06,3.5644681,4.5869055,5.9143863,6.3314543,6.516226,1.4000001
Wajo,2025-11-08,2025-11-07,3.1196349,3.4020228,3.9787931,4.2821336,3.653176,0.1
Wajo,2025-11-09,2025-11-08,2.3688383,2.4509728,4.0650597,3.8468378,4.1875253,4.5999994
Wajo,2025-11-10,2025-11-09,3.7501583,5.7935896,7.113653,7.5845585,7.689351,0.70000005
Wajo,2025-11-11,2025-11-10,2.4667962,3.0985115,3.886967,3.7547553,2.9801564,1.3000001
Wajo,2025-11-12,2025-11-11,3.047021,3.131752,2.9178262,3.717784,3.3456776,7.399999
Wajo,2025-11-13,2025-11-12,3.0444493,5.9824753,4.564467,7.440276,5.59995,0.9000001
Wajo,2025-11-14,2025-11-13,-0.13164353,3.4133337,2.1557992,3.517393,2.8081813,0.0
Wajo,2025-11-15,2025-11-14,1.8808064,2.34358,1.4863644,2.2525542,2.1325243,0.0
Wajo,2025-11-16,2025-11-15,1.6507194,2.440684,1.7697442,2.4518301,1.9123856,0.2
Wajo,2025-11-17,2025-11-16,1.6955903,2.6506774,2.427866,2.274045,1.6041194,4.4999995
Wajo,2025-11-18,2025-11-17,6.3300695,6.550585,5.7305536,5.7876987,4.5868206,9.2
Wajo,2025-11-19,2025-11-18,7.441044,8.248164,5.760408,4.703433,4.2691073,1.8000001
Wajo,2025-11-20,2025-11-19,3.265357,3.7037864,3.7053483,2.436849,1.504852,0.2
Wajo,2025-11-21,2025-11-20,2.0376303,2.1878135,2.0221872,1.3385854,0.8250637,0.1
Wajo,2025-11-22,2025-11-21,1.4989984,2.6883974,1.5909395,1.9847823,1.682225,0.6
Wajo,2025-11-23,2025-11-22,2.2136936,2.106216,2.5682957,2.1375446,1.9596903,2.4999998
Wajo,2025-11-24,2025-11-23,4.9249344,3.6572962,3.6845937,3.8931441,3.5685153,3.6999998
Wajo,2025-11-25,2025-11-24,5.8466225,3.9171014,3.3914006,3.8119595,2.7857938,1.2
Wajo,2025-11-26,2025-11-25,4.0737233,2.323464,2.354813,2.319533,1.6637807,0.3
Wajo,2025-11-27,2025-11-26,2.7999847,1.8060105,2.8478296,1.9013029,1.4711924,0.9000001
Wajo,2025-11-28,2025-11-27,2.1053543,2.2219584,2.940293,2.2454774,2.0694673,17.5
Wajo,2025-11-29,2025-11-28,9.570607,7.9913588,6.7248526,7.450879,6.014184,9.999999
Wajo,2025-11-30,2025-11-29,5.393524,6.515316,7.5097876,7.5283012,6.1282444,4.4999995
Wajo,2025-12-01,2025-11-30,2.8005102,4.3972263,4.3038645,5.2143826,3.740962,3.0
Wajo,2025-12-02,2025-12-01,3.926035,2.8161275,3.9634871,4.5949574,3.3746939,2.3000002
Wajo,2025-12-03,2025-12-02,2.822814,4.0189486,2.9912865,3.6965132,3.1510596,0.8000001
Wajo,2025-12-04,2025-12-03,1.7289733,2.2875702,1.9940039,1.8446783,2.3287432,3.1
Wajo,2025-12-05,2025-12-04,3.4272869,2.4645064,2.5627227,3.2470124,2.5621245,16.6
Wajo,2025-12-06,2025-12-05,7.8358917,6.676922,7.532975,8.725221,7.1743183,1.4000001
Wajo,2025-12-07,2025-12-06,2.4189677,3.425603,4.20648,4.2153597,4.3307076,1.8000001
Wajo,2025-12-08,2025-12-07,2.9484062,3.0758646,3.8869166,3.6471157,4.0354958,12.200002
Wajo,2025-12-09,2025-12-08,8.561178,6.2218385,5.6492014,7.469125,7.2063007,2.0000002
Wajo,2025-12-10,2025-12-09,3.3209524,4.0488663,2.887652,4.071061,3.9908228,0.5
Wajo,2025-12-11,2025-12-10,2.5298028,2.3024752,2.439605,3.283399,2.6174412,7.7000003
Wajo,2025-12-12,2025-12-11,8.399961,4.225313,4.749944,6.423745,4.863365,1.6
Wajo,2025-12-13,2025-12-12,3.2460096,2.98292,2.3940175,2.699656,2.146967,0.5
Wajo,2025-12-14,2025-12-13,2.5199087,2.2933092,1.4598107,1.3355848,1.6032019,2.0000002
Wajo,2025-12-15,2025-12-14,3.5180645,2.5391877,3.5963402,3.4701226,2.8287659,0.5
Wajo,2025-12-16,2025-12-15,2.0405552,1.4765253,2.909463,2.7696252,2.2400968,0.2
Wajo,2025-12-17,2025-12-16,1.7930968,1.1652867,2.0848064,1.9069165,1.3237078,0.0
Wajo,2025-12-18,2025-12-17,1.5090778,1.160324,1.1186988,1.3738348,0.96082485,0.6
Wajo,2025-12-19,2025-12-18,1.827752,1.6963471,1.8826455,2.218229,2.1730754,1.2
Wajo,2025-12-20,2025-12-19,2.2029226,2.1065862,2.6696,2.767059,2.5097446,0.0
Wajo,2025-12-21,2025-12-20,1.1283451,1.1388379,1.0923299,1.5714792,1.1442696,2.2999997
Wajo,2025-12-22,2025-12-21,3.0831413,3.461412,2.4756937,2.9801586,1.925757,4.0
Wajo,2025-12-23,2025-12-22,2.9467616,4.5310545,4.1654224,3.4968278,2.6346698,3.2
Wajo,2025-12-24,2025-12-23,1.9693065,4.004451,2.8933725,2.1271856,1.5735853,0.4
Wajo,2025-12-25,2025-12-24,1.2860277,1.1656494,1.2177566,1.2084062,0.94793284,0.9000001
Wajo,2025-12-26,2025-12-25,1.9917021,1.9038852,1.4988852,1.933927,1.6611189,0.6
Wajo,2025-12-27,2025-12-26,1.7617338,1.6421187,1.2631282,1.3607697,1.2137865,1.1
Wajo,2025-12-28,2025-12-27,1.8394442,1.370582,0.80753684,1.2441097,0.9468627,1.9
Wajo,2025-12-29,2025-12-28,2.8066936,2.2529814,2.2857761,2.3447933,2.2786574,0.3
Wajo,2025-12-30,2025-12-29,1.1464381,0.6781055,1.5282102,1.1367391,1.0428386,0.3
Wajo,2025-12-31,2025-12-30,0.85446036,0.6950047,1.6207528,1.162781,1.0348835,1.1
Wajo,2026-01-01,2025-12-31,2.1889598,1.4169288,1.3232384,1.3706145,1.3821973,3.1999996
Wajo,2026-01-02,2026-01-01,2.5727038,3.4475975,2.3713853,2.7399414,2.8989763,1.1
Wajo,2026-01-03,2026-01-02,0.8301003,1.5109311,2.5202742,1.563983,1.5587484,0.3
Wajo,2026-01-04,2026-01-03,0.89363265,0.6572912,1.8042454,0.899793,0.9034867,10.400002
Wajo,2026-01-05,2026-01-04,3.0409424,3.5514333,1.961138,3.8992426,3.0656624,4.6
Wajo,2026-01-06,2026-01-05,0.9704069,1.8806053,2.067026,3.3488023,2.5326803,1.0
Wajo,2026-01-07,2026-01-06,-0.9436555,1.082372,0.8023397,1.5944669,1.0507337,0.2
Wajo,2026-01-08,2026-01-07,-0.3462,0.8321717,0.48633862,0.86406255,0.64381564,1.9000001
Wajo,2026-01-09,2026-01-08,0.61735,1.6070509,1.7505617,2.2028284,2.0233977,0.70000005
Wajo,2026-01-10,2026-01-09,1.2070493,0.982998,1.1355046,1.0159425,0.89782774,1.2
Wajo,2026-01-11,2026-01-10,0.6324675,0.85556924,1.1116974,1.353358,1.2435417,0.2
Wajo,2026-01-12,2026-01-11,-0.3634169,0.45743096,0.3973651,0.4871627,0.48316813,0.0
Wajo,2026-01-13,2026-01-12,-1.1135101,0.3820181,0.7320492,0.5308975,0.33995998,0.0
Wajo,2026-01-14,2026-01-13,-0.89219785,0.31610978,0.6126919,0.48184836,0.30017555,0.0
Wajo,2026-01-15,2026-01-14,0.5115826,0.34307492,0.47817147,0.15093803,0.15629601,0.0
Wajo,2026-01-16,2026-01-15,0.9285705,0.15181255,0.6501565,0.16966414,0.15923214,0.0
Wajo,2026-01-17,2026-01-16,0.4877218,0.1687293,0.24550605,0.15154958,0.05633831,0.5
Wajo,2026-01-18,2026-01-17,0.9990523,0.5373081,1.1729971,0.9115133,0.70544183,3.8999999
Wajo,2026-01-19,2026-01-18,4.5123105,3.3803937,4.524809,3.6200178,3.3890715,0.9000001
Wajo,2026-01-20,2026-01-19,1.6693401,0.8025383,2.0104241,1.5565654,1.3191907,2.8999996
Wajo,2026-01-21,2026-01-20,3.8426003,2.002792,3.722901,3.459496,3.0650852,0.4
Wajo,2026-01-22,2026-01-21,1.2435752,0.436298,1.4582479,1.1764599,0.86381507,0.0
Wajo,2026-01-23,2026-01-22,1.0300273,0.16057134,0.4274888,0.31714213,0.117375135,0.0
Wajo,2026-01-24,2026-01-23,0.83198535,0.3443861,0.3953085,0.21399283,0.1615758,0.0
Wajo,2026-01-25,2026-01-24,0.75376487,0.36191916,0.6809844,0.27637553,0.26014972,0.0
Wajo,2026-01-26,2026-01-25,1.0755029,0.4532832,0.60722303,0.26849055,0.30214024,0.1
Wajo,2026-01-27,2026-01-26,1.2495747,0.5250282,0.90434015,0.35243,0.3755058,0.3
Wajo,2026-01-28,2026-01-27,1.5493929,0.5547612,0.77335954,0.4615556,0.5756477,1.3000002
Wajo,2026-01-29,2026-01-28,2.7155862,1.0445789,1.2132161,1.054526,1.2999221,2.1
Wajo,2026-01-30,2026-01-29,3.3245893,1.3065851,-0.18399644,0.066058636,-0.3669896,0.0
Wajo,2026-01-31,2026-01-30,1.2248695,-0.06753683,0.35530388,0.24462247,0.15056539,2.6
Wajo,2026-02-01,2026-01-31,3.9269767,1.7894958,2.451056,2.4184198,2.5591383,4.5
Wajo,2026-02-02,2026-02-01,5.002423,3.2450926,1.5992517,2.2987587,1.7851217,0.70000005
Wajo,2026-02-03,2026-02-02,1.5831432,0.7940086,1.0045516,0.90369904,0.61626506,0.0
Wajo,2026-02-04,2026-02-03,1.1897259,0.18165421,0.32689226,0.114872694,0.25028706,1.0
Wajo,2026-02-05,2026-02-04,2.0381122,0.77478456,1.4414253,1.0559827,1.1738194,1.7
Wajo,2026-02-06,2026-02-05,1.7523327,1.1516702,1.9238884,1.6316195,1.7184834,1.1
Wajo,2026-02-07,2026-02-06,1.1517507,0.8587477,1.3076415,1.161639,1.2254814,2.0000002
Wajo,2026-02-08,2026-02-07,1.0503765,0.98137593,1.8952875,1.7795224,1.9593718,1.2
Wajo,2026-02-09,2026-02-08,1.2159361,1.0849639,1.3968029,1.2729924,1.2072504,0.1
Wajo,2026-02-10,2026-02-09,0.1568222,0.07260871,0.10538721,-0.12384796,-0.08453941,7.7
Wajo,2026-02-11,2026-02-10,3.1569874,2.2439234,0.38126063,1.7418064,1.0629295,1.7
Wajo,2026-02-12,2026-02-11,1.5570273,-0.119191885,0.8619113,0.6392348,0.28312516,0.5
Wajo,2026-02-13,2026-02-12,0.5571394,-0.81540084,0.91547894,0.8437518,0.14956355,5.1999993
Wajo,2026-02-14,2026-02-13,4.0624185,0.6502551,2.3670213,3.0453224,1.8652141,0.0
Wajo,2026-02-15,2026-02-14,0.06523538,-0.1527698,0.8455043,0.42622483,0.31554174,0.0
Wajo,2026-02-16,2026-02-15,0.061725378,0.17446017,0.6067015,0.120625734,0.29485512,0.0
Wajo,2026-02-17,2026-02-16,0.06547785,0.38316894,0.5708778,0.1673863,0.27652955,3.3000002
Wajo,2026-02-18,2026-02-17,3.3709707,2.678724,4.0190578,3.4393167,3.4257307,9.2
Wajo,2026-02-19,2026-02-18,6.649171,4.532035,6.1671977,6.2389646,5.948284,0.4
Wajo,2026-02-20,2026-02-19,0.5786265,0.77322316,2.3353665,1.6375873,1.5485414,0.3
Wajo,2026-02-21,2026-02-20,0.37185645,0.53468776,1.9241133,1.5990759,1.298863,12.800001
Wajo,2026-02-22,2026-02-21,7.8582525,3.1837888,1.9838251,3.5020738,2.507513,0.0
Wajo,2026-02-23,2026-02-22,0.07711291,0.576722,1.568729,1.2675418,0.24865127,1.4000001
Wajo,2026-02-24,2026-02-23,1.4747229,1.7734885,2.7979033,2.5451238,1.8959839,10.3
Wajo,2026-02-25,2026-02-24,9.8787365,4.2923203,3.8580074,4.928135,3.991925,8.199999
Wajo,2026-02-26,2026-02-25,7.4155083,5.8056846,4.4040046,5.509716,4.1665115,0.3
Wajo,2026-02-27,2026-02-26,0.3827572,1.3885086,2.1780887,2.1008961,1.5123258,0.0
Wajo,2026-02-28,2026-02-27,0.08182025,0.737509,0.48753822,0.5214126,0.54417753,0.3
Wajo,2026-03-01,2026-02-28,-0.14341664,0.8655964,0.69458187,0.6365222,0.6645,0.0
Wajo,2026-03-02,2026-03-01,0.08495736,0.048046112,0.7771076,0.6181581,0.42656517,0.0
Wajo,2026-03-03,2026-03-02,0.0807302,0.045496464,0.8216858,0.5408764,0.4344132,0.3
Wajo,2026-03-04,2026-03-03,0.37880576,0.5531554,1.2647637,0.70737875,0.66336226,0.70000005
Wajo,2026-03-05,2026-03-04,0.7815496,0.92433274,1.0423547,0.96363425,0.82894194,0.0
Wajo,2026-03-06,2026-03-05,0.08029175,-0.08193064,0.5294002,0.28463674,0.19939446,0.4
Wajo,2026-03-07,2026-03-06,0.47745454,0.27515554,1.1036323,0.6305349,0.63155437,0.6
Wajo,2026-03-08,2026-03-07,0.40028763,0.76768506,1.9918904,1.2444528,1.0382078,0.5
Wajo,2026-03-09,2026-03-08,0.58032143,0.97042465,2.3179317,1.4467845,1.0812514,0.4
Wajo,2026-03-10,2026-03-09,0.48049462,0.7961565,1.3879888,0.8621211,0.6607965,0.4
Wajo,2026-03-11,2026-03-10,0.47532964,0.9986323,1.4274275,0.9651184,0.7457609,1.2
Wajo,2026-03-12,2026-03-11,1.2747936,1.5438876,2.3562598,1.8847704,1.70229,0.8000001
Wajo,2026-03-13,2026-03-12,0.8773966,0.95988476,1.640939,1.3944483,1.2015785,0.70000005
Wajo,2026-03-14,2026-03-13,0.77621806,0.7964643,1.3228126,1.1069959,1.1286935,0.3
Wajo,2026-03-15,2026-03-14,0.37276006,0.5398197,1.212913,0.8615047,0.7673763,4.2
Wajo,2026-03-16,2026-03-15,4.275979,2.2937894,2.720102,3.6516356,3.4912643,2.7000003
Wajo,2026-03-17,2026-03-16,2.777728,2.0782757,3.3039172,3.1605713,2.9702573,24.599998
Wajo,2026-03-18,2026-03-17,9.910735,5.3772116,3.497882,5.251483,5.411911,5.4
Wajo,2026-03-19,2026-03-18,3.9551625,1.0742655,1.9918094,1.6305172,2.3641205,5.1999993
Wajo,2026-03-20,2026-03-19,4.978918,2.8797975,4.710505,4.0643973,2.725141,5.799999
Wajo,2026-03-21,2026-03-20,4.4753466,2.4768207,2.1627154,2.969953,1.5396094,1.7
Wajo,2026-03-22,2026-03-21,1.7800522,1.6612535,2.6260855,2.3014622,0.780076,2.8999999
Wajo,2026-03-23,2026-03-22,2.977304,2.3760507,3.2632873,3.3302064,2.0583384,0.2
Wajo,2026-03-24,2026-03-23,0.4432757,0.91646326,0.930182,0.7934431,0.5923271,0.7
Wajo,2026-03-25,2026-03-24,0.7805706,1.2559239,1.4476492,1.0628059,1.3279681,0.2
Wajo,2026-03-26,2026-03-25,0.5525075,1.8573953,1.2723463,0.9966825,1.1082144,9.0
Wajo,2026-03-27,2026-03-26,7.7919025,6.381856,4.933798,6.5365677,5.668787,4.0
Wajo,2026-03-28,2026-03-27,5.386167,3.378478,4.3521147,4.3798056,4.1200776,0.3
Wajo,2026-03-29,2026-03-28,1.5643208,1.3054972,2.0017018,2.0235436,1.83692,1.5
Wajo,2026-03-30,2026-03-29,2.6361506,0.64097977,2.2603471,2.3789058,2.0782697,13.6
Wajo,2026-03-31,2026-03-30,5.3381834,3.838562,3.780245,6.0124416,5.637314,5.399999
Wajo,2026-04-01,2026-03-31,4.122939,3.7873635,4.156992,4.712213,3.6337962,8.200001
Wajo,2026-04-02,2026-04-01,5.0407124,5.363552,5.5271173,6.2928615,5.0759873,13.6
Wajo,2026-04-03,2026-04-02,7.8130703,8.24786,8.9047,9.225506,8.45426,2.8999999
Wajo,2026-04-04,2026-04-03,5.6589203,5.4343834,6.411709,6.369074,6.310463,0.8
Wajo,2026-04-05,2026-04-04,3.526156,3.0111158,4.486305,4.4807377,4.433353,15.400001
Wajo,2026-04-06,2026-04-05,8.458373,7.430195,9.828524,10.515262,9.771153,12.6
Wajo,2026-04-07,2026-04-06,6.2422276,6.941704,8.505878,10.539894,10.367063,4.7
Wajo,2026-04-08,2026-04-07,3.7187142,4.6973925,6.655218,7.0627832,7.5208607,3.2999997
Wajo,2026-04-09,2026-04-08,3.428165,2.653777,5.153312,5.628611,5.6641946,5.9999995
Wajo,2026-04-10,2026-04-09,6.0181,4.8545055,5.438095,6.9033413,6.6931696,4.8
Wajo,2026-04-11,2026-04-10,3.3834221,4.016244,5.602823,5.4152718,5.0826387,5.1
Wajo,2026-04-12,2026-04-11,3.217785,4.0766993,5.5733747,5.7292266,5.0896454,0.70000005
Wajo,2026-04-13,2026-04-12,2.9281673,1.7408737,3.2505436,2.737357,3.1180763,1.0
Wajo,2026-04-14,2026-04-13,3.332539,2.311048,3.3739939,2.7452636,2.9013681,0.70000005
Wajo,2026-04-15,2026-04-14,3.5659811,3.0707362,0.8900367,1.545414,0.6890775,0.5
Wajo,2026-04-16,2026-04-15,2.6249602,2.2373924,0.9050894,1.389519,0.9574559,4.2999997
Wajo,2026-04-17,2026-04-16,4.0948744,5.5723968,4.3820724,5.397782,5.5099773,1.8000001
Wajo,2026-04-18,2026-04-17,4.485186,2.884018,2.3522918,3.0655665,3.0936012,0.8000001
Wajo,2026-04-19,2026-04-18,2.868991,1.7440159,2.384363,2.4716964,2.205257,0.70000005
Wajo,2026-04-20,2026-04-19,1.7385726,1.3899372,2.8446202,2.58467,2.446722,0.3
Wajo,2026-04-21,2026-04-20,-0.4638474,1.6305163,2.1964128,2.2043602,2.0508735,1.3000001
Wajo,2026-04-22,2026-04-21,0.3030243,2.1068969,3.121624,2.9127746,2.5638392,4.6000004
Wajo,2026-04-23,2026-04-22,2.670266,3.9327338,5.193922,4.401364,3.8415813,1.9000001
Wajo,2026-04-24,2026-04-23,2.9235914,3.0940456,4.2453704,3.3888903,3.093969,9.700001
Wajo,2026-04-25,2026-04-24,5.0697365,4.807539,5.175148,5.5015087,3.9921086,4.0
Wajo,2026-04-26,2026-04-25,3.4772778,4.2900968,5.8213468,5.2181396,4.2784185,13.599999
Wajo,2026-04-27,2026-04-26,4.2824025,7.0250454,8.080044,7.8367443,7.4174767,11.200002
Wajo,2026-04-28,2026-04-27,4.092345,6.3414936,9.061467,6.334528,6.764682,16.2
Wajo,2026-04-29,2026-04-28,5.91418,8.407753,9.543639,8.857077,7.9352684,6.5999994
Wajo,2026-04-30,2026-04-29,5.24112,5.766351,7.6644087,6.953191,6.5498705,5.5
Wajo,2026-05-01,2026-04-30,3.4154682,5.820369,7.2742414,6.4913473,5.7276096,29.500004
Wajo,2026-05-02,2026-05-01,8.645184,9.924694,7.856147,11.117245,8.569875,4.1
Wajo,2026-05-03,2026-05-02,3.0230992,6.8016396,6.54644,5.831727,4.7902446,16.200003
Wajo,2026-05-04,2026-05-03,5.339743,7.690338,8.272022,8.422933,7.857005,7.2
Wajo,2026-05-05,2026-05-04,2.2653825,6.655718,7.6983824,7.0371265,6.6162443,4.3
Wajo,2026-05-06,2026-05-05,4.171529,5.852948,5.389086,5.3944063,4.7394524,4.2999997
Wajo,2026-05-07,2026-05-06,4.0261736,6.1451883,4.307021,4.6843038,4.308342,1.8000002
Wajo,2026-05-08,2026-05-07,1.4871862,3.5713217,3.6105933,3.2308273,3.6174848,11.700001
Wajo,2026-05-09,2026-05-08,4.1556005,6.501359,6.046187,8.215248,7.751507,13.900002
Wajo,2026-05-10,2026-05-09,9.010281,8.561874,6.7957163,9.222185,8.027977,6.6999993
Wajo,2026-05-11,2026-05-10,3.8670917,6.25535,4.885895,6.926118,5.854037,3.3
Wajo,2026-05-12,2026-05-11,2.708583,3.7601166,4.279467,5.175258,4.780656,6.8
Wajo,2026-05-13,2026-05-12,4.153758,5.4867935,4.9378004,6.731202,6.6911716,10.3
Wajo,2026-05-14,2026-05-13,4.7507463,6.2693167,5.606887,8.789089,8.415064,22.100002
Wajo,2026-05-15,2026-05-14,7.4984636,4.2512493,6.695096,10.7383995,10.138839,10.5
Wajo,2026-05-16,2026-05-15,6.658886,4.4643764,6.9272585,8.495653,7.663575,9.400002
Wajo,2026-05-17,2026-05-16,7.9476986,5.0166273,5.359584,8.15245,7.6163015,34.8
Wajo,2026-05-18,2026-05-17,11.120133,8.0928,9.586627,14.041536,9.784235,16.300001
Wajo,2026-05-19,2026-05-18,8.909833,7.807007,7.701415,9.777164,7.0642633,13.300001
Wajo,2026-05-20,2026-05-19,10.366199,6.9608583,8.275236,8.876328,6.9688396,8.900002
Wajo,2026-05-21,2026-05-20,8.065107,6.381216,7.9658623,8.037749,6.3673697,1.4
Wajo,2026-05-22,2026-05-21,3.1804397,2.7556214,3.9373307,3.815796,4.1752176,27.400003
Wajo,2026-05-23,2026-05-22,12.371294,10.49025,11.281864,14.992024,14.173135,9.599998
Wajo,2026-05-24,2026-05-23,9.162122,6.411049,7.703912,9.176529,8.565836,7.3999996
Wajo,2026-05-25,2026-05-24,9.225579,7.9859543,9.261541,9.414977,8.887847,1.3000001
Wajo,2026-05-26,2026-05-25,3.5654001,3.6929333,6.094406,5.3454666,5.1589584,2.9999995
Wajo,2026-05-27,2026-05-26,5.0486164,4.1715126,4.233978,4.3348064,4.013387,2.2
Wajo,2026-05-28,2026-05-27,4.194875,3.7119992,4.5753345,3.9581442,3.716582,4.1
Wajo,2026-05-29,2026-05-28,5.567271,4.3033266,4.895045,4.509147,4.0670815,1.9000002
Wajo,2026-05-30,2026-05-29,3.1411643,3.5342004,4.03253,3.8463209,3.5093243,1.7000002
Wajo,2026-05-31,2026-05-30,3.261427,3.1591187,1.9922088,3.0226824,2.3821793,0.2
Wajo,2026-06-01,2026-05-31,1.658861,1.1405919,0.4904244,1.6859723,0.7933494,3.2
Wajo,2026-06-02,2026-06-01,3.690576,2.885297,2.3713543,3.812779,2.5928857,2.8
Wajo,2026-06-03,2026-06-02,3.2804484,2.3507543,2.182168,2.7492297,1.049898,1.0
Wajo,2026-06-04,2026-06-03,1.2766956,1.736341,1.1957052,2.3442185,1.4646028,2.1999998
Wajo,2026-06-05,2026-06-04,1.9521286,2.7669687,2.3084166,3.3180394,2.5844996,0.0
Wajo,2026-06-06,2026-06-05,0.15745878,1.1666886,0.38693428,1.1873261,0.3479327,0.2
Wajo,2026-06-07,2026-06-06,0.9403144,1.5180898,0.9538127,1.3025508,0.65472424,0.0
Wajo,2026-06-08,2026-06-07,0.4288273,1.4622471,0.7343041,1.228216,0.87675846,0.8
Wajo,2026-06-09,2026-06-08,1.3367157,1.5943577,1.403767,1.7287934,1.7333071,0.9000001
Wajo,2026-06-10,2026-06-09,1.3012568,2.166932,1.5282252,2.024172,2.2647655,3.2
Wajo,2026-06-11,2026-06-10,3.2194831,3.3031201,3.7513592,3.7072816,3.0349965,13.4
Wajo,2026-06-12,2026-06-11,5.636545,7.594817,6.9132347,7.5342026,5.700475,10.900001
Wajo,2026-06-13,2026-06-12,5.8851624,7.45759,7.478513,7.983592,6.181222,9.5
Wajo,2026-06-14,2026-06-13,5.9316874,7.355074,6.370678,6.7978983,5.237211,1.1
Wajo,2026-06-15,2026-06-14,2.0021353,3.164938,2.64068,2.0966992,1.8028191,1.9000002
Wajo,2026-06-16,2026-06-15,2.665902,3.6734924,2.9793131,2.6147692,2.217345,0.8000001
Wajo,2026-06-17,2026-06-16,1.0655001,2.2976727,2.2505016,1.700855,1.1799921,0.6
Wajo,2026-06-18,2026-06-17,0.60434616,1.3463695,1.4697769,0.8269452,0.56007814,1.1
Wajo,2026-06-19,2026-06-18,1.5618119,1.9498256,1.7113621,1.4257151,1.1243294,0.2
Wajo,2026-06-20,2026-06-19,0.5003351,0.6440431,0.6238196,0.4992267,0.3849063,0.8000001
Wajo,2026-06-21,2026-06-20,1.0278649,0.9646828,1.063964,0.9144194,0.86108255,0.8000001
Wajo,2026-06-22,2026-06-21,0.8635436,0.5193932,1.2168659,0.9088268,0.8597014,2.2999997
Wajo,2026-06-23,2026-06-22,2.348119,1.451026,2.6232176,2.2433867,2.3436427,1.1
Wajo,2026-06-24,2026-06-23,1.2544473,0.4815446,1.4995928,1.3727608,1.2908895,2.4999998
Wajo,2026-06-25,2026-06-24,2.557628,1.392087,2.8246038,2.6393971,2.6786401,1.7000002
Wajo,2026-06-26,2026-06-25,1.7264118,1.4373393,2.0212164,1.92202,1.849798,0.4
Wajo,2026-06-27,2026-06-26,0.48235023,0.39240098,0.675601,0.73100924,0.57618785,1.6000001
Wajo,2026-06-28,2026-06-27,1.6292992,1.4037054,1.7435658,1.8228219,1.6722838,1.3000001
Wajo,2026-06-29,2026-06-28,1.330887,1.3486172,1.4614697,1.4875484,1.323905,0.8000001
Wajo,2026-06-30,2026-06-29,0.8281342,0.7714379,1.0622175,0.94879067,0.93716645,0.6
Wajo,2026-07-01,2026-06-30,0.6282996,0.5658312,0.92550194,0.8135222,0.8721036,0.8000001
Wajo,2026-07-02,2026-07-01,0.8299657,0.9323422,1.1680952,1.0532013,1.0948782,0.6
Wajo,2026-07-03,2026-07-02,0.63024175,0.6793436,1.0199741,0.9429842,0.90638626,5.1999993
Wajo,2026-07-04,2026-07-03,3.005723,3.9215708,2.5133753,3.1744332,3.5806522,0.0
Wajo,2026-07-05,2026-07-04,0.031887293,0.16283584,-0.097616196,0.12113261,0.050783873,0.0
Wajo,2026-07-06,2026-07-05,0.03322625,0.3802364,0.37102592,0.10815263,0.13636374,0.0
Wajo,2026-07-07,2026-07-06,0.031900406,0.23995185,0.37202954,0.11027551,0.14075089,0.0
Wajo,2026-07-08,2026-07-07,0.023761988,0.090462446,0.33360267,0.12128854,0.057419777,0.8000001
Wajo,2026-07-09,2026-07-08,0.8327143,0.8231871,0.99731195,0.87963784,0.82866955,1.6
Wajo,2026-07-10,2026-07-09,1.6320311,1.3960483,1.7405434,1.5453794,1.5870615,0.8
Wajo,2026-07-11,2026-07-10,0.8274472,0.8739854,0.8907659,0.7640439,0.75202227,0.3
Wajo,2026-07-12,2026-07-11,0.31774473,0.049024343,0.37798166,0.32519662,0.25014186,0.0
Wajo,2026-07-13,2026-07-12,0.022139788,-0.1474874,0.10308123,0.052448988,-0.04540944,0.0
Wajo,2026-07-14,2026-07-13,0.01968956,-0.097708225,0.14567375,0.045178175,-0.019764185,0.1
Wajo,2026-07-15,2026-07-14,0.11159396,-0.08896279,0.19052196,0.16124344,0.09210968,1.2000002
Wajo,2026-07-16,2026-07-15,1.2160912,1.1044044,1.0187738,1.1412911,1.1326572,0.3
