unique_id,ds,precipitation_sum,temperature_2m_mean,relative_humidity_2m_mean,wind_speed_10m_mean,surface_pressure_mean,cloud_cover_mean,shortwave_radiation_sum
Bone,1996-01-31 00:00:00+00:00,160.0,800.44904,2609.5125,171.44095,30937.71,2831.1667,575.97
Bone,1996-02-29 00:00:00+00:00,151.1,754.28894,2420.9924,176.37079,28944.047,2657.75,576.7
Bone,1996-03-31 00:00:00+00:00,148.3,815.3407,2617.2537,204.50348,30955.309,2331.625,646.25
Bone,1996-04-30 00:00:00+00:00,127.0,785.57214,2514.28,183.65402,29969.777,2372.75,570.73
Bone,1996-05-31 00:00:00+00:00,178.2,788.3469,2702.3657,237.3378,31025.148,2295.125,529.83
Bone,1996-06-30 00:00:00+00:00,189.1,756.445,2614.73,242.33923,30015.414,2143.3333,488.13998
Bone,1996-07-31 00:00:00+00:00,175.59999,766.2991,2672.1038,274.02426,31014.365,2183.0417,537.42
Bone,1996-08-31 00:00:00+00:00,120.799995,781.7053,2624.1238,283.72934,31023.58,2025.0416,603.45
Bone,1996-09-30 00:00:00+00:00,27.0,784.8742,2315.312,255.37978,29983.494,1600.7084,680.39
Bone,1996-10-31 00:00:00+00:00,80.0,839.3949,2421.8572,203.56287,30979.396,2364.0833,679.7
Bone,1996-11-30 00:00:00+00:00,218.40001,787.83673,2497.0361,151.6477,29958.812,2622.0,590.98
Bone,1996-12-31 00:00:00+00:00,257.3,800.7011,2627.8762,241.42639,30931.982,2944.375,487.18
Bone,1997-01-31 00:00:00+00:00,174.90001,802.7553,2603.256,158.84818,30976.002,2719.25,579.22
Bone,1997-02-28 00:00:00+00:00,175.9,722.3391,2352.9607,163.02225,27945.55,2561.875,488.98
Bone,1997-03-31 00:00:00+00:00,81.9,801.2553,2613.4604,205.98694,31021.064,2360.4167,646.96
Bone,1997-04-30 00:00:00+00:00,226.3,765.4846,2605.48,201.41339,30038.006,2329.25,574.52
Bone,1997-05-31 00:00:00+00:00,73.4,795.96155,2648.0652,217.59912,31018.404,1613.875,581.87
Bone,1997-06-30 00:00:00+00:00,83.7,752.93256,2529.0574,270.1356,30061.594,1611.5416,562.7
Bone,1997-07-31 00:00:00+00:00,112.799995,757.01154,2608.5417,319.09006,31062.975,2007.125,566.24
Bone,1997-08-31 00:00:00+00:00,3.5000002,763.6428,2383.4,346.8772,31097.367,1331.6666,712.78
Bone,1997-09-30 00:00:00+00:00,1.5,761.9096,2081.3162,339.3126,30098.553,849.7917,778.6
Bone,1997-10-31 00:00:00+00:00,5.9,828.6428,2113.6833,289.07175,31074.668,1539.125,819.14
Bone,1997-11-30 00:00:00+00:00,39.0,816.368,2160.2637,219.1377,30036.727,1561.0834,744.26
Bone,1997-12-31 00:00:00+00:00,224.6,827.00323,2579.8818,141.86833,31004.385,2610.4167,596.19
Bone,1998-01-31 00:00:00+00:00,165.7,837.6095,2571.6406,135.26976,31013.219,2576.9167,635.29
Bone,1998-02-28 00:00:00+00:00,214.70001,751.6683,2375.1497,122.3995,28044.705,2205.8333,567.13
Bone,1998-03-31 00:00:00+00:00,280.9,827.7907,2684.7449,128.29373,31028.48,2497.0,635.66
Bone,1998-04-30 00:00:00+00:00,263.1,800.5554,2610.416,128.62195,30017.441,2357.0833,561.64
Bone,1998-05-31 00:00:00+00:00,251.5,813.34906,2776.716,214.24907,31005.58,2535.2917,490.93
Bone,1998-06-30 00:00:00+00:00,195.7,776.33044,2621.7761,187.06941,30010.107,2215.9583,488.71
Bone,1998-07-31 00:00:00+00:00,248.2,784.4324,2740.9915,211.09149,31011.578,2336.6667,511.01
Bone,1998-08-31 00:00:00+00:00,166.5,779.1741,2649.9255,289.1954,31031.414,2106.8333,579.49
Bone,1998-09-30 00:00:00+00:00,82.6,777.2138,2488.284,246.41978,30013.7,1872.375,656.35
Bone,1998-10-31 00:00:00+00:00,119.9,836.999,2529.9524,184.60236,30980.006,2312.0,674.81
Bone,1998-11-30 00:00:00+00:00,319.8,788.4138,2557.8914,137.22765,29943.527,2842.375,505.19
Bone,1998-12-31 00:00:00+00:00,127.3,820.86365,2563.4373,171.41841,30939.33,2819.7083,591.4
Bone,1999-01-31 00:00:00+00:00,341.3,801.0407,2680.4048,157.35936,30901.422,2949.625,498.25
Bone,1999-02-28 00:00:00+00:00,96.1,733.2516,2338.2144,160.38982,27961.18,2613.0833,510.35
Bone,1999-03-31 00:00:00+00:00,236.8,809.249,2651.268,130.82089,30902.51,2838.7917,583.0
Bone,1999-04-30 00:00:00+00:00,265.4,783.29504,2577.0059,133.95116,29956.523,2563.7917,532.5
Bone,1999-05-31 00:00:00+00:00,323.0,771.65735,2751.2856,229.65125,31007.613,2542.25,473.06
Bone,1999-06-30 00:00:00+00:00,139.5,747.4617,2596.9116,216.5466,30025.926,2167.0,506.26
Bone,1999-07-31 00:00:00+00:00,176.00002,751.9011,2638.0083,288.0252,31027.287,2056.0417,518.14
Bone,1999-08-31 00:00:00+00:00,56.600002,763.7803,2497.9163,317.1686,31058.88,1599.2084,645.3
Bone,1999-09-30 00:00:00+00:00,44.0,766.8388,2298.206,307.84265,30025.627,1345.0,694.16
Bone,1999-10-31 00:00:00+00:00,111.5,816.2074,2511.1357,213.56435,30985.334,2350.0833,658.13
Bone,1999-11-30 00:00:00+00:00,230.6,788.1242,2489.0159,126.61404,29958.42,2685.2917,584.54
Bone,1999-12-31 00:00:00+00:00,214.40001,810.1595,2618.18,176.35541,30928.79,2851.9167,544.98
Bone,2000-01-31 00:00:00+00:00,242.1,804.6553,2636.8518,158.2176,30941.51,2914.4583,588.86
Bone,2000-02-29 00:00:00+00:00,132.8,758.8369,2422.9446,144.01807,28938.926,2697.7917,576.43
Bone,2000-03-31 00:00:00+00:00,164.09999,812.6657,2592.746,146.44812,30948.307,2578.5417,627.57
Bone,2000-04-30 00:00:00+00:00,246.7,785.743,2557.4648,121.3251,29954.66,2568.75,570.06
Bone,2000-05-31 00:00:00+00:00,315.8,790.9011,2748.7,165.38211,30992.305,2650.4583,493.4
Bone,2000-06-30 00:00:00+00:00,395.5,727.6388,2727.137,241.65408,30019.248,2727.3333,359.82
Bone,2000-07-31 00:00:00+00:00,186.1,751.48444,2681.2476,309.44244,31017.537,2037.6667,518.03
Bone,2000-08-31 00:00:00+00:00,71.9,758.64075,2560.192,292.14932,31024.055,1878.7083,637.12
Bone,2000-09-30 00:00:00+00:00,36.6,771.1721,2361.1807,277.94284,30019.777,1396.875,691.33
Bone,2000-10-31 00:00:00+00:00,248.3,806.07196,2581.3943,150.30803,30968.082,2597.3333,596.08
Bone,2000-11-30 00:00:00+00:00,109.6,795.5721,2527.3828,131.53534,29932.889,2529.6667,605.31
Bone,2000-12-31 00:00:00+00:00,164.6,819.5616,2590.2922,179.39879,30919.527,2671.2083,582.75
Bone,2001-01-31 00:00:00+00:00,222.7,803.4303,2647.6936,141.53302,30942.535,2839.7917,595.08
Bone,2001-02-28 00:00:00+00:00,160.9,726.73285,2336.2773,216.36629,27912.25,2588.6667,488.48
Bone,2001-03-31 00:00:00+00:00,184.2,809.55945,2615.8142,161.41031,30961.51,2851.375,586.45
Bone,2001-04-30 00:00:00+00:00,249.50002,775.82837,2623.812,134.66364,29978.387,2665.3333,541.55
Bone,2001-05-31 00:00:00+00:00,110.3,798.022,2692.2407,197.91765,31008.387,2094.7917,567.37
Bone,2001-06-30 00:00:00+00:00,173.1,750.4617,2624.8894,226.10017,30003.678,2344.875,460.75
Bone,2001-07-31 00:00:00+00:00,94.5,765.13654,2563.3535,307.16718,31022.46,1594.5834,576.26
Bone,2001-08-31 00:00:00+00:00,34.800003,769.9178,2433.3123,343.7666,31038.291,1907.0416,629.88
Bone,2001-09-30 00:00:00+00:00,56.3,781.1117,2305.1265,291.60696,30017.73,1324.7916,697.65
Bone,2001-10-31 00:00:00+00:00,60.199997,843.8616,2347.8052,212.33965,30988.348,1860.2917,744.91
Bone,2001-11-30 00:00:00+00:00,186.7,807.1096,2426.3513,151.60994,29969.49,2706.8333,606.17
Bone,2001-12-31 00:00:00+00:00,237.2,798.3074,2651.8738,168.75702,30992.742,2869.0,512.87
Bone,2002-01-31 00:00:00+00:00,300.0,802.9949,2670.025,142.85695,30979.186,2886.9167,556.5
Bone,2002-02-28 00:00:00+00:00,123.7,734.42456,2350.3042,153.56952,28003.076,2629.3333,519.66
Bone,2002-03-31 00:00:00+00:00,262.5,806.87195,2657.4822,119.71306,30985.246,2587.875,608.05
Bone,2002-04-30 00:00:00+00:00,245.4,777.03253,2607.0986,151.84639,29978.71,2179.9167,556.77997
Bone,2002-05-31 00:00:00+00:00,182.2,792.7345,2692.3386,215.55714,31014.11,1843.0834,537.87
Bone,2002-06-30 00:00:00+00:00,177.5,747.15546,2614.4226,251.13174,30024.416,2081.4167,495.88998
Bone,2002-07-31 00:00:00+00:00,81.9,764.37195,2604.6375,292.68307,31060.562,1714.9584,574.23
Bone,2002-08-31 00:00:00+00:00,26.0,758.972,2406.61,340.4671,31055.395,1533.0834,661.39
Bone,2002-09-30 00:00:00+00:00,6.7000003,772.4263,2214.0388,298.24597,30061.492,1376.6666,723.7
Bone,2002-10-31 00:00:00+00:00,9.3,843.5782,2105.4805,267.58923,31006.053,1437.3334,816.48
Bone,2002-11-30 00:00:00+00:00,106.8,825.493,2264.9663,205.22165,29980.424,1990.4584,694.66
Bone,2002-12-31 00:00:00+00:00,156.4,829.4803,2582.0776,135.6947,30999.469,2438.7083,624.24
Bone,2003-01-31 00:00:00+00:00,208.4,812.54694,2630.2031,179.94948,30998.18,2839.9583,538.76
Bone,2003-02-28 00:00:00+00:00,264.4,736.64954,2362.2224,153.89012,27967.91,2630.0,519.76
Bone,2003-03-31 00:00:00+00:00,237.1,815.49695,2607.9985,141.85387,31001.598,2703.5,628.54
Bone,2003-04-30 00:00:00+00:00,205.5,786.64716,2581.2114,177.05956,29994.574,2260.4167,602.75
Bone,2003-05-31 00:00:00+00:00,212.2,794.1782,2683.9058,230.57124,31004.41,2116.7083,541.55
Bone,2003-06-30 00:00:00+00:00,151.90001,748.20966,2589.312,311.7972,30028.5,1768.875,518.71
Bone,2003-07-31 00:00:00+00:00,165.40001,759.38654,2629.443,305.68582,31047.754,1935.6666,544.08
Bone,2003-08-31 00:00:00+00:00,64.3,776.6928,2575.489,295.0893,31039.56,1593.9584,610.33
Bone,2003-09-30 00:00:00+00:00,28.9,773.38464,2345.8428,278.70386,30038.383,1673.875,691.02997
Bone,2003-10-31 00:00:00+00:00,42.4,834.57196,2393.5781,237.70161,31005.002,1890.7916,690.43
Bone,2003-11-30 00:00:00+00:00,164.59999,810.76587,2423.4365,160.66805,29975.676,2334.9167,647.45
Bone,2003-12-31 00:00:00+00:00,393.0,804.4053,2654.6394,197.36441,30958.402,2973.875,488.0
Bone,2004-01-31 00:00:00+00:00,222.09999,812.549,2638.8032,137.8346,30982.35,2779.0417,596.93
Bone,2004-02-29 00:00:00+00:00,194.09999,758.68896,2438.0427,199.04349,28967.965,2617.9167,509.82
Bone,2004-03-31 00:00:00+00:00,202.8,817.2282,2628.1716,202.6247,30956.625,2767.75,574.7
Bone,2004-04-30 00:00:00+00:00,144.9,786.7784,2557.1484,197.2243,29999.133,2282.4167,609.65
Bone,2004-05-31 00:00:00+00:00,170.0,811.00323,2640.2954,182.42401,30982.43,1980.75,554.96
Bone,2004-06-30 00:00:00+00:00,111.5,745.5388,2520.2795,300.00336,30056.996,2001.0416,489.51
Bone,2004-07-31 00:00:00+00:00,147.90001,756.8386,2621.4248,346.25385,31036.408,1797.125,546.2
Bone,2004-08-31 00:00:00+00:00,8.6,756.6115,2389.2488,351.92618,31063.703,1584.5416,666.08
Bone,2004-09-30 00:00:00+00:00,36.8,768.5471,2261.5857,336.41516,30045.303,1093.8334,714.87
Bone,2004-10-31 00:00:00+00:00,22.8,831.7282,2275.1816,239.54564,31021.908,1782.2916,774.74
Bone,2004-11-30 00:00:00+00:00,113.2,825.58466,2263.5186,187.91261,29978.855,1924.9167,656.85
Bone,2004-12-31 00:00:00+00:00,189.7,825.1657,2575.984,151.57315,30964.775,2650.8333,619.3
Bone,2005-01-31 00:00:00+00:00,112.0,824.6928,2531.1833,164.92015,30971.924,2662.0,583.97
Bone,2005-02-28 00:00:00+00:00,234.8,740.9704,2338.4478,140.721,28015.67,2450.7083,551.64
Bone,2005-03-31 00:00:00+00:00,189.79999,829.3261,2576.86,141.77472,31003.842,2418.125,660.1
Bone,2005-04-30 00:00:00+00:00,193.9,780.5492,2569.033,174.0223,30026.688,2363.625,539.62
Bone,2005-05-31 00:00:00+00:00,191.1,790.9157,2670.9849,242.56958,31013.76,2145.25,526.35
Bone,2005-06-30 00:00:00+00:00,86.4,765.43463,2568.2644,224.33427,30003.72,1571.5,547.54
Bone,2005-07-31 00:00:00+00:00,107.799995,783.3303,2523.6267,313.72385,31039.871,1921.875,562.83
Bone,2005-08-31 00:00:00+00:00,63.5,788.28864,2440.316,333.32513,31043.29,1568.3334,650.98
Bone,2005-09-30 00:00:00+00:00,18.2,786.46796,2285.394,303.58386,30029.686,1295.875,698.08
Bone,2005-10-31 00:00:00+00:00,115.3,829.1949,2446.3958,231.03264,30993.807,1938.2916,684.81
Bone,2005-11-30 00:00:00+00:00,186.29999,802.5513,2433.913,147.20831,29971.287,2560.2917,604.46
Bone,2005-12-31 00:00:00+00:00,201.4,817.14905,2608.864,134.33472,30945.89,2935.8333,581.7
Bone,2006-01-31 00:00:00+00:00,210.0,815.5532,2564.4954,218.68405,30935.14,2972.2917,557.89
Bone,2006-02-28 00:00:00+00:00,182.2,736.89124,2347.1985,138.7951,27966.973,2487.6667,519.6
Bone,2006-03-31 00:00:00+00:00,129.5,817.722,2571.644,172.15375,30948.732,2802.5,602.89
Bone,2006-04-30 00:00:00+00:00,200.7,783.4263,2568.5105,124.817795,29966.18,2661.9167,543.06
Bone,2006-05-31 00:00:00+00:00,287.0,784.9928,2753.9358,184.69115,31013.314,2718.875,465.87
Bone,2006-06-30 00:00:00+00:00,225.4,743.62,2621.0544,272.71576,30026.97,2452.0417,449.17
Bone,2006-07-31 00:00:00+00:00,69.5,759.1324,2573.5962,345.8476,31061.713,1789.5416,556.56
Bone,2006-08-31 00:00:00+00:00,33.300003,756.12616,2452.8938,386.85345,31065.514,1379.7084,646.55
Bone,2006-09-30 00:00:00+00:00,24.7,762.1867,2193.9119,342.9723,30051.982,1337.4166,723.91
Bone,2006-10-31 00:00:00+00:00,6.6000004,821.5761,2094.6072,326.46262,31055.082,1375.5,811.22
Bone,2006-11-30 00:00:00+00:00,28.699999,830.0617,2139.0396,224.01047,29984.24,1374.0,751.66
Bone,2006-12-31 00:00:00+00:00,189.4,850.6845,2441.21,173.53436,30959.043,2203.75,649.71
Bone,2007-01-31 00:00:00+00:00,235.7,825.55115,2576.2683,188.92302,30969.854,2770.7917,561.04
Bone,2007-02-28 00:00:00+00:00,256.5,730.7058,2359.2832,161.5024,27983.447,2523.5,534.81
Bone,2007-03-31 00:00:00+00:00,165.0,823.0428,2573.9158,150.0708,30962.633,2726.6667,636.96
Bone,2007-04-30 00:00:00+00:00,331.6,773.94714,2633.7944,135.97198,29996.047,2562.7083,509.44
Bone,2007-05-31 00:00:00+00:00,138.3,798.5553,2665.0044,235.50708,31013.684,2044.0416,550.36
Bone,2007-06-30 00:00:00+00:00,345.2,753.1867,2694.1748,221.53348,29965.703,2468.75,427.29
Bone,2007-07-31 00:00:00+00:00,152.9,755.83026,2637.4705,371.1611,31032.002,2317.375,518.42
Bone,2007-08-31 00:00:00+00:00,85.0,756.6553,2582.641,350.90378,31036.871,1879.7084,596.75
Bone,2007-09-30 00:00:00+00:00,36.7,755.3888,2345.5835,294.44345,30011.71,1430.4584,697.39
Bone,2007-10-31 00:00:00+00:00,84.2,824.722,2453.3748,243.29636,30981.598,1851.0416,724.94
Bone,2007-11-30 00:00:00+00:00,94.8,814.73047,2333.106,156.80801,29945.617,2342.9583,668.05
Bone,2007-12-31 00:00:00+00:00,127.2,825.2637,2521.9658,181.90526,30910.266,2807.2083,585.09
Bone,2008-01-31 00:00:00+00:00,154.5,819.04694,2529.8723,185.95378,30941.29,2696.3333,596.32
Bone,2008-02-29 00:00:00+00:00,152.0,759.64935,2390.0564,199.5092,28932.316,2760.0417,479.42
Bone,2008-03-31 00:00:00+00:00,258.7,806.4511,2619.6953,129.45721,30956.416,2780.9583,622.8
Bone,2008-04-30 00:00:00+00:00,201.8,763.9492,2608.1216,176.3049,29967.12,2592.2083,548.95
Bone,2008-05-31 00:00:00+00:00,196.1,778.2095,2699.3137,247.57858,31008.57,2171.9583,525.23
Bone,2008-06-30 00:00:00+00:00,190.0,739.64087,2620.3657,255.7284,30025.271,2105.5417,467.26
Bone,2008-07-31 00:00:00+00:00,181.5,750.83026,2666.2786,338.74933,31032.38,2113.0417,478.71
Bone,2008-08-31 00:00:00+00:00,162.8,757.70734,2645.8193,314.48917,31033.557,2189.4167,552.83
Bone,2008-09-30 00:00:00+00:00,61.300003,763.41174,2428.1006,257.46616,30018.97,1796.3334,672.73
Bone,2008-10-31 00:00:00+00:00,89.6,824.9574,2500.905,231.64581,30997.443,2223.9167,695.62
Bone,2008-11-30 00:00:00+00:00,180.1,807.5138,2455.275,150.55573,29945.973,2551.75,625.68
Bone,2008-12-31 00:00:00+00:00,237.0,808.80115,2641.5579,161.26001,30930.13,2985.3333,516.82
Bone,2009-01-31 00:00:00+00:00,233.9,805.9324,2613.3862,199.53653,30951.508,2847.375,549.65
Bone,2009-02-28 00:00:00+00:00,142.6,734.0308,2310.4949,178.91919,27929.473,2633.7917,523.12
Bone,2009-03-31 00:00:00+00:00,188.0,806.5324,2630.5095,117.784454,30977.766,2535.5833,615.23
Bone,2009-04-30 00:00:00+00:00,104.4,789.01794,2552.0261,162.41855,29974.918,2209.5417,592.95
Bone,2009-05-31 00:00:00+00:00,139.5,810.0803,2665.1677,178.98105,30972.441,2345.7917,561.45
Bone,2009-06-30 00:00:00+00:00,106.0,758.14087,2552.4458,250.71715,30026.512,1899.8334,514.55
Bone,2009-07-31 00:00:00+00:00,170.8,764.4345,2580.0762,294.51556,31032.797,1929.875,541.82
Bone,2009-08-31 00:00:00+00:00,24.000002,785.94696,2463.086,347.2823,31024.68,1253.7084,654.06
Bone,2009-09-30 00:00:00+00:00,23.600002,795.8055,2255.0073,295.61264,30011.455,1266.2084,707.24
Bone,2009-10-31 00:00:00+00:00,41.300003,838.097,2278.7595,268.18213,31015.049,1916.2916,761.15
Bone,2009-11-30 00:00:00+00:00,77.9,826.16797,2264.6475,206.26256,29950.535,2267.25,671.69
Bone,2009-12-31 00:00:00+00:00,140.90001,839.2637,2492.2327,150.6053,30972.762,2618.1667,632.06
Bone,2010-01-31 00:00:00+00:00,244.5,816.2011,2601.5356,192.12589,30977.723,2923.625,523.34
Bone,2010-02-28 00:00:00+00:00,166.2,749.96625,2377.0413,123.76596,28001.865,2411.0417,569.65
Bone,2010-03-31 00:00:00+00:00,228.8,823.39075,2652.1465,123.0843,31000.594,2548.9167,606.77997
Bone,2010-04-30 00:00:00+00:00,233.2,805.9784,2574.351,123.89322,29991.205,2533.2917,560.72003
Bone,2010-05-31 00:00:00+00:00,270.8,823.3262,2734.1658,170.37062,30959.424,2433.4583,510.46
Bone,2010-06-30 00:00:00+00:00,382.80002,756.4034,2690.2468,252.77997,30018.83,2445.5417,419.6
Bone,2010-07-31 00:00:00+00:00,253.5,777.37195,2757.0222,262.1753,31011.363,2449.3333,493.26
Bone,2010-08-31 00:00:00+00:00,157.2,783.13654,2683.4763,235.87701,31015.316,2361.7917,535.18
Bone,2010-09-30 00:00:00+00:00,147.0,780.743,2540.1614,187.53624,29989.355,2328.7083,612.48
Bone,2010-10-31 00:00:00+00:00,278.8,807.96155,2676.2358,165.66142,30959.621,2789.0,579.53
Bone,2010-11-30 00:00:00+00:00,217.3,788.32214,2555.064,132.07625,29951.02,2587.3333,614.79
Bone,2010-12-31 00:00:00+00:00,246.2,807.10736,2620.0098,169.88837,30891.418,2952.7083,513.13
Bone,2011-01-31 00:00:00+00:00,212.8,805.9282,2594.7366,161.86728,30916.254,2849.25,574.58
Bone,2011-02-28 00:00:00+00:00,109.0,735.67456,2292.5913,179.88231,27935.02,2460.5833,565.85
Bone,2011-03-31 00:00:00+00:00,218.5,807.5761,2625.117,163.27863,30934.191,2908.0417,554.99
Bone,2011-04-30 00:00:00+00:00,233.7,779.3326,2578.4465,153.33594,29960.604,2704.0833,509.65
Bone,2011-05-31 00:00:00+00:00,180.5,795.2824,2717.6624,193.62022,30995.908,2384.5417,517.76
Bone,2011-06-30 00:00:00+00:00,120.1,744.6284,2533.8865,304.85468,30012.268,2038.1666,493.11
Bone,2011-07-31 00:00:00+00:00,90.3,761.72406,2627.2876,309.71838,31024.957,2041.3333,555.27
Bone,2011-08-31 00:00:00+00:00,34.600002,770.3282,2433.3203,371.73853,31035.332,1499.875,642.15
Bone,2011-09-30 00:00:00+00:00,40.8,769.5659,2321.8867,312.37097,30032.547,1673.2084,671.64
Bone,2011-10-31 00:00:00+00:00,96.6,824.7949,2504.049,233.92017,30981.115,1998.6666,695.01
Bone,2011-11-30 00:00:00+00:00,115.9,812.3534,2388.386,167.8678,29947.236,2137.75,669.17
Bone,2011-12-31 00:00:00+00:00,218.4,824.6157,2596.0698,150.32169,30918.713,2843.6667,543.58
Bone,2012-01-31 00:00:00+00:00,131.3,814.0907,2602.5686,164.65433,30936.697,2963.8333,534.88
Bone,2012-02-29 00:00:00+00:00,250.0,751.5264,2492.2244,132.72678,28946.342,2513.7917,553.12
Bone,2012-03-31 00:00:00+00:00,217.6,808.9907,2624.0974,143.34038,30942.604,2882.375,547.76
Bone,2012-04-30 00:00:00+00:00,184.8,777.5638,2569.1165,149.28506,30001.438,2390.75,586.72
Bone,2012-05-31 00:00:00+00:00,219.9,790.5282,2703.981,194.23425,30987.326,2465.5,499.03
Bone,2012-06-30 00:00:00+00:00,237.6,746.0013,2588.957,274.37173,30023.072,2093.25,463.24
Bone,2012-07-31 00:00:00+00:00,165.2,754.12195,2639.8909,319.36804,31019.682,2213.75,507.63998
Bone,2012-08-31 00:00:00+00:00,57.700005,759.0074,2514.5393,350.69205,31057.223,1643.9166,626.6
Bone,2012-09-30 00:00:00+00:00,25.7,769.4638,2276.4866,279.46268,30036.04,1765.4584,714.98
Bone,2012-10-31 00:00:00+00:00,51.2,834.41364,2378.736,252.0262,30995.398,1736.6666,747.76
Bone,2012-11-30 00:00:00+00:00,95.0,818.2971,2364.1584,179.8427,29971.285,1947.9166,668.76
Bone,2012-12-31 00:00:00+00:00,224.0,825.78656,2573.732,135.6959,30943.332,2814.9583,582.53
Bone,2013-01-31 00:00:00+00:00,156.7,823.222,2547.5999,229.63177,30954.78,2941.2083,526.96
Bone,2013-02-28 00:00:00+00:00,150.1,740.9808,2336.6228,153.78337,27951.469,2474.8333,528.53
Bone,2013-03-31 00:00:00+00:00,154.9,824.8199,2606.6409,150.19414,30986.586,2572.0417,609.54
Bone,2013-04-30 00:00:00+00:00,194.3,786.8596,2593.6772,152.21222,29981.615,2546.0417,545.05
Bone,2013-05-31 00:00:00+00:00,285.2,805.36365,2711.6504,163.5787,30990.758,2578.0417,500.92
Bone,2013-06-30 00:00:00+00:00,281.4,770.2346,2643.8818,153.15417,29972.447,2403.0417,452.48
Bone,2013-07-31 00:00:00+00:00,395.7,754.2699,2773.3696,273.57504,31009.936,2730.75,383.2
Bone,2013-08-31 00:00:00+00:00,73.3,766.10736,2527.2764,333.87576,31040.898,1859.25,608.72
Bone,2013-09-30 00:00:00+00:00,31.6,767.56793,2372.0913,302.21768,30020.148,1734.0,699.15
Bone,2013-10-31 00:00:00+00:00,42.0,836.5157,2323.3618,218.32951,31015.38,2061.625,748.19
Bone,2013-11-30 00:00:00+00:00,112.2,813.5326,2345.5195,161.0486,29952.459,2602.25,620.34
Bone,2013-12-31 00:00:00+00:00,328.0,810.624,2664.3962,159.09494,30942.043,3002.5,505.63998
Bone,2014-01-31 00:00:00+00:00,147.8,805.022,2569.2078,243.42618,30957.684,2910.2083,510.85
Bone,2014-02-28 00:00:00+00:00,109.1,738.45996,2270.1782,136.5494,27967.246,2570.25,569.83
Bone,2014-03-31 00:00:00+00:00,209.6,812.4282,2633.9067,137.43997,30999.574,2537.7083,624.27997
Bone,2014-04-30 00:00:00+00:00,175.2,786.14294,2564.603,129.46587,29990.344,2465.0,551.25
Bone,2014-05-31 00:00:00+00:00,253.1,800.6324,2723.4846,220.31119,31010.05,2471.1667,510.88998
Bone,2014-06-30 00:00:00+00:00,281.9,756.17633,2691.14,243.2897,30004.186,2428.25,415.08002
Bone,2014-07-31 00:00:00+00:00,120.2,770.13025,2657.9111,291.82172,31045.312,2260.9167,510.27
Bone,2014-08-31 00:00:00+00:00,98.8,761.01575,2545.2078,364.41733,31064.188,1635.5834,632.82
Bone,2014-09-30 00:00:00+00:00,5.0,760.49713,2149.323,332.00165,30058.98,1479.9166,749.03
Bone,2014-10-31 00:00:00+00:00,10.0,829.63025,2129.09,318.56396,31023.812,1627.375,821.53
Bone,2014-11-30 00:00:00+00:00,40.0,832.6179,2168.8828,206.43338,29978.06,2096.5,719.82
Bone,2014-12-31 00:00:00+00:00,225.8,825.8282,2580.4507,151.88422,30954.088,2958.4583,538.53
Bone,2015-01-31 00:00:00+00:00,125.4,816.7678,2553.9097,217.84138,30979.06,2899.1667,583.46
Bone,2015-02-28 00:00:00+00:00,230.7,726.2829,2387.2354,124.88644,28001.195,2582.3333,515.88
Bone,2015-03-31 00:00:00+00:00,260.4,807.3345,2659.6992,143.17754,31028.729,2677.4167,593.73
Bone,2015-04-30 00:00:00+00:00,269.1,780.0742,2606.279,143.76886,30002.922,2454.1667,510.05
Bone,2015-05-31 00:00:00+00:00,164.8,794.4595,2668.684,272.53662,31040.107,2285.875,545.23
Bone,2015-06-30 00:00:00+00:00,173.7,749.9242,2617.019,283.6181,30040.162,2299.125,451.78
Bone,2015-07-31 00:00:00+00:00,74.9,764.57404,2600.2769,359.98337,31072.166,1653.2084,585.32
Bone,2015-08-31 00:00:00+00:00,16.400002,767.72406,2403.7563,384.59293,31078.076,1589.7084,683.39
Bone,2015-09-30 00:00:00+00:00,1.0,775.07007,2113.8372,369.48822,30072.734,1250.7916,762.29
Bone,2015-10-31 00:00:00+00:00,8.8,831.2157,2148.4666,362.7193,31070.473,1245.8334,820.15
Bone,2015-11-30 00:00:00+00:00,17.6,845.8367,2139.2148,217.93694,29980.107,1645.4584,721.47003
Bone,2015-12-31 00:00:00+00:00,180.70001,843.7907,2495.2732,172.53026,30998.32,2614.75,586.34
Bone,2016-01-31 00:00:00+00:00,141.8,842.5491,2556.9854,148.19194,31027.879,2285.6667,647.44
Bone,2016-02-29 00:00:00+00:00,349.3,772.75354,2488.759,119.966805,29016.416,2644.7917,487.66998
Bone,2016-03-31 00:00:00+00:00,311.4,832.55115,2680.181,127.40503,31025.992,2762.25,575.72
Bone,2016-04-30 00:00:00+00:00,227.0,794.8305,2607.4512,136.7725,30015.209,2646.125,508.48
Bone,2016-05-31 00:00:00+00:00,175.0,829.19904,2687.3618,187.9616,30998.762,2094.625,552.53
Bone,2016-06-30 00:00:00+00:00,159.0,776.82214,2583.8215,193.24718,30030.725,2171.9167,480.37
Bone,2016-07-31 00:00:00+00:00,172.1,785.83026,2651.5295,258.67426,31027.203,1955.375,539.97003
Bone,2016-08-31 00:00:00+00:00,65.5,795.66156,2510.0837,291.70932,31021.852,1808.3334,619.27
Bone,2016-09-30 00:00:00+00:00,97.0,800.82214,2383.7993,229.04465,30003.52,1868.75,674.14
Bone,2016-10-31 00:00:00+00:00,230.1,818.37823,2571.947,191.69283,30988.234,2505.625,604.07
Bone,2016-11-30 00:00:00+00:00,153.9,807.40125,2498.9036,145.74951,29968.229,2698.0,615.28
Bone,2016-12-31 00:00:00+00:00,135.90001,844.897,2493.4854,168.02124,30937.074,2816.2917,595.62
Bone,2017-01-31 00:00:00+00:00,189.4,829.32935,2559.7185,185.51898,30958.902,2864.0,557.5
Bone,2017-02-28 00:00:00+00:00,341.0,737.3293,2372.7253,190.75737,27984.025,2643.375,498.22998
Bone,2017-03-31 00:00:00+00:00,254.0,814.3398,2674.2864,140.03374,30991.51,2813.1667,548.35
Bone,2017-04-30 00:00:00+00:00,281.1,787.8967,2616.0505,125.03268,30010.549,2541.0833,549.5
Bone,2017-05-31 00:00:00+00:00,297.2,797.6106,2784.2554,215.16609,31019.326,2498.875,464.82
Bone,2017-06-30 00:00:00+00:00,270.5,745.54047,2721.556,203.87534,30048.268,2484.1667,366.03
Bone,2017-07-31 00:00:00+00:00,195.40001,771.31476,2726.8818,242.25534,31058.816,2280.2083,461.4
Bone,2017-08-31 00:00:00+00:00,84.4,779.38354,2575.3735,294.3811,31042.861,2027.6666,584.57
Bone,2017-09-30 00:00:00+00:00,72.8,768.88007,2519.4324,261.51266,30040.123,1989.2084,613.97003
Bone,2017-10-31 00:00:00+00:00,85.7,823.9169,2598.4934,184.3533,30985.457,2149.4167,648.38
Bone,2017-11-30 00:00:00+00:00,166.3,800.8738,2562.179,140.43547,29934.629,2584.875,533.42
Bone,2017-12-31 00:00:00+00:00,229.59999,824.6856,2615.0723,166.66608,30950.996,2625.75,544.98
Bone,2018-01-31 00:00:00+00:00,162.9,819.10645,2562.941,228.16022,30921.975,2961.5,520.13
Bone,2018-02-28 00:00:00+00:00,157.90001,734.1293,2365.395,169.61925,27987.543,2461.1667,519.67
Bone,2018-03-31 00:00:00+00:00,235.90001,807.76685,2663.194,151.50304,30970.523,2627.75,543.94
Bone,2018-04-30 00:00:00+00:00,139.7,784.7134,2605.2312,163.6996,29995.363,2246.0,565.07
Bone,2018-05-31 00:00:00+00:00,264.0,784.6252,2807.8462,241.3131,31018.662,2458.5,452.35
Bone,2018-06-30 00:00:00+00:00,288.4,746.2133,2724.8677,243.08162,30051.174,2238.0,435.05
Bone,2018-07-31 00:00:00+00:00,168.3,764.7564,2730.1355,264.35477,31036.957,2172.7917,493.6
Bone,2018-08-31 00:00:00+00:00,66.5,775.3939,2641.0042,253.04887,31051.42,1594.5416,597.95
Bone,2018-09-30 00:00:00+00:00,50.1,768.3237,2377.0193,263.3018,30045.572,1601.5834,683.37
Bone,2018-10-31 00:00:00+00:00,27.3,831.8502,2403.3777,246.31593,31029.021,1807.0,736.01
Bone,2018-11-30 00:00:00+00:00,250.0,805.9404,2535.9526,157.76418,30000.705,2391.9583,607.13
Bone,2018-12-31 00:00:00+00:00,281.40002,821.0877,2690.178,171.28777,30968.031,2806.2083,548.63
Bone,2019-01-31 00:00:00+00:00,233.6,819.2877,2680.9697,176.29184,30992.744,2820.5,512.35
Bone,2019-02-28 00:00:00+00:00,301.40002,727.5251,2497.6292,120.076035,28043.701,2453.2917,509.31
Bone,2019-03-31 00:00:00+00:00,345.0,811.98145,2708.9514,147.91635,31010.523,2536.7083,553.38
Bone,2019-04-30 00:00:00+00:00,462.4,780.1654,2729.7688,150.18964,30004.107,2648.9167,464.02
Bone,2019-05-31 00:00:00+00:00,214.9,804.3814,2745.3108,216.71065,31031.219,2299.1667,513.56
Bone,2019-06-30 00:00:00+00:00,280.69998,753.6196,2663.7712,276.0031,30038.168,2175.75,444.44
Bone,2019-07-31 00:00:00+00:00,152.1,758.3752,2660.9148,285.0072,31072.785,1723.5416,544.81
Bone,2019-08-31 00:00:00+00:00,58.7,763.39813,2565.8525,303.50867,31077.174,1796.125,630.26
Bone,2019-09-30 00:00:00+00:00,49.0,750.3321,2436.2786,293.21558,30088.717,1651.125,684.57
Bone,2019-10-31 00:00:00+00:00,44.5,813.8585,2499.8655,279.89536,31017.303,1753.9166,730.38
Bone,2019-11-30 00:00:00+00:00,37.2,824.2883,2346.9521,209.81839,29996.861,1659.5834,678.28
Bone,2019-12-31 00:00:00+00:00,217.8,843.4002,2603.4563,141.77936,30984.924,2616.625,599.45
Bone,2020-01-31 00:00:00+00:00,303.1,831.1585,2677.0662,157.11801,30984.395,2679.7083,555.36
Bone,2020-02-29 00:00:00+00:00,448.9,766.90985,2587.5618,110.16544,29012.494,2647.75,508.11002
Bone,2020-03-31 00:00:00+00:00,419.5,816.95856,2784.828,116.61213,31010.863,2699.0417,549.41003
Bone,2020-04-30 00:00:00+00:00,314.2,787.78,2692.6326,140.38045,30022.352,2399.4583,516.83
Bone,2020-05-31 00:00:00+00:00,287.30002,813.1794,2804.4072,187.73836,31020.402,2542.4583,485.14
Bone,2020-06-30 00:00:00+00:00,267.6,758.7738,2693.8816,253.53653,30034.111,2316.0,467.03
Bone,2020-07-31 00:00:00+00:00,358.1,775.3335,2751.294,299.17844,31019.64,2248.875,518.94
Bone,2020-08-31 00:00:00+00:00,89.4,788.4919,2606.686,269.26404,31036.441,1616.375,619.32
Bone,2020-09-30 00:00:00+00:00,108.200005,776.9967,2552.4404,270.01373,30021.637,2040.1666,630.15
Bone,2020-10-31 00:00:00+00:00,95.2,823.2064,2578.7832,229.54675,30990.97,2142.5417,660.46
Bone,2020-11-30 00:00:00+00:00,172.0,805.0925,2530.9478,170.2401,29988.193,2367.6667,590.12
Bone,2020-12-31 00:00:00+00:00,244.6,815.8815,2668.3525,158.70186,30948.7,2880.875,484.95
Bone,2021-01-31 00:00:00+00:00,293.5,810.7231,2694.2573,178.23727,30940.324,2861.2917,521.12
Bone,2021-02-28 00:00:00+00:00,66.6,749.98346,2275.2588,205.2954,27965.47,2471.9167,554.02
Bone,2021-03-31 00:00:00+00:00,383.6,802.86475,2750.409,119.252045,30979.346,2729.7917,542.89
Bone,2021-04-30 00:00:00+00:00,117.6,791.3029,2532.6035,183.02847,30007.848,2339.9583,568.11
Bone,2021-05-31 00:00:00+00:00,226.59999,803.87933,2752.2324,211.30972,31003.803,2325.0,498.5
Bone,2021-06-30 00:00:00+00:00,165.40001,766.3175,2675.1487,194.84222,30044.012,2086.4583,493.75
Bone,2021-07-31 00:00:00+00:00,144.6,778.4294,2734.9277,225.31058,31033.832,2244.7083,484.76
Bone,2021-08-31 00:00:00+00:00,253.5,779.9377,2778.7002,254.69669,31051.584,2311.7917,547.79
Bone,2021-09-30 00:00:00+00:00,185.1,761.28,2652.0684,219.8918,30028.04,2297.5,530.92
Bone,2021-10-31 00:00:00+00:00,94.3,827.75854,2631.7483,178.42693,30997.71,2375.7917,686.05
Bone,2021-11-30 00:00:00+00:00,291.5,787.8592,2624.8525,122.56177,29961.68,2859.625,575.06
Bone,2021-12-31 00:00:00+00:00,205.3,823.1648,2617.3574,197.70398,30976.088,2973.625,535.79
Bone,2022-01-31 00:00:00+00:00,164.5,824.6231,2535.7732,206.71191,30973.047,2978.875,618.13
Bone,2022-02-28 00:00:00+00:00,317.0,729.56055,2371.805,174.21268,27962.738,2623.375,516.66
Bone,2022-03-31 00:00:00+00:00,342.0,814.8252,2700.3337,126.85213,30960.857,2822.875,590.46
Bone,2022-04-30 00:00:00+00:00,205.9,789.64874,2571.0923,132.65103,29972.895,2491.0833,601.7
Bone,2022-05-31 00:00:00+00:00,225.20001,811.6981,2721.1423,169.53726,30992.67,2607.0,557.29
Bone,2022-06-30 00:00:00+00:00,186.8,757.655,2649.3726,201.92256,30002.004,2383.2083,519.18
Bone,2022-07-31 00:00:00+00:00,146.3,781.721,2712.9766,234.32516,31010.45,2479.8333,510.24
Bone,2022-08-31 00:00:00+00:00,118.6,786.8981,2588.294,258.0413,31016.973,2225.0417,611.57
Bone,2022-09-30 00:00:00+00:00,77.299995,782.0113,2499.5044,218.63889,30020.666,2424.0417,666.52
Bone,2022-10-31 00:00:00+00:00,202.40001,817.3523,2663.9766,159.28146,30985.523,2829.9583,635.31
Bone,2022-11-30 00:00:00+00:00,210.0,795.29877,2581.2898,127.653275,29980.227,2872.4583,588.6
Bone,2022-12-31 00:00:00+00:00,225.70001,811.05853,2622.364,194.72134,30933.879,2870.6667,563.2
Bone,2023-01-31 00:00:00+00:00,198.6,817.02936,2603.3804,195.4223,30952.57,3027.125,600.19
Bone,2023-02-28 00:00:00+00:00,116.00001,747.9064,2238.003,227.31421,27956.246,2689.625,529.99
Bone,2023-03-31 00:00:00+00:00,350.40002,804.21265,2700.4358,144.76625,31005.479,2926.1667,591.01
Bone,2023-04-30 00:00:00+00:00,209.7,788.3508,2605.0166,158.89818,29978.633,2724.625,550.35
Bone,2023-05-31 00:00:00+00:00,198.6,803.15436,2724.2473,210.772,31042.42,2539.0833,529.64
Bone,2023-06-30 00:00:00+00:00,106.8,776.11755,2571.0244,203.20897,30034.549,2319.4167,529.52997
Bone,2023-07-31 00:00:00+00:00,132.3,786.65857,2658.3723,256.00574,31059.88,2163.0833,558.44
Bone,2023-08-31 00:00:00+00:00,45.4,786.1877,2503.2717,305.97995,31089.285,1613.5416,671.77
Bone,2023-09-30 00:00:00+00:00,24.3,782.2925,2231.4697,309.6378,30061.887,1562.2916,728.42
Bone,2023-10-31 00:00:00+00:00,25.6,855.46686,2268.434,291.87506,31062.936,1368.9584,777.51
Bone,2023-11-30 00:00:00+00:00,127.7,837.5217,2348.1055,175.67705,30000.574,2116.2917,684.87
Bone,2023-12-31 00:00:00+00:00,216.2,851.0564,2592.6658,131.10477,30994.166,2748.1667,637.33
Bone,2024-01-31 00:00:00+00:00,257.3,845.62726,2574.3071,201.9777,30992.121,2997.875,577.19
Bone,2024-02-29 00:00:00+00:00,223.5,791.1015,2442.9304,133.56992,29027.855,2573.1667,587.01
Bone,2024-03-31 00:00:00+00:00,282.9,843.2398,2666.693,134.21347,31009.156,2897.5833,616.99
Bone,2024-04-30 00:00:00+00:00,420.7,797.06335,2684.296,134.1949,29984.6,2713.875,532.02997
Bone,2024-05-31 00:00:00+00:00,173.6,823.10645,2720.283,229.43338,31005.28,2334.6667,547.72
Bone,2024-06-30 00:00:00+00:00,116.200005,774.2592,2586.8022,223.12685,30044.38,2222.0417,531.22
Bone,2024-07-31 00:00:00+00:00,162.4,780.1794,2675.7427,262.02054,31050.127,2320.8333,527.08
Bone,2024-08-31 00:00:00+00:00,59.7,793.23975,2533.4458,303.99188,31055.129,1761.5416,670.12
Bone,2024-09-30 00:00:00+00:00,56.3,794.2217,2430.5857,249.33113,30019.23,1770.375,695.06
Bone,2024-10-31 00:00:00+00:00,50.7,850.346,2437.661,228.02527,31010.549,2107.4583,741.41
Bone,2024-11-30 00:00:00+00:00,266.80002,804.39874,2591.9534,130.3216,29972.053,2584.625,636.27
Bone,2024-12-31 00:00:00+00:00,225.20001,825.0835,2730.9397,176.89015,30939.137,2950.7083,515.77
Bone,2025-01-31 00:00:00+00:00,400.7,810.1606,2789.1812,143.30272,30953.441,3022.9583,564.03
Bone,2025-02-28 00:00:00+00:00,233.5,738.848,2422.7947,167.2514,27984.771,2715.375,526.76
Bone,2025-03-31 00:00:00+00:00,302.8,821.6523,2713.227,164.15427,30966.947,2814.5417,628.85
Bone,2025-04-30 00:00:00+00:00,377.7,779.3508,2722.5881,98.837555,29997.932,2745.6667,541.38
Bone,2025-05-31 00:00:00+00:00,374.2,802.8127,2825.581,136.75632,30999.324,2684.9167,549.13
Bone,2025-06-30 00:00:00+00:00,279.4,750.51337,2741.3125,167.0128,30041.215,2528.6667,440.1
Bone,2025-07-31 00:00:00+00:00,98.200005,776.6981,2748.6807,226.20831,31029.852,2054.7917,567.29
Bone,2025-08-31 00:00:00+00:00,69.0,777.6106,2652.5256,238.97723,31051.367,2222.625,605.85
Bone,2025-09-30 00:00:00+00:00,113.40001,781.8217,2437.1006,248.95502,30038.191,1905.6666,690.71
Bone,2025-10-31 00:00:00+00:00,177.40001,831.03143,2550.8442,176.95265,31002.348,2203.1667,705.14
Bone,2025-11-30 00:00:00+00:00,240.8,797.4571,2611.5623,136.55164,29975.584,2816.25,587.79
Bone,2025-12-31 00:00:00+00:00,207.40001,820.53973,2710.906,153.81749,30946.133,2969.4167,569.86
Pinrang,1996-01-31 00:00:00+00:00,305.80002,777.4011,2718.5613,219.10919,31224.86,2976.0833,505.82
Pinrang,1996-02-29 00:00:00+00:00,175.9,740.50836,2494.9456,228.74742,29207.176,2676.7083,564.61
Pinrang,1996-03-31 00:00:00+00:00,203.2,798.9428,2699.1594,187.15848,31226.002,2608.25,623.31
Pinrang,1996-04-30 00:00:00+00:00,141.4,776.6912,2560.4668,201.27849,30221.758,2547.0417,553.14
Pinrang,1996-05-31 00:00:00+00:00,119.100006,800.3116,2611.1008,240.84448,31273.072,2292.125,593.01
Pinrang,1996-06-30 00:00:00+00:00,95.7,767.3308,2514.835,280.45718,30248.959,2316.6667,511.53
Pinrang,1996-07-31 00:00:00+00:00,120.9,778.31573,2559.5566,309.6483,31256.107,2135.5,555.63
Pinrang,1996-08-31 00:00:00+00:00,86.5,798.772,2482.6545,289.97833,31264.04,2266.9583,607.46
Pinrang,1996-09-30 00:00:00+00:00,13.5,802.21204,2185.5244,255.59204,30220.354,1936.625,659.66003
Pinrang,1996-10-31 00:00:00+00:00,159.5,813.9866,2573.3137,158.21872,31237.97,2654.1667,610.69
Pinrang,1996-11-30 00:00:00+00:00,253.5,768.3788,2586.6707,143.32579,30218.422,2732.125,532.25
Pinrang,1996-12-31 00:00:00+00:00,486.6,789.6866,2656.835,282.39154,31214.973,2960.4583,476.02
Pinrang,1997-01-31 00:00:00+00:00,232.7,785.0303,2684.9915,222.64896,31257.598,2840.5,552.28
Pinrang,1997-02-28 00:00:00+00:00,199.0,714.4381,2391.7776,208.72896,28201.982,2624.5417,478.4
Pinrang,1997-03-31 00:00:00+00:00,211.9,792.1574,2679.0703,198.15323,31293.904,2664.0,620.54
Pinrang,1997-04-30 00:00:00+00:00,238.79999,770.8662,2546.4343,194.61584,30279.91,2430.8333,595.87
Pinrang,1997-05-31 00:00:00+00:00,102.1,803.04285,2591.8506,206.36746,31267.19,1616.0416,603.27
Pinrang,1997-06-30 00:00:00+00:00,7.1000004,789.19543,2214.3462,342.79855,30285.836,1437.125,613.99
Pinrang,1997-07-31 00:00:00+00:00,18.6,801.17615,2274.75,402.08566,31294.49,2045.6667,593.81
Pinrang,1997-08-31 00:00:00+00:00,0.1,828.51575,2001.238,417.5851,31320.451,1248.5,739.09
Pinrang,1997-09-30 00:00:00+00:00,0.4,815.66205,1816.5857,396.6716,30319.17,916.9584,777.78
Pinrang,1997-10-31 00:00:00+00:00,12.6,865.98236,1954.7971,285.8507,31315.193,1792.1666,793.5
Pinrang,1997-11-30 00:00:00+00:00,75.4,822.45166,2190.8953,182.53773,30284.238,2064.875,684.76
Pinrang,1997-12-31 00:00:00+00:00,210.4,812.84906,2644.2188,168.18431,31276.625,2686.8333,591.08
Pinrang,1998-01-31 00:00:00+00:00,128.0,829.92615,2573.151,155.87616,31281.34,2578.2083,625.1
Pinrang,1998-02-28 00:00:00+00:00,110.2,747.31934,2319.5293,133.63739,28285.977,2241.9583,576.79
Pinrang,1998-03-31 00:00:00+00:00,181.7,832.2845,2580.6938,142.38203,31291.275,2409.0417,649.61
Pinrang,1998-04-30 00:00:00+00:00,224.9,796.42664,2575.4268,136.38345,30269.154,2397.3333,568.48
Pinrang,1998-05-31 00:00:00+00:00,255.2,817.84906,2715.1235,195.87288,31253.465,2504.9583,515.93
Pinrang,1998-06-30 00:00:00+00:00,106.4,777.0975,2577.3867,212.61102,30250.021,2407.625,486.89
Pinrang,1998-07-31 00:00:00+00:00,134.7,787.8741,2682.5552,210.18011,31260.242,2360.25,525.72003
Pinrang,1998-08-31 00:00:00+00:00,106.700005,789.6199,2561.5896,328.23965,31270.688,2309.4583,582.88
Pinrang,1998-09-30 00:00:00+00:00,75.0,785.4204,2409.4065,251.04219,30250.092,2011.2084,642.92
Pinrang,1998-10-31 00:00:00+00:00,198.3,815.8386,2621.5618,160.26349,31240.492,2525.9583,637.03
Pinrang,1998-11-30 00:00:00+00:00,339.6,769.6017,2646.0564,200.59654,30213.055,2921.375,465.63
Pinrang,1998-12-31 00:00:00+00:00,256.6,794.0178,2685.717,243.13533,31225.453,2936.0417,513.45
Pinrang,1999-01-31 00:00:00+00:00,462.3,783.56573,2748.8403,239.45258,31184.52,3008.0417,453.94
Pinrang,1999-02-28 00:00:00+00:00,187.09999,720.0964,2420.5178,213.07922,28217.363,2707.1667,509.83
Pinrang,1999-03-31 00:00:00+00:00,225.5,792.8303,2686.9382,177.73528,31176.39,2884.5,552.41
Pinrang,1999-04-30 00:00:00+00:00,233.09999,771.3079,2602.975,177.09389,30216.29,2724.7083,501.29
Pinrang,1999-05-31 00:00:00+00:00,123.7,780.897,2666.726,274.02863,31252.04,2486.8333,521.23
Pinrang,1999-06-30 00:00:00+00:00,81.0,757.8662,2502.5422,272.27634,30261.717,2068.6667,538.12
Pinrang,1999-07-31 00:00:00+00:00,54.5,773.1095,2484.8054,364.01865,31265.271,2046.6666,557.85
Pinrang,1999-08-31 00:00:00+00:00,20.4,805.82196,2188.2747,415.02853,31288.6,1659.2084,675.73
Pinrang,1999-09-30 00:00:00+00:00,27.3,794.5975,2131.567,320.1275,30252.691,1513.375,666.21
Pinrang,1999-10-31 00:00:00+00:00,279.6,798.2616,2590.9258,188.2219,31240.676,2615.9167,604.62
Pinrang,1999-11-30 00:00:00+00:00,205.3,765.0746,2633.6355,162.45511,30224.305,2826.875,514.4
Pinrang,1999-12-31 00:00:00+00:00,271.80002,793.2761,2670.6904,216.5513,31211.42,2885.4583,517.39
Pinrang,2000-01-31 00:00:00+00:00,331.6,786.56995,2689.903,196.75809,31217.984,2988.2917,545.92
Pinrang,2000-02-29 00:00:00+00:00,296.8,744.0459,2471.7595,183.3529,29201.336,2772.8333,527.36
Pinrang,2000-03-31 00:00:00+00:00,258.4,798.9095,2663.1277,178.62128,31220.623,2774.0,614.39
Pinrang,2000-04-30 00:00:00+00:00,225.5,766.44745,2636.344,160.14334,30217.818,2722.4583,529.83997
Pinrang,2000-05-31 00:00:00+00:00,185.09999,795.4991,2676.902,191.95932,31246.574,2463.8333,528.27
Pinrang,2000-06-30 00:00:00+00:00,183.0,734.14954,2638.5457,293.77054,30254.924,2690.7917,378.44
Pinrang,2000-07-31 00:00:00+00:00,40.6,773.37823,2523.3586,414.54523,31250.354,1799.625,563.1
Pinrang,2000-08-31 00:00:00+00:00,16.2,788.8345,2341.6233,366.22394,31261.646,1998.625,632.01
Pinrang,2000-09-30 00:00:00+00:00,15.900001,808.16205,2100.4653,324.80527,30246.65,1617.5834,696.8
Pinrang,2000-10-31 00:00:00+00:00,146.8,812.4553,2504.0032,193.7217,31226.871,2743.0,573.06
Pinrang,2000-11-30 00:00:00+00:00,400.3,775.1496,2610.287,150.01622,30196.875,2749.9167,570.49
Pinrang,2000-12-31 00:00:00+00:00,241.6,797.6074,2682.1038,236.19562,31206.354,2913.7917,518.53
Pinrang,2001-01-31 00:00:00+00:00,218.5,785.50946,2699.4773,170.01653,31220.426,2965.2917,530.58
Pinrang,2001-02-28 00:00:00+00:00,185.4,723.9277,2346.5469,273.31366,28168.893,2699.75,502.51
Pinrang,2001-03-31 00:00:00+00:00,183.0,798.2761,2662.2383,200.56967,31236.957,2901.3333,572.89
Pinrang,2001-04-30 00:00:00+00:00,260.6,768.4621,2636.1062,137.79549,30232.93,2799.8333,514.63
Pinrang,2001-05-31 00:00:00+00:00,67.7,810.2428,2551.774,258.68842,31252.24,2142.625,599.64
Pinrang,2001-06-30 00:00:00+00:00,88.600006,761.72876,2502.8513,267.04483,30240.09,2206.0833,520.62
Pinrang,2001-07-31 00:00:00+00:00,11.400001,803.6595,2317.3467,356.33652,31259.05,1559.5,607.78
Pinrang,2001-08-31 00:00:00+00:00,4.2000003,824.44696,2097.9956,389.58823,31270.062,1706.3334,685.4
Pinrang,2001-09-30 00:00:00+00:00,55.2,816.36206,2059.8328,288.12442,30247.922,1535.0416,671.41
Pinrang,2001-10-31 00:00:00+00:00,136.20001,840.37823,2353.8953,173.36673,31245.508,2029.875,711.27997
Pinrang,2001-11-30 00:00:00+00:00,233.1,773.8308,2588.5842,166.15732,30236.664,2762.7083,552.41
Pinrang,2001-12-31 00:00:00+00:00,279.59998,786.80115,2699.7505,224.8254,31274.781,2980.0833,489.52
Pinrang,2002-01-31 00:00:00+00:00,405.6,779.98865,2765.8264,177.10344,31257.277,2995.875,481.55
Pinrang,2002-02-28 00:00:00+00:00,177.5,724.49225,2416.0303,173.51694,28255.67,2680.8333,518.74
Pinrang,2002-03-31 00:00:00+00:00,204.0,798.28864,2681.2385,152.56139,31254.38,2756.2917,588.55
Pinrang,2002-04-30 00:00:00+00:00,189.0,779.7537,2559.396,168.34735,30227.797,2312.0417,597.37
Pinrang,2002-05-31 00:00:00+00:00,77.9,811.10114,2544.426,277.01614,31258.797,1622.8334,597.43
Pinrang,2002-06-30 00:00:00+00:00,49.5,772.6079,2418.9758,324.7436,30254.76,2000.4166,525.04
Pinrang,2002-07-31 00:00:00+00:00,1.9000001,818.0137,2223.0098,392.9287,31291.31,1481.2084,627.66003
Pinrang,2002-08-31 00:00:00+00:00,4.7000003,820.7407,2006.904,404.18604,31287.213,1497.0,694.33
Pinrang,2002-09-30 00:00:00+00:00,8.9,819.8579,1941.8103,308.97763,30291.607,1471.4166,720.98
Pinrang,2002-10-31 00:00:00+00:00,13.900001,882.8387,1915.6863,286.915,31249.084,1536.0416,799.44
Pinrang,2002-11-30 00:00:00+00:00,159.90001,818.0933,2302.413,167.91107,30232.688,2375.5417,628.58997
Pinrang,2002-12-31 00:00:00+00:00,219.5,812.6928,2644.7356,147.17557,31270.047,2499.375,607.56
Pinrang,2003-01-31 00:00:00+00:00,231.2,798.3657,2698.9392,206.79747,31277.008,2921.25,504.73
Pinrang,2003-02-28 00:00:00+00:00,205.6,726.69434,2419.5083,191.25728,28217.072,2625.5833,517.0
Pinrang,2003-03-31 00:00:00+00:00,314.80002,802.13654,2660.679,154.93509,31272.363,2793.5,591.26
Pinrang,2003-04-30 00:00:00+00:00,129.4,784.97876,2545.9624,189.69638,30239.832,2504.25,597.09
Pinrang,2003-05-31 00:00:00+00:00,79.799995,811.34076,2530.585,276.91797,31249.75,2092.8333,589.53
Pinrang,2003-06-30 00:00:00+00:00,42.9,790.45166,2266.4219,373.4782,30252.385,1417.25,592.65
Pinrang,2003-07-31 00:00:00+00:00,47.100002,787.16156,2407.4731,361.5103,31286.236,2050.125,559.59
Pinrang,2003-08-31 00:00:00+00:00,15.4,816.9782,2270.3364,342.81268,31276.408,1702.8334,631.73
Pinrang,2003-09-30 00:00:00+00:00,21.9,806.035,2139.7358,279.87308,30271.816,1885.5416,674.83
Pinrang,2003-10-31 00:00:00+00:00,66.1,848.697,2265.0408,205.63054,31257.646,2231.0,683.46
Pinrang,2003-11-30 00:00:00+00:00,229.1,792.4683,2481.8726,162.10298,30232.004,2554.5,601.41
Pinrang,2003-12-31 00:00:00+00:00,560.39996,788.1595,2715.4402,258.2231,31242.615,3003.0417,460.08002
Pinrang,2004-01-31 00:00:00+00:00,258.4,795.6783,2727.7012,176.04729,31257.672,2959.4167,526.0
Pinrang,2004-02-29 00:00:00+00:00,221.7,751.523,2441.5674,246.8411,29230.959,2633.9583,529.64
Pinrang,2004-03-31 00:00:00+00:00,200.2,806.2845,2657.23,256.2702,31238.129,2817.9167,586.64
Pinrang,2004-04-30 00:00:00+00:00,201.0,783.6787,2538.849,196.51935,30241.95,2452.7917,596.74
Pinrang,2004-05-31 00:00:00+00:00,315.0,808.16785,2631.34,192.96503,31238.238,2073.4583,576.42
Pinrang,2004-06-30 00:00:00+00:00,30.599997,768.60376,2359.3943,353.43738,30288.867,1741.375,570.64
Pinrang,2004-07-31 00:00:00+00:00,8.0,800.5762,2288.9028,404.77997,31267.26,1693.375,602.89
Pinrang,2004-08-31 00:00:00+00:00,2.7,809.97614,2050.723,399.21814,31294.893,1598.125,695.82
Pinrang,2004-09-30 00:00:00+00:00,18.6,815.12665,1988.135,351.58264,30269.2,1365.8334,697.62
Pinrang,2004-10-31 00:00:00+00:00,12.900001,867.1699,2052.9688,227.63036,31274.17,1858.7916,772.96
Pinrang,2004-11-30 00:00:00+00:00,209.7,810.67456,2323.982,158.61578,30237.0,2299.7917,608.6
Pinrang,2004-12-31 00:00:00+00:00,254.8,806.5137,2650.904,173.30281,31242.861,2832.9167,557.74
Pinrang,2005-01-31 00:00:00+00:00,198.3,803.74695,2631.2393,225.36003,31253.31,2740.375,547.81
Pinrang,2005-02-28 00:00:00+00:00,159.59999,739.3089,2309.8328,163.79749,28260.273,2510.4167,561.43
Pinrang,2005-03-31 00:00:00+00:00,177.0,821.81573,2567.5315,191.1236,31276.725,2458.25,652.88
Pinrang,2005-04-30 00:00:00+00:00,131.9,783.7871,2521.1184,199.97665,30276.799,2485.3333,540.02
Pinrang,2005-05-31 00:00:00+00:00,79.6,811.1074,2499.7927,319.2325,31253.092,2063.125,554.96
Pinrang,2005-06-30 00:00:00+00:00,21.6,804.3204,2259.9094,278.87744,30234.6,1593.6666,593.59
Pinrang,2005-07-31 00:00:00+00:00,12.400001,822.8032,2216.1133,368.62866,31275.996,2067.7083,589.57
Pinrang,2005-08-31 00:00:00+00:00,11.7,839.2824,2097.416,365.56915,31274.492,1585.2084,672.99
Pinrang,2005-09-30 00:00:00+00:00,12.5,828.62665,2007.9277,292.5588,30261.629,1411.5,695.17
Pinrang,2005-10-31 00:00:00+00:00,218.09999,825.0449,2455.3289,194.48222,31251.139,2332.1667,642.93
Pinrang,2005-11-30 00:00:00+00:00,276.2,777.42664,2567.3276,139.29419,30234.006,2732.75,542.96
Pinrang,2005-12-31 00:00:00+00:00,190.6,800.922,2680.582,176.77817,31220.883,2985.1667,528.33997
Pinrang,2006-01-31 00:00:00+00:00,245.0,805.14905,2611.2458,275.50662,31217.746,3020.7917,545.43
Pinrang,2006-02-28 00:00:00+00:00,246.3,720.9089,2441.6023,190.38077,28217.379,2603.9583,471.22
Pinrang,2006-03-31 00:00:00+00:00,181.70001,807.18866,2619.4497,215.46147,31228.057,2909.7083,585.27997
Pinrang,2006-04-30 00:00:00+00:00,197.8,775.04956,2604.0906,169.44017,30230.35,2872.9583,508.61002
Pinrang,2006-05-31 00:00:00+00:00,193.9,793.1741,2684.475,200.7823,31266.047,2709.4583,522.6
Pinrang,2006-06-30 00:00:00+00:00,85.799995,755.21204,2510.4514,322.0305,30260.605,2515.6667,493.05
Pinrang,2006-07-31 00:00:00+00:00,2.3000002,802.08453,2308.338,427.41006,31292.816,1637.4166,612.06
Pinrang,2006-08-31 00:00:00+00:00,3.2,816.1866,2033.6615,537.04205,31285.174,1147.7916,698.17
Pinrang,2006-09-30 00:00:00+00:00,7.4,813.77045,1917.3778,403.99365,30272.02,1558.9584,702.63
Pinrang,2006-10-31 00:00:00+00:00,2.5,872.52826,1866.5464,342.90585,31288.162,1546.7084,792.93
Pinrang,2006-11-30 00:00:00+00:00,92.2,836.45374,2142.2214,189.56833,30231.65,1751.0,691.36
Pinrang,2006-12-31 00:00:00+00:00,162.20001,824.3449,2577.1746,152.08517,31228.562,2544.5417,609.83997
Pinrang,2007-01-31 00:00:00+00:00,318.5,802.249,2672.6113,280.37106,31255.1,2925.8333,481.28
Pinrang,2007-02-28 00:00:00+00:00,255.4,717.961,2435.863,197.44272,28234.682,2642.375,491.21
Pinrang,2007-03-31 00:00:00+00:00,105.5,819.4366,2573.9683,188.15282,31231.713,2791.9583,640.67
Pinrang,2007-04-30 00:00:00+00:00,386.0,774.21625,2609.0955,146.153,30249.281,2541.5417,528.07
Pinrang,2007-05-31 00:00:00+00:00,96.6,808.8199,2569.9417,272.53845,31257.275,2072.4583,584.51
Pinrang,2007-06-30 00:00:00+00:00,252.0,765.4225,2576.3413,231.85338,30206.014,2489.9583,463.32
Pinrang,2007-07-31 00:00:00+00:00,11.500001,790.1928,2397.3787,453.50278,31261.168,2141.9583,579.08
Pinrang,2007-08-31 00:00:00+00:00,13.1,800.4991,2266.442,447.96176,31265.666,1915.7084,618.44
Pinrang,2007-09-30 00:00:00+00:00,12.599999,806.55994,2013.4486,362.23813,30235.758,1787.5,691.95
Pinrang,2007-10-31 00:00:00+00:00,108.0,834.7449,2371.0356,220.52875,31230.695,2184.5833,698.29
Pinrang,2007-11-30 00:00:00+00:00,183.4,781.23083,2496.2236,168.66553,30212.123,2640.0833,586.01
Pinrang,2007-12-31 00:00:00+00:00,232.8,804.23865,2632.7302,211.06839,31186.654,2906.8333,574.14
Pinrang,2008-01-31 00:00:00+00:00,287.6,800.072,2649.498,224.15874,31222.633,2840.9583,565.29
Pinrang,2008-02-29 00:00:00+00:00,165.7,758.56464,2407.9946,249.91872,29195.775,2729.5417,530.27
Pinrang,2008-03-31 00:00:00+00:00,246.09999,792.5137,2662.1306,155.21365,31228.846,2893.75,571.82
Pinrang,2008-04-30 00:00:00+00:00,160.8,768.6725,2553.2603,193.57353,30211.445,2599.875,574.39
Pinrang,2008-05-31 00:00:00+00:00,24.8,805.69073,2477.6038,358.43298,31245.44,2034.625,599.24
Pinrang,2008-06-30 00:00:00+00:00,109.799995,754.8329,2485.8206,315.53925,30257.824,2071.0417,507.04
Pinrang,2008-07-31 00:00:00+00:00,51.4,774.51575,2467.9558,437.93658,31267.25,2145.0833,515.84
Pinrang,2008-08-31 00:00:00+00:00,45.5,787.27405,2406.4304,440.60254,31264.102,2195.0833,565.68
Pinrang,2008-09-30 00:00:00+00:00,16.4,802.86414,2136.3584,312.54608,30248.875,1900.5834,661.4
Pinrang,2008-10-31 00:00:00+00:00,121.3,835.5345,2388.7502,227.74672,31245.457,2398.9167,654.75
Pinrang,2008-11-30 00:00:00+00:00,229.0,784.2225,2560.9988,154.23123,30206.252,2831.3333,559.75
Pinrang,2008-12-31 00:00:00+00:00,283.6,795.172,2666.0225,245.70294,31212.316,3025.4583,488.39
Pinrang,2009-01-31 00:00:00+00:00,368.0,786.75946,2710.9805,258.85077,31239.916,2958.2083,504.08
Pinrang,2009-02-28 00:00:00+00:00,201.5,721.1568,2392.9106,222.69516,28186.648,2683.5417,482.85
Pinrang,2009-03-31 00:00:00+00:00,176.40001,798.9012,2643.1511,161.88692,31249.22,2774.4583,597.55
Pinrang,2009-04-30 00:00:00+00:00,129.3,785.7975,2537.696,150.93854,30225.686,2452.1667,597.74
Pinrang,2009-05-31 00:00:00+00:00,124.7,816.68243,2583.4678,182.1454,31224.223,2331.6667,590.7
Pinrang,2009-06-30 00:00:00+00:00,15.799999,790.79956,2296.7207,318.37488,30255.943,1780.4584,573.06
Pinrang,2009-07-31 00:00:00+00:00,46.300003,802.06366,2298.1555,348.186,31272.996,1975.7916,570.32
Pinrang,2009-08-31 00:00:00+00:00,6.9,838.5824,2104.5964,394.90375,31255.979,1257.875,677.98
Pinrang,2009-09-30 00:00:00+00:00,23.0,831.71625,2021.8928,302.14404,30244.328,1453.375,712.2
Pinrang,2009-10-31 00:00:00+00:00,79.5,863.0741,2133.022,253.36336,31260.209,2059.4167,731.53
Pinrang,2009-11-30 00:00:00+00:00,141.0,813.0621,2338.8516,188.23724,30204.969,2525.375,601.17
Pinrang,2009-12-31 00:00:00+00:00,223.5,819.9574,2579.3347,194.36421,31248.564,2806.5,582.48
Pinrang,2010-01-31 00:00:00+00:00,263.6,806.4949,2652.9705,260.86325,31261.475,2956.25,527.63
Pinrang,2010-02-28 00:00:00+00:00,287.0,734.636,2423.7478,155.31052,28247.89,2505.0,559.23
Pinrang,2010-03-31 00:00:00+00:00,256.40002,817.5053,2648.5454,157.50604,31270.164,2700.625,602.67
Pinrang,2010-04-30 00:00:00+00:00,207.40001,799.2912,2574.213,162.30156,30249.793,2759.0833,557.62
Pinrang,2010-05-31 00:00:00+00:00,235.59999,819.2908,2705.9019,162.62737,31213.21,2537.9583,527.62
Pinrang,2010-06-30 00:00:00+00:00,124.6,767.24335,2587.3835,275.80283,30252.6,2443.5417,484.65
Pinrang,2010-07-31 00:00:00+00:00,106.299995,786.62616,2645.4238,305.94324,31253.57,2460.7917,526.43
Pinrang,2010-08-31 00:00:00+00:00,130.1,787.1116,2635.9817,270.80206,31259.537,2375.4583,538.84
Pinrang,2010-09-30 00:00:00+00:00,176.5,767.5058,2594.483,172.48871,30235.92,2582.0417,559.98
Pinrang,2010-10-31 00:00:00+00:00,280.2,802.3199,2679.1155,162.12344,31220.27,2910.8333,562.25
Pinrang,2010-11-30 00:00:00+00:00,269.5,771.66833,2632.3604,135.34933,30207.717,2687.375,564.24
Pinrang,2010-12-31 00:00:00+00:00,253.8,797.4011,2636.758,197.82393,31172.512,2978.5,533.77
Pinrang,2011-01-31 00:00:00+00:00,202.09999,791.6657,2642.5537,184.70235,31200.082,2911.0417,560.95
Pinrang,2011-02-28 00:00:00+00:00,181.1,730.69434,2281.4246,212.68394,28188.838,2443.6667,577.13
Pinrang,2011-03-31 00:00:00+00:00,210.59999,796.1803,2672.5703,219.53232,31213.453,2966.0833,557.97
Pinrang,2011-04-30 00:00:00+00:00,229.3,769.585,2607.435,200.88383,30225.602,2793.3333,506.97998
Pinrang,2011-05-31 00:00:00+00:00,84.5,807.94073,2596.188,224.68198,31244.527,2472.375,555.43
Pinrang,2011-06-30 00:00:00+00:00,22.300001,766.8787,2395.5532,308.92685,30246.6,1942.7916,538.27
Pinrang,2011-07-31 00:00:00+00:00,15.3,804.90533,2307.7944,402.77072,31257.092,2093.25,608.08997
Pinrang,2011-08-31 00:00:00+00:00,7.7,821.44073,2097.9124,441.9714,31263.527,1614.375,657.39
Pinrang,2011-09-30 00:00:00+00:00,15.3,807.29126,2072.7617,360.69,30259.012,1938.5416,645.82
Pinrang,2011-10-31 00:00:00+00:00,120.6,837.0074,2361.9263,189.69353,31233.5,2328.875,689.05
Pinrang,2011-11-30 00:00:00+00:00,148.20001,795.38916,2461.9792,133.97362,30203.715,2479.0417,626.22
Pinrang,2011-12-31 00:00:00+00:00,432.8,795.9553,2712.3113,218.85843,31199.38,2903.9167,472.75
Pinrang,2012-01-31 00:00:00+00:00,159.7,804.7824,2634.0808,210.6462,31214.836,2969.7917,554.51
Pinrang,2012-02-29 00:00:00+00:00,208.2,738.80005,2529.1946,162.60837,29200.117,2636.125,521.33
Pinrang,2012-03-31 00:00:00+00:00,222.6,802.14075,2640.4407,188.44688,31219.408,2957.0,574.05
Pinrang,2012-04-30 00:00:00+00:00,167.2,772.9954,2573.3188,151.89624,30251.387,2517.4583,575.87
Pinrang,2012-05-31 00:00:00+00:00,142.4,797.63446,2611.3967,239.39172,31240.21,2332.7917,538.82
Pinrang,2012-06-30 00:00:00+00:00,64.8,762.58496,2465.4475,308.16412,30257.945,2092.6667,513.75
Pinrang,2012-07-31 00:00:00+00:00,153.7,765.0053,2540.7688,372.94525,31260.48,2221.7917,515.28
Pinrang,2012-08-31 00:00:00+00:00,2.9,796.0428,2258.6687,441.94852,31286.766,1648.3334,637.27
Pinrang,2012-09-30 00:00:00+00:00,9.700001,805.73914,2044.9257,326.4142,30265.965,1947.75,686.97
Pinrang,2012-10-31 00:00:00+00:00,84.299995,850.6095,2261.8484,222.7903,31242.562,2120.7917,716.2
Pinrang,2012-11-30 00:00:00+00:00,132.4,800.1558,2443.269,142.20457,30227.055,2272.9167,613.38
Pinrang,2012-12-31 00:00:00+00:00,228.0,806.9574,2654.2078,146.62917,31215.42,2913.9583,554.15
Pinrang,2013-01-31 00:00:00+00:00,271.3,813.41785,2570.409,304.83008,31241.293,2980.2917,535.7
Pinrang,2013-02-28 00:00:00+00:00,178.6,731.8943,2381.5522,179.46121,28198.93,2602.625,525.39
Pinrang,2013-03-31 00:00:00+00:00,201.90001,817.57404,2643.069,178.11667,31260.818,2726.0833,610.51
Pinrang,2013-04-30 00:00:00+00:00,220.2,781.0204,2584.7249,167.2804,30231.195,2654.25,515.31
Pinrang,2013-05-31 00:00:00+00:00,166.3,803.09283,2681.609,177.04866,31246.344,2726.9167,503.46
Pinrang,2013-06-30 00:00:00+00:00,204.0,779.00793,2553.6553,188.66374,30214.418,2351.875,489.81
Pinrang,2013-07-31 00:00:00+00:00,212.6,762.37823,2699.7888,311.61426,31253.03,2678.75,440.89
Pinrang,2013-08-31 00:00:00+00:00,25.1,781.6699,2412.1792,394.51935,31277.324,1928.25,621.84
Pinrang,2013-09-30 00:00:00+00:00,10.0,792.43085,2193.5713,323.36554,30253.314,2046.9166,661.42
Pinrang,2013-10-31 00:00:00+00:00,37.5,849.6658,2230.0103,216.03668,31269.838,2320.9167,719.83
Pinrang,2013-11-30 00:00:00+00:00,183.2,791.635,2437.1038,162.76695,30211.594,2760.9583,575.7
Pinrang,2013-12-31 00:00:00+00:00,340.3,799.0532,2666.6365,217.85982,31218.973,3042.2917,486.96
Pinrang,2014-01-31 00:00:00+00:00,207.7,793.8574,2633.6096,309.62198,31247.074,2988.625,514.65
Pinrang,2014-02-28 00:00:00+00:00,145.7,725.3339,2362.9592,181.21957,28219.186,2659.6667,549.04
Pinrang,2014-03-31 00:00:00+00:00,207.8,799.28864,2669.759,166.24734,31268.744,2756.5833,585.41003
Pinrang,2014-04-30 00:00:00+00:00,229.29999,779.15375,2588.0312,155.1964,30251.748,2574.3333,558.87
Pinrang,2014-05-31 00:00:00+00:00,155.7,805.7845,2666.4502,235.52429,31255.764,2631.75,540.21
Pinrang,2014-06-30 00:00:00+00:00,115.799995,766.70166,2577.714,306.53696,30236.953,2413.8333,437.56
Pinrang,2014-07-31 00:00:00+00:00,27.7,794.2991,2487.3987,399.36218,31279.578,2226.7083,562.39
Pinrang,2014-08-31 00:00:00+00:00,13.5,807.5553,2199.1697,480.45068,31291.146,1714.25,656.07
Pinrang,2014-09-30 00:00:00+00:00,0.70000005,819.6204,1831.5269,416.59247,30277.123,1557.25,738.97
Pinrang,2014-10-31 00:00:00+00:00,3.3,879.12823,1819.8237,375.51456,31256.39,1880.1666,810.55
Pinrang,2014-11-30 00:00:00+00:00,156.7,823.5454,2244.451,178.51851,30230.443,2469.2917,667.54
Pinrang,2014-12-31 00:00:00+00:00,364.4,798.80945,2692.1,214.83447,31234.316,3005.5417,476.49
Pinrang,2015-01-31 00:00:00+00:00,291.9,798.3532,2633.404,290.8936,31266.219,2992.625,551.77997
Pinrang,2015-02-28 00:00:00+00:00,298.6,711.20685,2454.8633,176.71536,28251.98,2687.8333,496.99
Pinrang,2015-03-31 00:00:00+00:00,238.7,798.28033,2678.108,155.96678,31302.281,2772.4167,586.97003
Pinrang,2015-04-30 00:00:00+00:00,294.4,778.04956,2572.1826,156.48778,30256.227,2433.25,563.34
Pinrang,2015-05-31 00:00:00+00:00,132.9,803.3178,2574.4238,289.57892,31283.838,2356.75,561.21
Pinrang,2015-06-30 00:00:00+00:00,71.0,763.34125,2483.9255,340.45868,30271.555,2188.7917,497.53
Pinrang,2015-07-31 00:00:00+00:00,18.900002,810.80115,2276.5938,462.6848,31297.328,1448.25,641.86
Pinrang,2015-08-31 00:00:00+00:00,2.2000003,822.2011,2055.1492,478.64227,31301.254,1500.5416,721.06
Pinrang,2015-09-30 00:00:00+00:00,0.0,833.2412,1776.148,443.70648,30286.523,1280.625,755.8
Pinrang,2015-10-31 00:00:00+00:00,23.400002,883.3699,1856.2029,403.9185,31296.176,1394.625,792.33
Pinrang,2015-11-30 00:00:00+00:00,138.3,817.2204,2342.348,154.22949,30234.611,2176.0417,647.49
Pinrang,2015-12-31 00:00:00+00:00,278.1,818.7553,2632.478,200.82277,31276.863,2726.6667,554.76
Pinrang,2016-01-31 00:00:00+00:00,350.1,822.09076,2658.9248,138.84991,31295.396,2517.125,615.34
Pinrang,2016-02-29 00:00:00+00:00,337.3,758.7959,2536.194,149.82243,29271.81,2726.5417,486.38
Pinrang,2016-03-31 00:00:00+00:00,266.0,824.69073,2683.1084,147.88991,31294.861,2758.2083,572.95
Pinrang,2016-04-30 00:00:00+00:00,224.40001,789.4996,2598.0437,154.29222,30262.736,2648.2917,498.35
Pinrang,2016-05-31 00:00:00+00:00,296.2,825.3824,2668.9983,187.63197,31249.844,2380.9167,565.17
Pinrang,2016-06-30 00:00:00+00:00,104.5,773.80164,2560.6357,215.66862,30272.734,2183.8333,483.19
Pinrang,2016-07-31 00:00:00+00:00,24.0,805.60114,2472.8694,353.72617,31264.12,1916.0834,589.05
Pinrang,2016-08-31 00:00:00+00:00,8.5,829.94073,2295.0918,341.55637,31256.992,1833.1666,646.9
Pinrang,2016-09-30 00:00:00+00:00,58.400005,820.9496,2203.8152,231.23389,30242.934,2131.8333,627.96
Pinrang,2016-10-31 00:00:00+00:00,239.59999,818.6157,2539.8662,182.70499,31242.516,2697.4583,563.39
Pinrang,2016-11-30 00:00:00+00:00,235.7,791.57666,2574.484,148.22903,30225.34,2765.5417,568.11
Pinrang,2016-12-31 00:00:00+00:00,211.4,824.4157,2604.77,220.11613,31212.076,2924.2917,558.77
Pinrang,2017-01-31 00:00:00+00:00,294.9,829.175,2658.0054,227.96251,31227.396,2933.25,511.8
Pinrang,2017-02-28 00:00:00+00:00,294.1,754.2521,2327.6565,230.83798,28220.512,2658.1667,512.29
Pinrang,2017-03-31 00:00:00+00:00,321.5,819.7646,2660.6272,202.67764,31253.09,2819.3333,556.8
Pinrang,2017-04-30 00:00:00+00:00,179.3,797.0875,2584.077,196.05891,30255.102,2694.125,553.08
Pinrang,2017-05-31 00:00:00+00:00,208.6,822.4792,2636.34,382.6937,31254.693,2551.25,485.56
Pinrang,2017-06-30 00:00:00+00:00,151.9,775.1583,2554.1953,394.79166,30275.47,2452.125,442.26
Pinrang,2017-07-31 00:00:00+00:00,131.90001,800.3604,2562.2986,436.9569,31292.443,2207.9583,518.17
Pinrang,2017-08-31 00:00:00+00:00,82.0,805.125,2420.638,476.70517,31272.883,1972.8333,564.73
Pinrang,2017-09-30 00:00:00+00:00,123.3,807.46875,2308.116,425.49393,30263.266,1994.7083,584.18
Pinrang,2017-10-31 00:00:00+00:00,179.3,829.44165,2591.5583,235.08342,31233.53,2415.9583,609.0
Pinrang,2017-11-30 00:00:00+00:00,260.1,806.3625,2559.3223,176.9084,30182.447,2723.5417,549.11
Pinrang,2017-12-31 00:00:00+00:00,376.40002,823.65,2680.7368,234.89172,31221.732,2739.625,526.26
Pinrang,2018-01-31 00:00:00+00:00,196.1,835.2709,2549.6064,242.23537,31188.953,2941.0,547.23
Pinrang,2018-02-28 00:00:00+00:00,345.0,732.2771,2455.3582,198.66492,28233.92,2580.8333,470.76
Pinrang,2018-03-31 00:00:00+00:00,321.1,816.0479,2668.404,216.66684,31235.457,2766.7083,543.6
Pinrang,2018-04-30 00:00:00+00:00,187.7,791.47705,2572.7964,237.98254,30235.582,2471.4583,558.24
Pinrang,2018-05-31 00:00:00+00:00,56.8,823.1813,2575.998,424.27625,31251.111,2351.2917,531.31
Pinrang,2018-06-30 00:00:00+00:00,136.6,778.4125,2534.0488,422.8466,30276.031,2104.4167,487.42
Pinrang,2018-07-31 00:00:00+00:00,126.700005,802.7708,2527.4492,487.1352,31267.695,1944.25,544.47
Pinrang,2018-08-31 00:00:00+00:00,38.7,829.3896,2347.313,447.20813,31283.508,1495.5834,643.94
Pinrang,2018-09-30 00:00:00+00:00,54.8,823.5271,2074.9993,433.43997,30268.484,1664.5,670.57
Pinrang,2018-10-31 00:00:00+00:00,78.200005,865.7979,2290.684,293.69263,31271.959,2086.875,686.35
Pinrang,2018-11-30 00:00:00+00:00,246.4,815.45624,2520.3933,190.66673,30247.363,2640.0417,583.71
Pinrang,2018-12-31 00:00:00+00:00,258.0,830.1396,2672.5513,238.2701,31234.797,2841.1667,534.17
Pinrang,2019-01-31 00:00:00+00:00,188.2,835.025,2666.0393,222.51599,31254.63,2815.5417,543.42
Pinrang,2019-02-28 00:00:00+00:00,228.3,741.6875,2431.5098,174.90247,28275.404,2449.9583,529.33
Pinrang,2019-03-31 00:00:00+00:00,184.70001,829.8354,2653.9102,216.54854,31269.824,2510.875,602.58
Pinrang,2019-04-30 00:00:00+00:00,301.0,792.86456,2640.4048,243.83354,30243.957,2691.75,501.05
Pinrang,2019-05-31 00:00:00+00:00,73.9,835.325,2576.225,355.31036,31268.137,2211.0417,580.66003
Pinrang,2019-06-30 00:00:00+00:00,208.3,785.5,2490.718,441.48666,30261.44,1954.9584,482.91
Pinrang,2019-07-31 00:00:00+00:00,15.3,813.6875,2332.1223,520.60406,31299.756,1497.0834,572.12
Pinrang,2019-08-31 00:00:00+00:00,33.1,840.2084,2114.5493,551.90283,31298.639,1802.5416,646.78
Pinrang,2019-09-30 00:00:00+00:00,7.8,840.7354,1940.2267,505.6302,30303.219,1480.2084,701.0
Pinrang,2019-10-31 00:00:00+00:00,72.100006,876.1625,2183.4685,370.11615,31250.217,1960.375,677.45
Pinrang,2019-11-30 00:00:00+00:00,74.6,839.3813,2341.6814,233.94432,30234.822,1939.5416,648.27997
Pinrang,2019-12-31 00:00:00+00:00,227.5,843.7292,2625.4756,170.12859,31244.418,2788.0833,570.25
Pinrang,2020-01-31 00:00:00+00:00,310.4,843.6459,2651.1572,207.70343,31245.516,2687.9167,571.58997
Pinrang,2020-02-29 00:00:00+00:00,250.8,783.6479,2484.218,179.18834,29252.42,2675.7917,546.28
Pinrang,2020-03-31 00:00:00+00:00,240.40001,837.2354,2673.9258,187.52571,31266.14,2725.4583,594.2
Pinrang,2020-04-30 00:00:00+00:00,254.4,800.9479,2596.882,207.49869,30262.934,2366.125,568.04
Pinrang,2020-05-31 00:00:00+00:00,382.60004,833.27295,2681.3916,309.07635,31259.299,2579.3333,503.76
Pinrang,2020-06-30 00:00:00+00:00,169.0,786.3187,2521.4143,425.9922,30258.307,2305.2083,514.64
Pinrang,2020-07-31 00:00:00+00:00,107.100006,803.725,2571.8066,470.41937,31249.12,2134.0833,532.27
Pinrang,2020-08-31 00:00:00+00:00,84.799995,827.9646,2377.3691,457.25433,31265.826,1756.875,625.41
Pinrang,2020-09-30 00:00:00+00:00,77.5,817.0833,2267.9731,422.8839,30245.984,2121.6667,615.38
Pinrang,2020-10-31 00:00:00+00:00,303.3,839.4937,2493.6575,296.2949,31232.281,2298.2917,629.21
Pinrang,2020-11-30 00:00:00+00:00,226.0,802.5062,2553.6685,211.2813,30232.729,2489.0417,550.67
Pinrang,2020-12-31 00:00:00+00:00,272.9,826.3812,2671.04,237.36502,31217.285,2912.0833,521.85
Pinrang,2021-01-31 00:00:00+00:00,281.0,818.29376,2684.3223,250.29095,31210.969,2890.875,525.73
Pinrang,2021-02-28 00:00:00+00:00,152.1,754.53125,2348.9001,227.13907,28212.19,2496.9583,566.72
Pinrang,2021-03-31 00:00:00+00:00,248.70001,817.2708,2687.0132,192.17854,31240.223,2747.125,585.5
Pinrang,2021-04-30 00:00:00+00:00,86.1,812.64795,2472.648,225.37505,30254.61,2510.4167,606.83
Pinrang,2021-05-31 00:00:00+00:00,193.7,830.00836,2594.4631,349.78964,31240.19,2329.0,530.04
Pinrang,2021-06-30 00:00:00+00:00,180.1,797.3542,2494.4724,334.0351,30274.17,2102.875,512.54
Pinrang,2021-07-31 00:00:00+00:00,136.7,801.7,2602.0999,403.3376,31269.629,2215.1667,476.91998
Pinrang,2021-08-31 00:00:00+00:00,82.1,813.3812,2546.5598,450.39032,31282.674,2285.8333,544.25
Pinrang,2021-09-30 00:00:00+00:00,264.3,782.6312,2505.1143,373.38022,30256.602,2334.0,547.99
Pinrang,2021-10-31 00:00:00+00:00,287.2,822.59375,2663.2258,226.00163,31247.957,2624.2083,618.99
Pinrang,2021-11-30 00:00:00+00:00,301.9,788.1667,2613.6946,172.7521,30209.658,2892.0,552.38
Pinrang,2021-12-31 00:00:00+00:00,327.0,825.94794,2642.3013,257.96103,31244.904,3034.0833,527.8
Pinrang,2022-01-31 00:00:00+00:00,235.5,827.99164,2602.5742,247.59277,31240.777,3005.1667,630.36
Pinrang,2022-02-28 00:00:00+00:00,270.1,739.85834,2355.3938,213.98972,28201.86,2688.7083,525.02
Pinrang,2022-03-31 00:00:00+00:00,196.0,829.5542,2633.5776,209.66624,31218.303,2824.75,638.74
Pinrang,2022-04-30 00:00:00+00:00,211.8,799.11664,2540.961,196.08368,30218.207,2588.3333,619.95
Pinrang,2022-05-31 00:00:00+00:00,384.7,825.725,2652.0488,265.6262,31236.473,2648.75,552.8
Pinrang,2022-06-30 00:00:00+00:00,265.7,779.5771,2539.333,335.6773,30233.775,2401.25,544.08
Pinrang,2022-07-31 00:00:00+00:00,150.1,807.35834,2580.5576,402.828,31244.39,2464.4583,527.81
Pinrang,2022-08-31 00:00:00+00:00,123.899994,812.6375,2466.2566,418.89273,31250.166,2173.625,612.83997
Pinrang,2022-09-30 00:00:00+00:00,208.70001,800.4896,2407.877,315.49512,30253.736,2501.2917,632.88
Pinrang,2022-10-31 00:00:00+00:00,331.80002,811.8146,2694.4133,228.50256,31240.686,2916.625,584.03
Pinrang,2022-11-30 00:00:00+00:00,315.0,791.48126,2573.4346,177.7853,30231.064,2912.6667,547.74
Pinrang,2022-12-31 00:00:00+00:00,390.0,815.925,2624.4812,250.97916,31202.945,2937.6667,556.54
Pinrang,2023-01-31 00:00:00+00:00,267.1,818.1667,2641.142,270.3137,31226.914,3049.25,581.84
Pinrang,2023-02-28 00:00:00+00:00,188.8,751.3771,2345.8823,251.22194,28202.586,2732.0833,541.29
Pinrang,2023-03-31 00:00:00+00:00,277.5,814.1771,2668.976,205.96265,31268.023,2967.9167,611.32
Pinrang,2023-04-30 00:00:00+00:00,254.7,801.12085,2555.2014,238.54066,30225.594,2664.4583,603.27
Pinrang,2023-05-31 00:00:00+00:00,175.5,833.35626,2571.3506,379.3374,31278.479,2448.5833,591.85
Pinrang,2023-06-30 00:00:00+00:00,164.6,792.25,2477.9656,339.7159,30264.934,2242.8333,520.25
Pinrang,2023-07-31 00:00:00+00:00,165.1,827.9354,2412.111,451.64008,31292.227,1909.125,589.92
Pinrang,2023-08-31 00:00:00+00:00,8.8,870.9083,2022.9259,566.8855,31309.975,1237.625,686.07
Pinrang,2023-09-30 00:00:00+00:00,6.1,866.1958,1814.8126,549.8552,30273.117,1622.75,716.17
Pinrang,2023-10-31 00:00:00+00:00,62.699997,912.38544,2014.7043,419.9803,31291.203,1599.8334,747.71
Pinrang,2023-11-30 00:00:00+00:00,202.3,828.48956,2437.1643,198.70888,30244.176,2366.0417,630.41
Pinrang,2023-12-31 00:00:00+00:00,212.9,845.1521,2589.46,195.7372,31254.791,2867.9167,640.86
Pinrang,2024-01-31 00:00:00+00:00,198.90001,854.9604,2560.6262,237.36179,31251.396,2943.4167,607.9
Pinrang,2024-02-29 00:00:00+00:00,187.0,796.9437,2427.785,205.3507,29271.59,2537.7917,626.4
Pinrang,2024-03-31 00:00:00+00:00,279.2,845.89996,2671.427,195.45425,31263.35,2894.2917,622.62
Pinrang,2024-04-30 00:00:00+00:00,249.29999,816.4375,2565.3777,240.11713,30222.076,2758.9167,575.83997
Pinrang,2024-05-31 00:00:00+00:00,106.700005,854.98334,2528.662,427.34723,31235.129,2506.7083,561.2
Pinrang,2024-06-30 00:00:00+00:00,133.40001,807.05835,2418.459,403.92294,30269.758,2347.6667,533.9
Pinrang,2024-07-31 00:00:00+00:00,148.5,826.82916,2411.0623,489.8266,31278.824,2050.625,565.89
Pinrang,2024-08-31 00:00:00+00:00,21.500002,871.84375,2053.6665,530.618,31279.0,1808.5834,657.66
Pinrang,2024-09-30 00:00:00+00:00,54.2,863.00836,2038.1249,400.6243,30241.629,1930.5416,690.02
Pinrang,2024-10-31 00:00:00+00:00,146.8,861.8063,2381.3606,288.25113,31254.51,2276.875,681.92
Pinrang,2024-11-30 00:00:00+00:00,270.0,809.76044,2535.6194,205.31923,30215.768,2651.9167,599.31
Pinrang,2024-12-31 00:00:00+00:00,350.2,842.59375,2556.4648,250.57628,31208.066,2994.5,508.29
Pinrang,2025-01-31 00:00:00+00:00,312.1,823.5625,2664.2153,214.47218,31220.045,3065.1667,560.58
Pinrang,2025-02-28 00:00:00+00:00,189.90001,747.32294,2390.3118,193.40543,28227.146,2702.2917,516.23
Pinrang,2025-03-31 00:00:00+00:00,252.90001,824.53955,2694.1794,185.68553,31231.5,2879.625,580.87
Pinrang,2025-04-30 00:00:00+00:00,177.9,795.3729,2594.1338,188.9166,30246.79,2776.8333,568.47
Pinrang,2025-05-31 00:00:00+00:00,233.6,831.28125,2622.5095,317.00452,31241.621,2636.7083,556.03
Pinrang,2025-06-30 00:00:00+00:00,182.5,786.0333,2505.8792,363.29694,30272.139,2481.625,472.18
Pinrang,2025-07-31 00:00:00+00:00,110.6,823.50415,2467.5713,431.11838,31264.46,1932.875,583.33
Pinrang,2025-08-31 00:00:00+00:00,127.600006,816.3188,2441.329,424.9984,31285.832,2229.0,605.86
Pinrang,2025-09-30 00:00:00+00:00,132.8,811.14374,2284.187,379.53046,30264.787,2215.7917,651.23
Pinrang,2025-10-31 00:00:00+00:00,143.0,837.2917,2520.2935,229.45927,31251.307,2376.0833,649.7
Pinrang,2025-11-30 00:00:00+00:00,159.7,816.7104,2460.3333,214.11156,30230.54,2895.2083,591.43
Pinrang,2025-12-31 00:00:00+00:00,236.8,839.7083,2567.528,236.83148,31213.02,3005.2083,599.4
Sidrap,1996-01-31 00:00:00+00:00,115.899994,772.8424,2719.097,295.78735,31169.508,2893.5,535.8
Sidrap,1996-02-29 00:00:00+00:00,81.7,734.2755,2516.0154,267.57666,29158.154,2639.0417,562.98
Sidrap,1996-03-31 00:00:00+00:00,95.200005,801.7653,2670.5508,228.58745,31177.877,2470.75,627.17
Sidrap,1996-04-30 00:00:00+00:00,81.1,775.68085,2566.5867,192.19643,30181.54,2471.875,538.21
Sidrap,1996-05-31 00:00:00+00:00,121.899994,792.52783,2676.3667,203.87744,31239.414,2403.9583,523.62
Sidrap,1996-06-30 00:00:00+00:00,89.7,763.66626,2548.067,267.24506,30218.879,2309.9583,484.13
Sidrap,1996-07-31 00:00:00+00:00,117.600006,771.0299,2616.027,273.22208,31225.598,2236.25,523.68
Sidrap,1996-08-31 00:00:00+00:00,67.0,796.1133,2496.8184,294.44678,31233.102,2237.7917,584.89
Sidrap,1996-09-30 00:00:00+00:00,19.5,801.8787,2176.9878,232.73146,30188.213,1827.0,653.05
Sidrap,1996-10-31 00:00:00+00:00,104.9,819.72986,2543.4988,165.00491,31196.66,2517.6667,636.69
Sidrap,1996-11-30 00:00:00+00:00,126.3,769.1163,2586.4321,132.69087,30173.95,2684.9167,547.67
Sidrap,1996-12-31 00:00:00+00:00,260.7,781.6216,2699.092,300.501,31162.205,2922.375,490.45
Sidrap,1997-01-31 00:00:00+00:00,147.2,779.5445,2703.7944,252.26096,31205.803,2782.5417,556.55
Sidrap,1997-02-28 00:00:00+00:00,85.299995,708.1014,2416.7964,264.4778,28153.217,2581.0417,498.27
Sidrap,1997-03-31 00:00:00+00:00,73.299995,792.58405,2655.0803,252.77963,31245.24,2592.2917,614.1
Sidrap,1997-04-30 00:00:00+00:00,134.90001,770.8329,2549.021,205.99622,30244.309,2396.9583,562.71
Sidrap,1997-05-31 00:00:00+00:00,36.7,802.90283,2590.1816,212.27391,31230.928,1586.1666,565.01
Sidrap,1997-06-30 00:00:00+00:00,29.5,785.985,2235.794,333.04538,30259.914,1518.125,588.55
Sidrap,1997-07-31 00:00:00+00:00,23.1,790.97784,2329.755,368.86194,31269.719,2037.9166,554.75
Sidrap,1997-08-31 00:00:00+00:00,0.3,811.89655,2049.6455,376.46024,31300.475,1372.4584,694.33
Sidrap,1997-09-30 00:00:00+00:00,0.0,810.57043,1764.8951,360.43942,30296.662,921.3334,775.59
Sidrap,1997-10-31 00:00:00+00:00,5.0,876.98615,1764.5099,291.09894,31282.344,1676.6666,792.56
Sidrap,1997-11-30 00:00:00+00:00,43.3,844.1204,1971.5665,193.6685,30243.746,1821.625,706.21
Sidrap,1997-12-31 00:00:00+00:00,107.1,815.12787,2614.7769,163.12335,31227.838,2628.5,605.68
Sidrap,1998-01-31 00:00:00+00:00,54.6,835.38617,2537.7812,141.23232,31233.615,2547.125,628.87
Sidrap,1998-02-28 00:00:00+00:00,77.8,749.83887,2324.8005,105.29818,28243.477,2199.125,568.39
Sidrap,1998-03-31 00:00:00+00:00,102.2,832.7549,2611.1724,111.10069,31246.453,2426.0,645.2
Sidrap,1998-04-30 00:00:00+00:00,173.0,796.3308,2613.5432,108.668045,30227.984,2414.125,557.71
Sidrap,1998-05-31 00:00:00+00:00,135.5,814.27783,2745.2866,205.32832,31217.664,2610.0,477.7
Sidrap,1998-06-30 00:00:00+00:00,86.2,773.9412,2606.2605,189.8727,30216.418,2356.25,469.0
Sidrap,1998-07-31 00:00:00+00:00,122.7,785.3507,2717.1707,198.13628,31224.896,2380.125,501.08
Sidrap,1998-08-31 00:00:00+00:00,73.1,786.24866,2580.3013,312.89603,31240.066,2235.0,568.97
Sidrap,1998-09-30 00:00:00+00:00,71.5,786.335,2410.4194,254.56703,30217.281,1971.0834,640.32
Sidrap,1998-10-31 00:00:00+00:00,188.6,817.9049,2623.7634,147.7783,31197.494,2436.9167,645.44
Sidrap,1998-11-30 00:00:00+00:00,165.7,762.6204,2680.0715,222.02112,30163.293,2890.0,479.19
Sidrap,1998-12-31 00:00:00+00:00,78.0,787.57367,2702.525,314.26428,31170.422,2886.3333,540.98
Sidrap,1999-01-31 00:00:00+00:00,233.7,774.33826,2792.7092,280.14352,31131.111,2975.75,478.75
Sidrap,1999-02-28 00:00:00+00:00,52.9,716.71185,2423.9348,267.48022,28168.71,2666.75,498.94
Sidrap,1999-03-31 00:00:00+00:00,93.1,789.2362,2701.5623,203.14163,31126.426,2830.5833,561.88
Sidrap,1999-04-30 00:00:00+00:00,173.3,767.12665,2633.9673,177.27322,30171.371,2663.75,515.76
Sidrap,1999-05-31 00:00:00+00:00,140.7,772.2799,2737.2954,239.70746,31220.525,2569.5417,464.78
Sidrap,1999-06-30 00:00:00+00:00,151.4,752.8871,2539.1218,239.88972,30231.707,2201.125,498.88998
Sidrap,1999-07-31 00:00:00+00:00,73.799995,764.01324,2542.1655,298.47055,31237.205,2058.75,520.7
Sidrap,1999-08-31 00:00:00+00:00,13.900001,794.5778,2253.2744,362.6318,31264.637,1668.375,648.92
Sidrap,1999-09-30 00:00:00+00:00,28.1,792.9204,2124.255,328.3428,30225.732,1508.625,659.93
Sidrap,1999-10-31 00:00:00+00:00,140.2,803.882,2558.7205,200.66095,31200.969,2531.5833,619.27
Sidrap,1999-11-30 00:00:00+00:00,133.2,761.97253,2634.0457,175.72403,30176.133,2748.125,542.58
Sidrap,1999-12-31 00:00:00+00:00,103.200005,787.5528,2688.5493,263.03873,31158.28,2819.375,529.63
Sidrap,2000-01-31 00:00:00+00:00,166.8,782.2091,2713.5383,214.97205,31167.91,2933.8333,573.51
Sidrap,2000-02-29 00:00:00+00:00,126.6,735.24005,2518.557,229.12389,29152.773,2723.7917,551.5
Sidrap,2000-03-31 00:00:00+00:00,124.299995,798.1195,2656.6375,188.10323,31171.797,2648.9583,622.98
Sidrap,2000-04-30 00:00:00+00:00,93.0,764.32043,2643.703,164.56581,30171.066,2633.8333,555.3
Sidrap,2000-05-31 00:00:00+00:00,162.20001,790.0299,2730.1223,145.18985,31208.861,2579.125,489.44
Sidrap,2000-06-30 00:00:00+00:00,200.40001,725.14746,2713.2324,235.8586,30225.387,2731.6667,333.53
Sidrap,2000-07-31 00:00:00+00:00,80.9,762.5862,2590.9092,337.88004,31225.682,1951.25,514.54
Sidrap,2000-08-31 00:00:00+00:00,34.4,776.6591,2424.2114,306.30316,31234.168,2023.9583,619.63
Sidrap,2000-09-30 00:00:00+00:00,22.300001,803.0871,2131.9775,330.17966,30219.809,1566.7917,687.84
Sidrap,2000-10-31 00:00:00+00:00,123.6,809.7966,2539.5115,168.40083,31186.38,2703.8333,572.82
Sidrap,2000-11-30 00:00:00+00:00,113.5,778.7663,2576.2642,151.16081,30149.105,2688.7917,583.13
Sidrap,2000-12-31 00:00:00+00:00,96.8,793.94867,2672.667,317.26578,31150.426,2820.3333,537.95
Sidrap,2001-01-31 00:00:00+00:00,92.700005,783.3987,2695.4438,206.47552,31169.543,2885.9583,563.46
Sidrap,2001-02-28 00:00:00+00:00,80.4,720.16595,2352.4377,313.09677,28119.602,2645.625,512.02
Sidrap,2001-03-31 00:00:00+00:00,65.1,793.70074,2666.5684,233.31012,31187.027,2829.0417,564.57
Sidrap,2001-04-30 00:00:00+00:00,159.3,767.8392,2650.5457,127.694374,30190.875,2710.0833,516.77
Sidrap,2001-05-31 00:00:00+00:00,53.9,807.3841,2581.2542,232.71484,31219.941,2123.7917,565.89
Sidrap,2001-06-30 00:00:00+00:00,69.6,759.435,2527.854,238.37022,30209.006,2272.7917,483.9
Sidrap,2001-07-31 00:00:00+00:00,28.3,791.99036,2394.6055,317.3947,31230.977,1687.3334,571.92
Sidrap,2001-08-31 00:00:00+00:00,7.5,810.557,2157.943,346.9948,31245.586,1824.0416,643.82
Sidrap,2001-09-30 00:00:00+00:00,37.800003,817.00586,2024.9849,319.49066,30218.422,1480.2084,675.29
Sidrap,2001-10-31 00:00:00+00:00,45.9,848.1195,2283.1577,164.28258,31203.865,1928.1666,720.79
Sidrap,2001-11-30 00:00:00+00:00,109.2,777.5329,2556.927,183.77101,30187.646,2740.2083,587.02
Sidrap,2001-12-31 00:00:00+00:00,109.5,779.0424,2736.2095,265.45688,31222.432,2880.0,487.69
Sidrap,2002-01-31 00:00:00+00:00,206.5,778.307,2776.326,189.51514,31206.959,2937.0833,521.52
Sidrap,2002-02-28 00:00:00+00:00,61.1,719.26807,2424.2583,219.87973,28209.506,2632.375,513.6
Sidrap,2002-03-31 00:00:00+00:00,159.4,789.5237,2735.314,142.96873,31208.555,2732.0833,574.47
Sidrap,2002-04-30 00:00:00+00:00,133.7,775.1433,2601.958,151.03703,30189.557,2290.2917,563.53
Sidrap,2002-05-31 00:00:00+00:00,103.600006,802.58405,2616.3408,226.4841,31226.945,1814.125,542.07
Sidrap,2002-06-30 00:00:00+00:00,67.2,761.8579,2492.3252,271.99792,30227.447,2112.875,484.84
Sidrap,2002-07-31 00:00:00+00:00,9.400001,800.5861,2328.3,337.38342,31267.2,1577.25,579.22
Sidrap,2002-08-31 00:00:00+00:00,3.7,804.6695,2080.6997,354.49057,31262.955,1591.0,657.27
Sidrap,2002-09-30 00:00:00+00:00,5.0,820.3725,1878.7045,305.7766,30262.816,1445.9584,712.05
Sidrap,2002-10-31 00:00:00+00:00,13.799999,886.3216,1785.7539,286.70874,31214.482,1527.625,805.09
Sidrap,2002-11-30 00:00:00+00:00,78.1,839.07666,2133.4648,181.68382,30189.664,2235.4583,657.7
Sidrap,2002-12-31 00:00:00+00:00,90.9,812.99866,2628.5862,157.67459,31221.738,2490.5417,622.08
Sidrap,2003-01-31 00:00:00+00:00,119.299995,791.06323,2730.161,241.2155,31226.096,2856.4583,521.09
Sidrap,2003-02-28 00:00:00+00:00,133.9,718.6868,2465.1606,199.37773,28172.621,2624.5417,513.04
Sidrap,2003-03-31 00:00:00+00:00,141.5,799.30286,2675.5977,150.62521,31225.0,2764.4167,605.4
Sidrap,2003-04-30 00:00:00+00:00,93.9,784.835,2554.241,183.0239,30202.943,2446.7083,582.42
Sidrap,2003-05-31 00:00:00+00:00,62.5,806.22577,2571.162,239.30875,31216.025,2133.7083,553.89
Sidrap,2003-06-30 00:00:00+00:00,57.2,780.0308,2339.6682,352.23206,30226.89,1617.9584,550.28
Sidrap,2003-07-31 00:00:00+00:00,85.0,777.26953,2480.0618,324.38388,31257.684,2046.2916,532.93
Sidrap,2003-08-31 00:00:00+00:00,34.9,802.13196,2369.9854,312.4009,31249.125,1768.5834,584.98
Sidrap,2003-09-30 00:00:00+00:00,23.0,804.4704,2124.563,280.73764,30241.48,1781.8334,672.88
Sidrap,2003-10-31 00:00:00+00:00,48.100002,853.91534,2215.8533,215.07785,31219.035,2106.0,668.79
Sidrap,2003-11-30 00:00:00+00:00,123.200005,798.7892,2438.6467,157.84737,30188.182,2461.9583,620.71
Sidrap,2003-12-31 00:00:00+00:00,395.69998,780.7112,2763.533,281.31232,31189.04,2993.2083,482.3
Sidrap,2004-01-31 00:00:00+00:00,174.4,790.65283,2753.7354,185.3794,31208.693,2903.9583,555.31
Sidrap,2004-02-29 00:00:00+00:00,129.59999,744.5901,2465.4138,277.4515,29182.035,2593.625,525.12
Sidrap,2004-03-31 00:00:00+00:00,116.399994,802.3362,2669.9983,299.9434,31185.633,2763.375,583.51
Sidrap,2004-04-30 00:00:00+00:00,76.9,784.1996,2548.4863,192.89398,30206.594,2438.7083,573.49
Sidrap,2004-05-31 00:00:00+00:00,84.7,808.4882,2639.4888,190.35014,31198.598,2109.4583,543.37
Sidrap,2004-06-30 00:00:00+00:00,42.9,760.47046,2408.2546,307.4865,30260.959,1936.7916,512.94
Sidrap,2004-07-31 00:00:00+00:00,29.7,787.4341,2380.1592,380.00156,31242.03,1741.9584,559.65
Sidrap,2004-08-31 00:00:00+00:00,2.1,795.46326,2096.125,364.97787,31271.273,1597.0834,664.4
Sidrap,2004-09-30 00:00:00+00:00,20.7,812.7433,1965.8019,362.68683,30243.361,1281.0834,698.34
Sidrap,2004-10-31 00:00:00+00:00,7.4,880.1758,1878.9886,227.19437,31234.328,1835.125,767.72
Sidrap,2004-11-30 00:00:00+00:00,93.6,826.7558,2209.2473,154.60341,30190.814,2164.375,630.2
Sidrap,2004-12-31 00:00:00+00:00,89.7,806.3841,2636.5654,202.67151,31192.133,2754.5,597.25
Sidrap,2005-01-31 00:00:00+00:00,48.4,798.6841,2644.069,278.31186,31201.027,2704.5417,557.75
Sidrap,2005-02-28 00:00:00+00:00,85.0,739.53687,2307.2476,151.42723,28216.885,2502.2083,543.84
Sidrap,2005-03-31 00:00:00+00:00,90.7,820.6195,2561.4578,200.42444,31227.672,2414.125,651.52997
Sidrap,2005-04-30 00:00:00+00:00,88.6,778.61,2543.3572,199.96921,30237.545,2459.625,510.08002
Sidrap,2005-05-31 00:00:00+00:00,83.9,803.2716,2556.1304,287.58435,31223.371,2252.2917,512.54
Sidrap,2005-06-30 00:00:00+00:00,26.7,797.64746,2303.2036,272.9589,30205.404,1606.875,558.42
Sidrap,2005-07-31 00:00:00+00:00,27.5,811.8195,2299.4226,326.56693,31248.828,2070.7917,565.13
Sidrap,2005-08-31 00:00:00+00:00,19.2,826.3903,2165.1902,353.34738,31249.725,1713.5834,637.19
Sidrap,2005-09-30 00:00:00+00:00,15.6,825.6017,2002.9563,292.6226,30231.764,1404.5416,676.99
Sidrap,2005-10-31 00:00:00+00:00,123.9,832.3091,2388.695,203.85297,31210.1,2182.75,655.91
Sidrap,2005-11-30 00:00:00+00:00,87.2,777.91205,2556.6997,147.42365,30187.148,2676.2917,564.3
Sidrap,2005-12-31 00:00:00+00:00,97.399994,797.11743,2693.8992,194.22403,31171.326,2938.0833,541.04
Sidrap,2006-01-31 00:00:00+00:00,132.8,800.1674,2624.8257,315.10983,31164.412,3001.6667,542.97
Sidrap,2006-02-28 00:00:00+00:00,88.899994,715.0618,2470.9875,217.99232,28171.654,2524.0417,488.46
Sidrap,2006-03-31 00:00:00+00:00,45.1,802.7424,2623.0825,263.58145,31175.887,2836.5417,589.1
Sidrap,2006-04-30 00:00:00+00:00,72.4,772.9058,2600.636,179.31702,30182.863,2785.2083,509.76
Sidrap,2006-05-31 00:00:00+00:00,133.5,789.257,2714.8518,174.14085,31229.287,2751.1667,477.51
Sidrap,2006-06-30 00:00:00+00:00,87.0,749.0662,2554.3875,276.29364,30231.432,2520.9167,451.44
Sidrap,2006-07-31 00:00:00+00:00,15.6,785.61115,2394.2654,361.8874,31268.398,1703.1666,554.01
Sidrap,2006-08-31 00:00:00+00:00,8.8,799.61115,2127.4675,446.55984,31268.041,1263.625,668.12
Sidrap,2006-09-30 00:00:00+00:00,6.8,807.4725,1911.3644,390.67288,30249.04,1512.3334,703.85
Sidrap,2006-10-31 00:00:00+00:00,3.2,869.63824,1792.8143,330.27164,31261.297,1528.1667,782.66
Sidrap,2006-11-30 00:00:00+00:00,32.6,854.97876,1968.8352,193.62683,30190.809,1611.25,712.51
Sidrap,2006-12-31 00:00:00+00:00,119.0,827.15076,2578.0237,136.21207,31180.598,2423.3333,621.87
Sidrap,2007-01-31 00:00:00+00:00,199.4,797.13824,2691.1895,326.0272,31200.443,2865.25,510.96
Sidrap,2007-02-28 00:00:00+00:00,170.5,709.066,2489.189,216.35332,28189.184,2578.375,503.88998
Sidrap,2007-03-31 00:00:00+00:00,40.9,816.03827,2596.4978,172.23233,31185.188,2712.4583,628.43
Sidrap,2007-04-30 00:00:00+00:00,204.7,770.6558,2650.7986,129.02538,30208.256,2561.625,515.53
Sidrap,2007-05-31 00:00:00+00:00,85.5,804.06116,2603.2866,248.89996,31225.13,2099.375,544.22
Sidrap,2007-06-30 00:00:00+00:00,156.5,758.2954,2633.1958,214.95116,30172.15,2528.7917,422.38998
Sidrap,2007-07-31 00:00:00+00:00,36.3,776.42993,2481.976,399.4061,31236.803,2252.0417,533.5
Sidrap,2007-08-31 00:00:00+00:00,26.6,786.6028,2358.4043,391.38766,31242.455,1909.0,586.94
Sidrap,2007-09-30 00:00:00+00:00,17.9,795.71,2040.213,338.24695,30211.846,1717.5416,666.73
Sidrap,2007-10-31 00:00:00+00:00,67.0,839.41113,2321.2183,239.48381,31193.912,2095.2083,699.73
Sidrap,2007-11-30 00:00:00+00:00,77.1,788.6788,2445.7478,188.22516,30162.941,2498.0,621.01
Sidrap,2007-12-31 00:00:00+00:00,105.7,803.50696,2625.4211,229.18225,31135.582,2829.5,576.62
Sidrap,2008-01-31 00:00:00+00:00,99.5,796.032,2653.1436,275.46692,31169.588,2824.0417,570.3
Sidrap,2008-02-29 00:00:00+00:00,67.9,752.21716,2423.6143,306.45135,29145.352,2711.2083,522.62
Sidrap,2008-03-31 00:00:00+00:00,88.4,791.7403,2664.599,168.0465,31179.688,2803.6667,595.85
Sidrap,2008-04-30 00:00:00+00:00,106.4,766.7954,2575.5964,177.34955,30175.42,2659.7917,534.6
Sidrap,2008-05-31 00:00:00+00:00,64.3,793.19446,2567.9404,295.81372,31217.8,2149.5,543.24
Sidrap,2008-06-30 00:00:00+00:00,129.4,746.2621,2554.123,276.91702,30229.373,2136.4583,456.6
Sidrap,2008-07-31 00:00:00+00:00,97.1,762.9174,2556.4321,364.8677,31241.492,2154.375,479.01
Sidrap,2008-08-31 00:00:00+00:00,72.9,774.7737,2494.4014,380.49466,31240.555,2233.5833,542.48
Sidrap,2008-09-30 00:00:00+00:00,28.0,796.4225,2173.2754,298.90875,30221.572,1928.375,652.92
Sidrap,2008-10-31 00:00:00+00:00,97.4,838.47577,2367.326,258.24387,31209.74,2332.5417,666.14
Sidrap,2008-11-30 00:00:00+00:00,104.1,786.28503,2562.7905,149.48366,30160.373,2719.9583,592.95
Sidrap,2008-12-31 00:00:00+00:00,116.1,788.9903,2694.6812,276.8854,31158.877,2997.2083,503.6
Sidrap,2009-01-31 00:00:00+00:00,199.90001,781.59656,2725.289,323.17657,31184.115,2905.6667,529.31
Sidrap,2009-02-28 00:00:00+00:00,92.0,714.8535,2400.226,275.75684,28137.463,2646.0417,498.15
Sidrap,2009-03-31 00:00:00+00:00,84.3,793.8445,2661.1008,155.45416,31201.611,2745.6667,583.73
Sidrap,2009-04-30 00:00:00+00:00,68.4,788.44336,2523.082,149.61331,30185.08,2414.2083,579.94
Sidrap,2009-05-31 00:00:00+00:00,133.0,814.17365,2605.9746,166.62364,31187.223,2399.375,550.0
Sidrap,2009-06-30 00:00:00+00:00,26.800001,779.9913,2374.5654,279.04727,30228.475,1838.3334,528.6
Sidrap,2009-07-31 00:00:00+00:00,79.1,789.5216,2391.5586,289.51297,31243.748,2007.7084,539.12
Sidrap,2009-08-31 00:00:00+00:00,10.6,822.72784,2192.2869,360.4338,31231.121,1271.25,651.0
Sidrap,2009-09-30 00:00:00+00:00,18.2,833.0391,1976.0748,295.7307,30213.395,1443.3334,699.24
Sidrap,2009-10-31 00:00:00+00:00,36.6,868.59033,2022.5359,275.9796,31225.588,2042.0834,732.34
Sidrap,2009-11-30 00:00:00+00:00,70.4,826.5246,2209.3872,226.06708,30161.236,2423.625,624.55
Sidrap,2009-12-31 00:00:00+00:00,54.2,822.75903,2534.5796,219.59377,31197.816,2725.9167,605.96
Sidrap,2010-01-31 00:00:00+00:00,118.799995,799.4549,2659.9685,318.48077,31207.766,2916.4167,521.96
Sidrap,2010-02-28 00:00:00+00:00,118.0,735.1139,2414.4988,171.57327,28204.016,2446.625,561.92
Sidrap,2010-03-31 00:00:00+00:00,183.8,813.8299,2674.7249,141.52733,31223.438,2699.0,592.27
Sidrap,2010-04-30 00:00:00+00:00,90.700005,796.4141,2587.1416,154.85048,30205.543,2690.875,540.82
Sidrap,2010-05-31 00:00:00+00:00,179.5,816.60284,2749.393,145.57256,31174.777,2524.5,496.89
Sidrap,2010-06-30 00:00:00+00:00,129.7,761.23914,2636.6824,261.19406,30222.395,2500.3333,439.55
Sidrap,2010-07-31 00:00:00+00:00,125.200005,781.1216,2690.0837,279.81277,31222.123,2450.0833,493.69
Sidrap,2010-08-31 00:00:00+00:00,118.1,781.5362,2676.5085,246.51001,31227.81,2417.875,512.5
Sidrap,2010-09-30 00:00:00+00:00,127.5,768.9746,2606.9795,170.87401,30198.812,2459.4167,570.42
Sidrap,2010-10-31 00:00:00+00:00,207.9,796.25073,2725.667,146.76263,31178.648,2868.625,558.84
Sidrap,2010-11-30 00:00:00+00:00,228.8,770.51624,2647.0806,113.84925,30165.037,2629.875,581.06
Sidrap,2010-12-31 00:00:00+00:00,81.3,788.6007,2672.4429,260.19247,31120.29,2957.0,540.59
Sidrap,2011-01-31 00:00:00+00:00,67.100006,787.11115,2648.6128,267.10135,31146.473,2860.7083,570.23
Sidrap,2011-02-28 00:00:00+00:00,109.99999,723.0077,2310.9106,258.3167,28141.484,2432.5417,563.38
Sidrap,2011-03-31 00:00:00+00:00,82.4,787.8549,2700.2827,264.45874,31161.61,2928.8333,547.64
Sidrap,2011-04-30 00:00:00+00:00,112.6,763.2183,2637.7803,235.82564,30178.172,2734.4167,498.1
Sidrap,2011-05-31 00:00:00+00:00,104.700005,801.05493,2653.58,191.25607,31209.912,2466.0833,515.78
Sidrap,2011-06-30 00:00:00+00:00,37.800003,757.1246,2457.4397,270.50937,30216.688,2003.75,477.32
Sidrap,2011-07-31 00:00:00+00:00,33.8,792.31323,2383.2024,361.3574,31231.746,2069.25,562.17
Sidrap,2011-08-31 00:00:00+00:00,15.6,806.33826,2174.764,404.96997,31240.334,1608.0834,624.81
Sidrap,2011-09-30 00:00:00+00:00,30.4,799.61,2101.5225,336.3383,30233.39,1917.125,640.69
Sidrap,2011-10-31 00:00:00+00:00,96.0,841.49866,2334.4727,212.01967,31194.26,2237.0,681.24
Sidrap,2011-11-30 00:00:00+00:00,92.9,797.3329,2463.6702,125.32931,30159.746,2369.0833,636.26
Sidrap,2011-12-31 00:00:00+00:00,207.1,790.77783,2742.5713,241.429,31147.021,2848.75,491.35
Sidrap,2012-01-31 00:00:00+00:00,45.100002,798.52576,2649.7756,247.90442,31163.898,2971.1667,537.24
Sidrap,2012-02-29 00:00:00+00:00,198.8,734.6401,2552.7795,152.4536,29155.768,2575.5,530.51
Sidrap,2012-03-31 00:00:00+00:00,89.5,793.8299,2675.8074,231.26688,31168.832,2897.0,558.53
Sidrap,2012-04-30 00:00:00+00:00,163.0,768.5808,2616.823,131.68732,30212.89,2534.0,558.65
Sidrap,2012-05-31 00:00:00+00:00,118.1,789.8924,2672.7239,213.32619,31203.605,2396.125,506.44
Sidrap,2012-06-30 00:00:00+00:00,82.299995,754.4412,2524.4387,253.06424,30228.115,2158.4583,465.18
Sidrap,2012-07-31 00:00:00+00:00,127.5,759.1445,2591.3293,320.42026,31230.865,2253.125,492.6
Sidrap,2012-08-31 00:00:00+00:00,12.400001,784.7028,2316.1707,397.8146,31262.715,1657.0416,609.25
Sidrap,2012-09-30 00:00:00+00:00,22.900002,799.0954,2064.101,295.94177,30238.1,1926.0834,683.34
Sidrap,2012-10-31 00:00:00+00:00,45.7,856.67365,2181.1575,257.4372,31205.797,2028.5834,722.49
Sidrap,2012-11-30 00:00:00+00:00,92.299995,808.77045,2379.2886,145.76947,30182.613,2149.125,643.83
Sidrap,2012-12-31 00:00:00+00:00,166.5,805.0591,2674.4136,152.27324,31166.725,2871.2917,564.28
Sidrap,2013-01-31 00:00:00+00:00,102.8,806.85284,2592.4124,362.869,31186.135,2943.2083,541.27997
Sidrap,2013-02-28 00:00:00+00:00,128.3,726.8493,2406.207,188.35764,28154.572,2581.8333,515.26
Sidrap,2013-03-31 00:00:00+00:00,107.0,810.42993,2667.5212,199.84715,31211.605,2707.25,590.33997
Sidrap,2013-04-30 00:00:00+00:00,170.8,778.71,2628.6555,136.16365,30192.05,2645.875,502.65
Sidrap,2013-05-31 00:00:00+00:00,157.2,798.87366,2732.9675,152.42374,31207.547,2681.5417,485.18
Sidrap,2013-06-30 00:00:00+00:00,253.0,773.0683,2614.874,152.7965,30180.422,2393.2083,462.07
Sidrap,2013-07-31 00:00:00+00:00,226.6,751.1466,2788.6912,259.20633,31222.871,2740.8333,384.05
Sidrap,2013-08-31 00:00:00+00:00,23.8,776.94446,2438.7112,346.8358,31249.566,1889.0417,598.47
Sidrap,2013-09-30 00:00:00+00:00,15.3,792.5121,2171.008,307.00455,30222.947,1915.0,658.48
Sidrap,2013-10-31 00:00:00+00:00,36.7,859.95905,2123.0652,214.85692,31229.637,2271.0833,712.8
Sidrap,2013-11-30 00:00:00+00:00,93.5,793.11206,2426.589,186.18141,30166.68,2701.625,585.34
Sidrap,2013-12-31 00:00:00+00:00,193.1,793.9882,2697.333,236.31903,31168.514,3016.8333,495.14
Sidrap,2014-01-31 00:00:00+00:00,127.299995,787.9237,2652.0532,376.47476,31190.37,2957.4583,507.99
Sidrap,2014-02-28 00:00:00+00:00,44.100002,722.33264,2349.477,226.38145,28172.215,2613.4583,550.69
Sidrap,2014-03-31 00:00:00+00:00,87.9,799.4591,2667.9436,166.60689,31221.602,2642.3333,595.31
Sidrap,2014-04-30 00:00:00+00:00,110.9,776.3954,2594.0046,156.34161,30206.107,2541.5417,536.86
Sidrap,2014-05-31 00:00:00+00:00,127.0,803.23615,2682.267,230.95041,31222.068,2605.375,501.9
Sidrap,2014-06-30 00:00:00+00:00,111.3,758.2267,2644.7913,253.62437,30208.379,2464.625,399.43
Sidrap,2014-07-31 00:00:00+00:00,56.7,781.69446,2572.0466,313.0343,31253.928,2277.2083,506.77
Sidrap,2014-08-31 00:00:00+00:00,28.7,794.707,2273.3003,422.02792,31268.021,1657.0834,636.07
Sidrap,2014-09-30 00:00:00+00:00,1.7,807.73083,1866.2899,368.66144,30256.379,1551.4166,725.75
Sidrap,2014-10-31 00:00:00+00:00,9.0,873.0382,1823.5098,337.97604,31230.174,1787.875,809.22
Sidrap,2014-11-30 00:00:00+00:00,61.7,846.6537,2057.7014,161.87268,30186.898,2262.5,688.81
Sidrap,2014-12-31 00:00:00+00:00,213.09999,794.56116,2713.9902,244.419,31182.174,2984.4167,501.46
Sidrap,2015-01-31 00:00:00+00:00,93.4,795.11536,2636.6055,356.4468,31210.568,2968.0833,566.77
Sidrap,2015-02-28 00:00:00+00:00,120.1,707.1514,2467.2695,190.73877,28206.73,2622.7917,496.24
Sidrap,2015-03-31 00:00:00+00:00,160.3,792.09656,2705.8286,166.30061,31254.078,2751.0,573.72003
Sidrap,2015-04-30 00:00:00+00:00,220.8,773.4016,2619.2097,133.35037,30215.512,2435.5417,542.57
Sidrap,2015-05-31 00:00:00+00:00,142.6,798.557,2609.4595,255.6972,31251.531,2374.9167,527.39
Sidrap,2015-06-30 00:00:00+00:00,102.0,755.31,2542.9028,287.68585,30243.822,2299.25,445.79
Sidrap,2015-07-31 00:00:00+00:00,24.2,793.5778,2386.5693,406.9866,31275.666,1507.8334,591.52
Sidrap,2015-08-31 00:00:00+00:00,2.2,808.00073,2118.1072,425.12668,31281.035,1573.75,694.58997
Sidrap,2015-09-30 00:00:00+00:00,0.4,819.9142,1823.6062,407.2803,30267.082,1263.125,743.37
Sidrap,2015-10-31 00:00:00+00:00,12.6,876.47784,1853.7255,393.86212,31272.668,1352.7916,793.15
Sidrap,2015-11-30 00:00:00+00:00,41.600002,838.7183,2183.3428,156.2041,30189.99,2010.0,673.82
Sidrap,2015-12-31 00:00:00+00:00,116.0,817.40906,2614.0344,225.13884,31225.176,2666.5833,572.75
Sidrap,2016-01-31 00:00:00+00:00,162.5,827.1424,2626.4177,132.34856,31248.873,2413.3333,617.8
Sidrap,2016-02-29 00:00:00+00:00,173.6,755.03174,2557.2979,161.57117,29226.418,2674.625,490.0
Sidrap,2016-03-31 00:00:00+00:00,218.70001,820.06537,2719.7263,136.29863,31248.244,2764.9583,571.32
Sidrap,2016-04-30 00:00:00+00:00,249.8,785.35376,2653.042,132.38377,30225.166,2694.2083,476.52002
Sidrap,2016-05-31 00:00:00+00:00,118.5,824.52783,2689.9336,184.55411,31212.61,2323.25,552.92
Sidrap,2016-06-30 00:00:00+00:00,76.4,771.785,2594.2676,193.08255,30238.643,2215.9583,470.13
Sidrap,2016-07-31 00:00:00+00:00,61.300003,798.0716,2540.935,292.98724,31235.916,1958.7084,561.64
Sidrap,2016-08-31 00:00:00+00:00,29.300001,818.3299,2359.7405,303.63672,31229.2,1901.4584,608.11
Sidrap,2016-09-30 00:00:00+00:00,55.5,815.2767,2258.3337,216.79204,30208.635,2056.1667,639.44
Sidrap,2016-10-31 00:00:00+00:00,183.5,817.15076,2577.1506,178.43816,31203.543,2624.5,569.19
Sidrap,2016-11-30 00:00:00+00:00,192.3,791.3996,2584.3274,139.6369,30181.676,2744.4583,587.07
Sidrap,2016-12-31 00:00:00+00:00,55.699997,817.3841,2640.2012,255.26245,31162.43,2867.0,560.31
Sidrap,2017-01-31 00:00:00+00:00,260.3,817.1896,2675.5635,325.01752,31181.566,2911.0417,524.86
Sidrap,2017-02-28 00:00:00+00:00,299.1,741.3146,2370.654,260.14877,28180.492,2656.0,502.09
Sidrap,2017-03-31 00:00:00+00:00,311.2,808.6813,2716.3242,242.17442,31210.027,2828.5417,558.54
Sidrap,2017-04-30 00:00:00+00:00,230.29999,789.56665,2637.231,178.32904,30216.637,2648.9583,533.2
Sidrap,2017-05-31 00:00:00+00:00,330.0,815.7167,2699.4976,280.05963,31222.084,2601.625,451.75
Sidrap,2017-06-30 00:00:00+00:00,306.1,765.1666,2643.374,269.41177,30244.965,2438.2083,395.28
Sidrap,2017-07-31 00:00:00+00:00,171.1,790.1271,2645.215,302.34872,31261.918,2300.4583,475.84
Sidrap,2017-08-31 00:00:00+00:00,91.6,796.92706,2506.615,340.3684,31243.322,2044.125,560.03
Sidrap,2017-09-30 00:00:00+00:00,124.8,791.7021,2423.999,320.73163,30233.92,2001.7916,579.45
Sidrap,2017-10-31 00:00:00+00:00,178.6,826.31665,2636.6853,198.58174,31194.701,2301.25,606.79
Sidrap,2017-11-30 00:00:00+00:00,219.6,799.7354,2594.4333,204.30885,30141.5,2726.0,535.56
Sidrap,2017-12-31 00:00:00+00:00,237.70001,814.25415,2700.5308,343.52637,31174.73,2717.625,531.06
Sidrap,2018-01-31 00:00:00+00:00,129.2,821.4146,2597.1973,322.79306,31142.844,2911.8333,537.03
Sidrap,2018-02-28 00:00:00+00:00,240.20001,723.01044,2481.367,302.43686,28191.232,2532.625,487.97
Sidrap,2018-03-31 00:00:00+00:00,202.3,803.7021,2716.2852,283.10498,31191.271,2744.1667,542.58
Sidrap,2018-04-30 00:00:00+00:00,321.90002,789.5563,2612.163,199.29268,30198.22,2434.7917,543.99
Sidrap,2018-05-31 00:00:00+00:00,238.0,810.375,2688.155,313.02994,31219.367,2319.7083,488.56
Sidrap,2018-06-30 00:00:00+00:00,280.7,768.04584,2630.4456,295.45096,30245.734,2203.7083,454.38
Sidrap,2018-07-31 00:00:00+00:00,180.40001,787.4396,2641.5378,316.2473,31239.375,2130.6667,497.18
Sidrap,2018-08-31 00:00:00+00:00,51.9,808.4646,2476.1812,298.3746,31253.979,1596.9584,608.91
Sidrap,2018-09-30 00:00:00+00:00,58.400005,799.6604,2240.907,327.61902,30239.879,1639.5,667.56
Sidrap,2018-10-31 00:00:00+00:00,49.8,863.5646,2258.6528,256.57062,31234.145,1993.3334,693.41
Sidrap,2018-11-30 00:00:00+00:00,215.8,815.74585,2498.4744,206.36342,30205.785,2591.9167,592.19
Sidrap,2018-12-31 00:00:00+00:00,241.1,822.2916,2689.8164,316.1119,31189.01,2757.8333,546.13
Sidrap,2019-01-31 00:00:00+00:00,199.5,825.6396,2691.3877,265.96967,31211.322,2783.625,523.27997
Sidrap,2019-02-28 00:00:00+00:00,258.2,732.5833,2473.6846,183.85385,28238.133,2491.8333,507.33
Sidrap,2019-03-31 00:00:00+00:00,281.4,819.4667,2698.6934,239.31561,31226.953,2497.7083,596.03
Sidrap,2019-04-30 00:00:00+00:00,520.9,786.79584,2698.5479,204.8362,30206.812,2701.2917,468.61
Sidrap,2019-05-31 00:00:00+00:00,187.90001,826.6125,2665.823,271.86716,31234.61,2296.9583,554.29
Sidrap,2019-06-30 00:00:00+00:00,314.00003,775.9125,2578.145,313.56824,30231.8,2074.2917,464.37
Sidrap,2019-07-31 00:00:00+00:00,57.9,791.225,2487.9822,351.3917,31272.352,1635.8334,559.86
Sidrap,2019-08-31 00:00:00+00:00,42.5,811.76044,2285.7012,390.82196,31273.791,1847.1666,643.82
Sidrap,2019-09-30 00:00:00+00:00,16.4,810.70416,2096.6724,368.36984,30278.14,1539.7084,690.1
Sidrap,2019-10-31 00:00:00+00:00,53.7,859.42084,2275.0742,316.317,31217.383,1920.4584,691.79
Sidrap,2019-11-30 00:00:00+00:00,66.8,843.6667,2279.99,204.77643,30196.66,1904.3333,637.08997
Sidrap,2019-12-31 00:00:00+00:00,207.2,849.8646,2556.608,209.34972,31199.057,2744.6667,584.82
Sidrap,2020-01-31 00:00:00+00:00,322.7,835.6583,2671.1614,252.89944,31201.738,2660.1667,563.02
Sidrap,2020-02-29 00:00:00+00:00,278.6,776.65625,2532.8066,176.74701,29213.086,2629.25,545.45
Sidrap,2020-03-31 00:00:00+00:00,311.9,828.1854,2722.0745,197.54872,31224.268,2692.9167,568.76
Sidrap,2020-04-30 00:00:00+00:00,410.40002,794.41876,2673.1846,167.7316,30225.49,2425.9167,536.02
Sidrap,2020-05-31 00:00:00+00:00,419.30002,828.5917,2755.1877,224.34836,31223.87,2611.0,481.63
Sidrap,2020-06-30 00:00:00+00:00,327.4,777.7708,2607.0366,314.8321,30228.459,2345.8333,481.31
Sidrap,2020-07-31 00:00:00+00:00,233.00002,794.4708,2660.814,360.4488,31218.744,2247.8333,519.42
Sidrap,2020-08-31 00:00:00+00:00,157.0,807.38544,2533.7046,311.93433,31236.586,1780.5834,610.07
Sidrap,2020-09-30 00:00:00+00:00,131.2,795.2917,2451.8188,313.6346,30215.857,2164.3333,615.34
Sidrap,2020-10-31 00:00:00+00:00,173.40001,830.7125,2573.1846,240.767,31196.215,2316.3333,613.43
Sidrap,2020-11-30 00:00:00+00:00,213.9,801.125,2576.9575,213.84065,30192.451,2420.75,559.34
Sidrap,2020-12-31 00:00:00+00:00,192.3,817.71875,2679.0764,335.70645,31170.432,2895.125,530.52
Sidrap,2021-01-31 00:00:00+00:00,206.8,806.21045,2716.8367,338.04416,31164.738,2873.1667,530.48
Sidrap,2021-02-28 00:00:00+00:00,127.700005,747.5833,2345.4246,333.82855,28169.348,2492.125,565.15
Sidrap,2021-03-31 00:00:00+00:00,239.9,810.3187,2707.286,240.48491,31196.092,2737.375,591.31
Sidrap,2021-04-30 00:00:00+00:00,142.3,802.3792,2534.0405,226.15956,30214.9,2496.0833,578.03
Sidrap,2021-05-31 00:00:00+00:00,238.20001,819.8688,2696.7175,259.0841,31206.398,2422.4167,497.99
Sidrap,2021-06-30 00:00:00+00:00,235.90002,788.19165,2583.942,242.44931,30240.898,2133.7083,502.44
Sidrap,2021-07-31 00:00:00+00:00,240.40001,791.775,2695.902,284.86676,31238.146,2255.375,469.7
Sidrap,2021-08-31 00:00:00+00:00,263.2,798.62085,2695.3274,337.55426,31252.363,2297.8333,551.22
Sidrap,2021-09-30 00:00:00+00:00,342.3,776.125,2577.929,279.7862,30225.006,2338.625,535.16
Sidrap,2021-10-31 00:00:00+00:00,269.7,822.66876,2676.365,186.27748,31208.371,2534.7083,619.67
Sidrap,2021-11-30 00:00:00+00:00,355.80002,783.3333,2658.1592,174.61101,30169.242,2872.75,566.61
Sidrap,2021-12-31 00:00:00+00:00,248.90001,815.7354,2670.8462,326.814,31199.195,3018.4583,528.15
Sidrap,2022-01-31 00:00:00+00:00,217.59999,815.8687,2632.9404,306.60272,31196.45,2974.5,619.76
Sidrap,2022-02-28 00:00:00+00:00,285.2,729.2729,2395.6428,244.58177,28162.441,2655.625,525.02
Sidrap,2022-03-31 00:00:00+00:00,192.8,822.45416,2653.8142,228.84805,31175.838,2812.0417,644.72
Sidrap,2022-04-30 00:00:00+00:00,271.7,795.2875,2566.918,176.84023,30178.467,2615.125,613.19
Sidrap,2022-05-31 00:00:00+00:00,323.4,821.19586,2706.5996,200.775,31200.06,2640.75,529.4
Sidrap,2022-06-30 00:00:00+00:00,295.6,774.7479,2596.2588,253.744,30200.93,2473.75,530.59
Sidrap,2022-07-31 00:00:00+00:00,189.7,801.1646,2646.4714,291.23248,31212.588,2587.6667,510.87
Sidrap,2022-08-31 00:00:00+00:00,150.1,802.89374,2559.8723,313.7209,31218.984,2204.7083,616.61
Sidrap,2022-09-30 00:00:00+00:00,184.20001,795.3417,2462.2512,258.113,30219.41,2464.7917,646.68
Sidrap,2022-10-31 00:00:00+00:00,316.5,811.0209,2714.8772,222.91776,31199.285,2862.8333,614.58
Sidrap,2022-11-30 00:00:00+00:00,307.30002,784.2646,2619.9856,196.1203,30189.758,2882.8333,566.57
Sidrap,2022-12-31 00:00:00+00:00,281.19998,806.2146,2646.106,312.89337,31156.895,2912.4167,573.36
Sidrap,2023-01-31 00:00:00+00:00,193.3,810.6896,2631.738,378.69992,31178.682,3045.7917,599.55
Sidrap,2023-02-28 00:00:00+00:00,117.0,742.8729,2337.3289,338.0618,28159.834,2710.5417,539.22
Sidrap,2023-03-31 00:00:00+00:00,273.69998,809.14374,2681.4111,247.26518,31223.896,2949.8333,610.92
Sidrap,2023-04-30 00:00:00+00:00,270.3,795.4854,2573.8901,245.16487,30185.875,2671.9583,592.67
Sidrap,2023-05-31 00:00:00+00:00,246.1,823.16254,2642.8176,259.6633,31246.805,2497.2917,552.46
Sidrap,2023-06-30 00:00:00+00:00,170.8,785.6771,2542.1199,251.91115,30232.354,2344.9583,505.59
Sidrap,2023-07-31 00:00:00+00:00,130.6,809.3146,2537.2544,314.9169,31262.342,2039.7084,580.62
Sidrap,2023-08-31 00:00:00+00:00,23.5,830.08746,2242.4524,380.8616,31286.12,1396.5,678.38
Sidrap,2023-09-30 00:00:00+00:00,16.0,831.2396,1988.2349,395.23587,30250.783,1618.2084,715.65
Sidrap,2023-10-31 00:00:00+00:00,21.4,896.23334,2090.1504,337.84308,31260.37,1501.6666,754.71
Sidrap,2023-11-30 00:00:00+00:00,205.4,837.41876,2366.4421,195.72868,30203.184,2271.0417,647.54
Sidrap,2023-12-31 00:00:00+00:00,158.2,853.0563,2510.4055,253.38855,31209.496,2831.7083,651.13
Sidrap,2024-01-31 00:00:00+00:00,215.50002,848.10834,2554.5752,268.1579,31208.691,2976.9583,607.36
Sidrap,2024-02-29 00:00:00+00:00,144.20001,800.98126,2356.7842,255.6706,29229.773,2552.25,612.53
Sidrap,2024-03-31 00:00:00+00:00,282.1,846.2688,2651.332,197.76578,31221.555,2886.125,615.06
Sidrap,2024-04-30 00:00:00+00:00,369.2,809.54376,2623.0725,186.01843,30185.67,2765.5833,557.02
Sidrap,2024-05-31 00:00:00+00:00,192.20001,840.625,2631.3171,319.12558,31204.756,2517.8333,536.01
Sidrap,2024-06-30 00:00:00+00:00,156.1,794.30835,2509.5444,291.5906,30239.414,2324.625,529.01
Sidrap,2024-07-31 00:00:00+00:00,158.8,805.5292,2550.4314,327.06497,31251.48,2235.125,540.37
Sidrap,2024-08-31 00:00:00+00:00,25.6,833.8729,2287.044,379.17825,31253.303,1818.0834,665.28
Sidrap,2024-09-30 00:00:00+00:00,63.3,840.79376,2163.0234,311.4878,30212.195,1869.5,684.1
Sidrap,2024-10-31 00:00:00+00:00,145.0,864.0021,2355.2136,253.57788,31216.248,2187.4583,706.17
Sidrap,2024-11-30 00:00:00+00:00,325.8,809.2104,2551.831,181.74837,30176.654,2654.8333,616.33
Sidrap,2024-12-31 00:00:00+00:00,193.30002,835.4042,2573.4868,395.39874,31161.145,2969.875,531.31
Sidrap,2025-01-31 00:00:00+00:00,239.30002,819.4167,2655.3193,348.9142,31174.49,3039.9167,576.67
Sidrap,2025-02-28 00:00:00+00:00,148.2,756.08545,2282.2058,322.8108,28184.387,2698.75,520.38
Sidrap,2025-03-31 00:00:00+00:00,202.3,834.7646,2588.7563,298.60294,31186.613,2885.5417,592.51
Sidrap,2025-04-30 00:00:00+00:00,188.90001,806.01666,2500.827,223.9333,30205.094,2801.2083,563.2
Sidrap,2025-05-31 00:00:00+00:00,418.0,822.64374,2693.6167,207.26949,31207.143,2674.4583,525.54
Sidrap,2025-06-30 00:00:00+00:00,256.4,772.07916,2626.9678,248.81404,30240.934,2540.2083,448.11002
Sidrap,2025-07-31 00:00:00+00:00,140.40001,800.8875,2649.2246,291.80777,31234.254,1989.375,578.58
Sidrap,2025-08-31 00:00:00+00:00,107.600006,801.50415,2563.2231,311.04657,31255.115,2228.9167,610.14
Sidrap,2025-09-30 00:00:00+00:00,135.3,810.48755,2308.522,302.6484,30233.312,2157.9167,661.03
Sidrap,2025-10-31 00:00:00+00:00,145.70001,849.6062,2439.3247,212.5504,31211.365,2345.1667,661.19
Sidrap,2025-11-30 00:00:00+00:00,129.6,820.7792,2408.5547,325.85422,30185.762,2862.9583,605.99
Sidrap,2025-12-31 00:00:00+00:00,126.1,843.1667,2493.9583,391.88092,31166.4,2963.2917,599.84
Wajo,1996-01-31 00:00:00+00:00,80.299995,800.27527,2492.6968,347.14868,31090.922,2880.1667,546.66
Wajo,1996-02-29 00:00:00+00:00,54.1,760.6251,2292.601,306.81458,29086.29,2621.5833,558.54
Wajo,1996-03-31 00:00:00+00:00,103.700005,823.4253,2467.2646,280.69455,31103.473,2454.4167,625.9
Wajo,1996-04-30 00:00:00+00:00,147.9,791.5158,2430.3904,216.90742,30112.232,2464.25,529.13
Wajo,1996-05-31 00:00:00+00:00,235.4,792.2544,2665.6147,222.86134,31170.184,2425.4583,493.63
Wajo,1996-06-30 00:00:00+00:00,190.3,764.4575,2539.5073,267.44083,30152.898,2318.0417,469.9
Wajo,1996-07-31 00:00:00+00:00,230.5,773.96484,2591.3486,297.76227,31157.088,2217.375,511.89
Wajo,1996-08-31 00:00:00+00:00,145.7,788.34607,2543.552,291.20087,31165.773,2209.1667,570.01
Wajo,1996-09-30 00:00:00+00:00,40.5,788.695,2287.7542,244.24196,30123.04,1794.2916,646.46
Wajo,1996-10-31 00:00:00+00:00,107.5,824.7523,2475.1611,187.17696,31126.404,2465.0,635.23
Wajo,1996-11-30 00:00:00+00:00,119.0,784.3096,2472.246,154.16365,30103.213,2670.0417,549.39
Wajo,1996-12-31 00:00:00+00:00,172.90001,800.74817,2556.7375,351.40796,31084.285,2929.0417,500.49
Wajo,1997-01-31 00:00:00+00:00,120.2,798.5294,2551.5002,287.53653,31129.125,2797.375,557.64
Wajo,1997-02-28 00:00:00+00:00,57.9,728.2908,2251.4358,305.19528,28082.621,2578.75,503.89
Wajo,1997-03-31 00:00:00+00:00,66.2,808.51483,2507.5286,304.76718,31169.672,2581.75,614.5
Wajo,1997-04-30 00:00:00+00:00,215.0,771.07,2525.719,224.77458,30176.969,2377.1667,543.88
Wajo,1997-05-31 00:00:00+00:00,70.7,808.34607,2542.01,229.9409,31161.762,1596.5,552.29
Wajo,1997-06-30 00:00:00+00:00,67.700005,777.1492,2321.78,319.335,30195.94,1485.5416,579.02997
Wajo,1997-07-31 00:00:00+00:00,82.4,777.8148,2431.2366,366.3266,31203.645,2054.625,534.75
Wajo,1997-08-31 00:00:00+00:00,1.1,789.5544,2213.0403,390.54282,31235.955,1401.0834,674.67
Wajo,1997-09-30 00:00:00+00:00,0.1,782.0033,2001.7274,391.57346,30234.727,951.0,766.59
Wajo,1997-10-31 00:00:00+00:00,10.1,838.4669,2104.975,311.5314,31216.832,1670.0416,785.26
Wajo,1997-11-30 00:00:00+00:00,56.600002,812.2846,2198.4033,231.00294,30177.281,1748.0834,707.33
Wajo,1997-12-31 00:00:00+00:00,118.5,830.53564,2477.7214,178.00052,31153.727,2615.875,611.45
Wajo,1998-01-31 00:00:00+00:00,44.300003,856.894,2339.8896,159.87173,31160.553,2519.5417,624.32
Wajo,1998-02-28 00:00:00+00:00,78.1,766.4783,2185.958,119.81155,28177.66,2158.0833,559.17
Wajo,1998-03-31 00:00:00+00:00,99.700005,849.17523,2449.332,142.86719,31174.434,2433.5833,634.47
Wajo,1998-04-30 00:00:00+00:00,149.7,810.2388,2473.102,140.11092,30158.42,2409.2917,545.58
Wajo,1998-05-31 00:00:00+00:00,277.3,814.20026,2717.333,225.86987,31148.104,2613.9167,461.35
Wajo,1998-06-30 00:00:00+00:00,210.6,778.38043,2558.3538,208.07397,30149.096,2311.9583,456.19
Wajo,1998-07-31 00:00:00+00:00,270.3,785.0857,2703.1914,218.48138,31155.096,2356.875,490.97
Wajo,1998-08-31 00:00:00+00:00,215.40001,788.8836,2558.2852,314.78592,31172.328,2186.7917,557.63
Wajo,1998-09-30 00:00:00+00:00,93.1,786.5721,2398.358,256.60495,30151.703,1939.1666,635.96
Wajo,1998-10-31 00:00:00+00:00,156.0,833.2461,2488.4187,181.54498,31126.004,2381.1667,646.69
Wajo,1998-11-30 00:00:00+00:00,133.3,780.8575,2534.5542,259.15915,30089.033,2878.1667,481.19998
Wajo,1998-12-31 00:00:00+00:00,54.4,813.6315,2496.7476,374.67938,31091.666,2891.5833,549.28
Wajo,1999-01-31 00:00:00+00:00,167.5,796.4419,2615.5623,337.04123,31052.924,2965.2083,490.83
Wajo,1999-02-28 00:00:00+00:00,37.1,736.45325,2251.4434,305.02826,28098.777,2665.0,493.68
Wajo,1999-03-31 00:00:00+00:00,90.4,815.82526,2500.1453,221.63159,31051.195,2823.4583,563.2
Wajo,1999-04-30 00:00:00+00:00,160.6,783.69293,2504.9905,195.86191,30099.787,2645.875,518.89
Wajo,1999-05-31 00:00:00+00:00,355.30002,774.1898,2715.5642,256.43332,31151.357,2566.0,444.5
Wajo,1999-06-30 00:00:00+00:00,248.60002,752.1763,2535.5854,243.4051,30165.473,2205.9583,482.51
Wajo,1999-07-31 00:00:00+00:00,172.9,769.2898,2502.016,316.03677,31169.135,2059.5417,509.57
Wajo,1999-08-31 00:00:00+00:00,46.4,788.22943,2311.7927,354.35364,31198.832,1646.5416,632.88
Wajo,1999-09-30 00:00:00+00:00,74.4,776.07,2260.1794,325.03064,30162.254,1491.8334,651.44
Wajo,1999-10-31 00:00:00+00:00,137.0,803.77734,2555.0347,212.29053,31131.213,2475.2917,618.61
Wajo,1999-11-30 00:00:00+00:00,86.4,783.3304,2466.4265,197.87486,30103.3,2725.5417,556.02
Wajo,1999-12-31 00:00:00+00:00,66.7,808.93567,2524.176,315.18973,31080.387,2814.0,537.61
Wajo,2000-01-31 00:00:00+00:00,137.0,806.25024,2515.7378,239.40836,31092.355,2917.4583,580.45
Wajo,2000-02-29 00:00:00+00:00,74.5,757.8543,2350.0718,255.15071,29081.072,2723.8333,555.7
Wajo,2000-03-31 00:00:00+00:00,84.6,822.63153,2457.023,208.89597,31097.053,2602.875,624.51
Wajo,2000-04-30 00:00:00+00:00,78.1,791.63873,2441.7021,181.99536,30098.904,2617.4167,560.26
Wajo,2000-05-31 00:00:00+00:00,218.6,796.24817,2682.3516,176.44235,31138.008,2599.0417,476.73
Wajo,2000-06-30 00:00:00+00:00,482.2,726.4033,2712.0293,260.44635,30158.295,2733.7917,317.18
Wajo,2000-07-31 00:00:00+00:00,175.70001,766.97107,2553.814,343.66913,31158.545,1993.4166,494.74
Wajo,2000-08-31 00:00:00+00:00,80.7,773.8232,2460.2224,313.9625,31166.922,2015.9166,606.86
Wajo,2000-09-30 00:00:00+00:00,47.2,783.8054,2289.9412,314.21704,30156.438,1549.0,676.24
Wajo,2000-10-31 00:00:00+00:00,135.5,804.77527,2562.9243,185.87451,31115.445,2691.2917,566.62
Wajo,2000-11-30 00:00:00+00:00,74.3,798.1075,2413.4395,184.0667,30076.957,2649.7083,584.28
Wajo,2000-12-31 00:00:00+00:00,59.1,822.48773,2447.143,368.03732,31071.428,2791.5833,548.14
Wajo,2001-01-31 00:00:00+00:00,72.1,810.42316,2479.8926,236.90912,31093.695,2863.0833,567.04
Wajo,2001-02-28 00:00:00+00:00,54.1,743.6803,2152.104,344.0997,28049.117,2644.2917,515.15
Wajo,2001-03-31 00:00:00+00:00,81.6,819.21277,2451.2744,263.38367,31111.635,2820.1667,555.31
Wajo,2001-04-30 00:00:00+00:00,183.2,781.82,2517.5435,148.21037,30120.998,2696.5,514.08
Wajo,2001-05-31 00:00:00+00:00,113.7,805.8502,2582.8691,232.77388,31151.832,2137.625,548.75
Wajo,2001-06-30 00:00:00+00:00,146.8,760.92834,2512.7703,251.3172,30142.629,2270.2917,467.11
Wajo,2001-07-31 00:00:00+00:00,67.8,789.8294,2385.7183,338.95224,31163.809,1681.375,557.8
Wajo,2001-08-31 00:00:00+00:00,19.2,794.8565,2250.0562,369.79807,31179.309,1847.125,628.33
Wajo,2001-09-30 00:00:00+00:00,73.700005,789.5512,2248.0103,319.85748,30154.73,1482.25,668.84
Wajo,2001-10-31 00:00:00+00:00,53.0,842.3669,2336.597,205.80019,31133.854,1896.5,719.23
Wajo,2001-11-30 00:00:00+00:00,76.8,800.1783,2367.4934,232.68889,30114.273,2733.9167,597.02
Wajo,2001-12-31 00:00:00+00:00,84.1,801.6627,2544.7913,316.6726,31144.803,2877.0417,493.14
Wajo,2002-01-31 00:00:00+00:00,133.7,799.7419,2598.1182,236.86302,31130.766,2923.2917,533.72
Wajo,2002-02-28 00:00:00+00:00,50.199997,742.8657,2230.43,252.52771,28140.902,2634.625,513.86
Wajo,2002-03-31 00:00:00+00:00,150.3,808.24194,2590.7375,168.22876,31134.66,2711.5417,564.5
Wajo,2002-04-30 00:00:00+00:00,232.2,779.44086,2557.1047,171.60666,30120.963,2302.625,550.36
Wajo,2002-05-31 00:00:00+00:00,219.4,803.3565,2599.7463,238.78423,31157.996,1907.25,521.1
Wajo,2002-06-30 00:00:00+00:00,181.5,758.19293,2511.4084,285.79996,30161.982,2133.0833,466.07
Wajo,2002-07-31 00:00:00+00:00,25.400002,790.59814,2398.246,331.40918,31200.934,1580.0834,565.19
Wajo,2002-08-31 00:00:00+00:00,18.300001,785.90027,2216.544,374.73514,31196.91,1630.0,642.44
Wajo,2002-09-30 00:00:00+00:00,9.3,789.9825,2106.9727,334.25357,30199.383,1456.375,704.86
Wajo,2002-10-31 00:00:00+00:00,21.6,850.42523,2109.9026,298.80255,31148.113,1512.25,801.56
Wajo,2002-11-30 00:00:00+00:00,83.0,820.42834,2279.4653,208.7599,30121.535,2185.8333,664.76
Wajo,2002-12-31 00:00:00+00:00,75.9,835.5877,2434.3179,170.01208,31147.658,2477.75,625.35
Wajo,2003-01-31 00:00:00+00:00,84.299995,820.0669,2488.3494,293.5473,31149.45,2834.4583,534.08
Wajo,2003-02-28 00:00:00+00:00,90.8,739.3533,2291.6934,232.12737,28104.5,2620.7083,511.39
Wajo,2003-03-31 00:00:00+00:00,112.0,820.77734,2499.696,178.47331,31150.875,2742.9583,605.7
Wajo,2003-04-30 00:00:00+00:00,198.8,787.79706,2518.7134,193.27905,30135.18,2436.6667,568.86
Wajo,2003-05-31 00:00:00+00:00,158.3,810.0315,2543.1497,250.7468,31147.076,2159.4167,541.33
Wajo,2003-06-30 00:00:00+00:00,140.4,773.2325,2382.471,355.36188,30162.637,1614.2916,535.44
Wajo,2003-07-31 00:00:00+00:00,204.3,775.21277,2502.2576,341.15195,31189.969,2038.375,524.89
Wajo,2003-08-31 00:00:00+00:00,67.8,788.9919,2456.1382,311.96405,31182.527,1743.2916,565.86
Wajo,2003-09-30 00:00:00+00:00,30.2,782.72626,2304.0574,283.64896,30177.297,1755.2916,668.28
Wajo,2003-10-31 00:00:00+00:00,67.0,831.61273,2410.5398,237.3864,31150.45,2061.2917,662.31
Wajo,2003-11-30 00:00:00+00:00,122.700005,801.9617,2405.5269,179.49776,30118.123,2425.9167,625.44
Wajo,2003-12-31 00:00:00+00:00,285.5,799.83356,2597.4841,341.03683,31110.703,2996.625,491.78
Wajo,2004-01-31 00:00:00+00:00,126.700005,808.8169,2601.2722,210.97594,31133.576,2887.9167,563.92
Wajo,2004-02-29 00:00:00+00:00,87.7,761.8939,2335.2234,320.4695,29109.84,2598.875,525.34
Wajo,2004-03-31 00:00:00+00:00,93.0,819.80023,2527.711,354.78406,31107.932,2746.125,580.81
Wajo,2004-04-30 00:00:00+00:00,173.2,785.6596,2517.8188,205.12451,30139.291,2434.125,558.32
Wajo,2004-05-31 00:00:00+00:00,146.5,815.21063,2577.4185,214.3515,31127.768,2092.125,531.61
Wajo,2004-06-30 00:00:00+00:00,108.0,762.15955,2388.734,333.49268,30195.09,1977.9584,494.67
Wajo,2004-07-31 00:00:00+00:00,114.9,777.794,2443.3904,379.33957,31175.605,1732.8334,542.35
Wajo,2004-08-31 00:00:00+00:00,10.2,779.0565,2224.072,397.06506,31205.441,1612.625,651.37
Wajo,2004-09-30 00:00:00+00:00,50.2,784.8367,2161.4353,365.13205,30180.545,1241.9166,689.73
Wajo,2004-10-31 00:00:00+00:00,26.7,836.39606,2277.5193,260.85654,31166.943,1871.625,760.84
Wajo,2004-11-30 00:00:00+00:00,80.0,818.8762,2266.174,199.79959,30121.186,2149.9583,635.98
Wajo,2004-12-31 00:00:00+00:00,61.499996,825.3794,2486.3975,249.55998,31115.762,2703.0,607.03
Wajo,2005-01-31 00:00:00+00:00,49.6,827.5023,2409.503,328.44934,31123.98,2719.4167,560.3
Wajo,2005-02-28 00:00:00+00:00,87.1,754.11993,2177.2664,161.78952,28150.596,2534.1667,530.61
Wajo,2005-03-31 00:00:00+00:00,71.8,844.59607,2368.4187,207.84659,31153.053,2417.75,650.18
Wajo,2005-04-30 00:00:00+00:00,124.0,787.1804,2469.704,206.37242,30168.299,2495.2917,496.57
Wajo,2005-05-31 00:00:00+00:00,211.2,801.27313,2563.4543,278.23242,31155.465,2259.0833,489.79
Wajo,2005-06-30 00:00:00+00:00,57.5,783.3929,2404.5815,266.48248,30140.418,1594.375,544.16003
Wajo,2005-07-31 00:00:00+00:00,79.6,798.71063,2385.0222,333.4288,31181.553,2066.0,549.42
Wajo,2005-08-31 00:00:00+00:00,66.700005,798.51483,2373.1348,342.5807,31184.418,1749.375,621.3
Wajo,2005-09-30 00:00:00+00:00,28.0,794.4054,2234.1821,317.49915,30167.572,1411.7084,667.34
Wajo,2005-10-31 00:00:00+00:00,120.6,822.9044,2451.1348,232.91617,31139.73,2148.4167,657.57
Wajo,2005-11-30 00:00:00+00:00,61.2,799.13043,2381.6338,170.57098,30115.273,2662.9167,567.28
Wajo,2005-12-31 00:00:00+00:00,78.1,822.8648,2477.8906,211.32884,31096.213,2925.5,542.02
Wajo,2006-01-31 00:00:00+00:00,82.3,826.11066,2413.143,358.85855,31087.316,2999.3333,537.87
Wajo,2006-02-28 00:00:00+00:00,72.700005,739.797,2259.1511,245.71579,28102.625,2521.75,498.61002
Wajo,2006-03-31 00:00:00+00:00,32.5,832.72943,2383.6384,295.4529,31099.225,2829.0417,589.89
Wajo,2006-04-30 00:00:00+00:00,78.1,798.0054,2388.5154,198.29688,30110.627,2775.0,508.98
Wajo,2006-05-31 00:00:00+00:00,241.5,790.72943,2688.8943,191.62671,31159.113,2764.7083,457.52
Wajo,2006-06-30 00:00:00+00:00,241.5,753.92206,2505.3582,300.2336,30165.11,2527.75,431.49
Wajo,2006-07-31 00:00:00+00:00,48.4,787.20856,2365.498,389.2369,31201.705,1758.375,538.23
Wajo,2006-08-31 00:00:00+00:00,23.1,788.3357,2202.9233,444.6303,31203.914,1326.7916,648.86
Wajo,2006-09-30 00:00:00+00:00,15.0,785.6763,2077.9849,390.63757,30187.012,1496.4584,695.36
Wajo,2006-10-31 00:00:00+00:00,9.400001,835.28357,2067.0752,342.834,31196.69,1556.25,773.09
Wajo,2006-11-30 00:00:00+00:00,43.0,827.72626,2172.6035,231.28279,30124.209,1579.0,711.77
Wajo,2006-12-31 00:00:00+00:00,108.5,846.1002,2405.5962,167.88551,31107.205,2351.5,622.67
Wajo,2007-01-31 00:00:00+00:00,134.1,822.4898,2484.7747,390.70557,31121.451,2835.2083,526.49
Wajo,2007-02-28 00:00:00+00:00,116.200005,727.5595,2343.4697,255.20659,28120.303,2557.9583,506.07
Wajo,2007-03-31 00:00:00+00:00,50.8,835.3023,2429.308,201.81628,31111.652,2690.9583,615.4
Wajo,2007-04-30 00:00:00+00:00,226.0,780.65955,2550.69,150.76788,30138.4,2579.875,509.43
Wajo,2007-05-31 00:00:00+00:00,168.5,805.0919,2596.6323,250.48532,31156.736,2116.7917,528.37
Wajo,2007-06-30 00:00:00+00:00,322.7,757.495,2633.2366,242.40257,30104.736,2524.9583,406.43
Wajo,2007-07-31 00:00:00+00:00,87.3,780.7815,2446.3704,424.28323,31170.002,2274.7083,515.77
Wajo,2007-08-31 00:00:00+00:00,66.1,780.4294,2390.5515,392.07016,31176.986,1937.3334,569.25
Wajo,2007-09-30 00:00:00+00:00,48.700005,771.72,2253.7634,319.0344,30149.223,1698.4166,648.92
Wajo,2007-10-31 00:00:00+00:00,92.5,823.51276,2434.531,251.48859,31125.855,2023.5,694.74
Wajo,2007-11-30 00:00:00+00:00,71.3,801.50336,2336.9272,235.35986,30090.15,2448.4583,631.73
Wajo,2007-12-31 00:00:00+00:00,63.2,831.5523,2387.2217,271.2164,31059.514,2787.6667,578.77
Wajo,2008-01-31 00:00:00+00:00,42.9,824.9669,2411.4517,323.73862,31091.713,2821.8333,574.09
Wajo,2008-02-29 00:00:00+00:00,45.7,777.4918,2210.183,345.62283,29072.355,2727.8333,522.8
Wajo,2008-03-31 00:00:00+00:00,68.0,826.90643,2371.2432,185.66956,31104.89,2788.3333,597.26
Wajo,2008-04-30 00:00:00+00:00,196.2,772.65125,2511.6436,197.25427,30107.785,2672.5417,514.43
Wajo,2008-05-31 00:00:00+00:00,173.3,791.7794,2577.7578,289.2964,31150.504,2177.8333,519.48
Wajo,2008-06-30 00:00:00+00:00,271.30002,749.5075,2532.0486,283.8741,30163.543,2128.4167,439.32
Wajo,2008-07-31 00:00:00+00:00,237.0,764.719,2551.298,380.99945,31174.758,2174.75,465.37
Wajo,2008-08-31 00:00:00+00:00,172.20001,767.9794,2544.32,366.62723,31174.76,2235.9583,526.52
Wajo,2008-09-30 00:00:00+00:00,108.600006,771.2929,2391.7852,274.3758,30157.963,1905.375,642.48
Wajo,2008-10-31 00:00:00+00:00,129.7,815.6461,2524.353,253.99124,31141.857,2286.0833,664.51
Wajo,2008-11-30 00:00:00+00:00,86.0,801.78455,2413.7063,173.10178,30089.48,2680.375,596.46
Wajo,2008-12-31 00:00:00+00:00,91.8,809.17316,2527.965,314.91983,31081.545,2996.625,506.21
Wajo,2009-01-31 00:00:00+00:00,120.5,803.26483,2550.0278,387.10522,31104.629,2909.7917,540.3
Wajo,2009-02-28 00:00:00+00:00,74.9,735.35114,2229.694,311.8215,28067.135,2657.8333,504.96
Wajo,2009-03-31 00:00:00+00:00,87.1,810.8252,2531.9814,178.73329,31127.375,2725.4167,579.52
Wajo,2009-04-30 00:00:00+00:00,125.100006,797.5846,2435.9082,171.08739,30116.309,2416.125,571.06
Wajo,2009-05-31 00:00:00+00:00,169.2,814.40027,2584.4844,185.48946,31117.668,2409.125,529.94
Wajo,2009-06-30 00:00:00+00:00,66.4,778.01166,2374.3015,279.15158,30163.34,1864.0416,513.16003
Wajo,2009-07-31 00:00:00+00:00,152.5,783.70026,2431.037,312.47592,31175.691,2018.4584,526.8
Wajo,2009-08-31 00:00:00+00:00,21.1,807.0523,2304.2905,368.76617,31165.156,1258.75,639.35
Wajo,2009-09-30 00:00:00+00:00,40.100002,802.01996,2230.783,311.84323,30149.504,1434.6666,692.22
Wajo,2009-10-31 00:00:00+00:00,63.199997,835.76483,2323.2305,277.09454,31158.594,2032.4166,724.89
Wajo,2009-11-30 00:00:00+00:00,100.3,811.3158,2338.5405,230.76405,30091.713,2378.5,630.4
Wajo,2009-12-31 00:00:00+00:00,40.4,843.0378,2374.3262,240.4661,31122.379,2721.3333,614.11
Wajo,2010-01-31 00:00:00+00:00,77.1,820.4065,2480.0051,372.9591,31129.562,2921.5833,523.47
Wajo,2010-02-28 00:00:00+00:00,80.799995,754.2866,2256.7607,193.56682,28136.703,2407.9167,556.56
Wajo,2010-03-31 00:00:00+00:00,157.8,826.22107,2565.578,164.36183,31149.625,2688.5833,582.33
Wajo,2010-04-30 00:00:00+00:00,124.0,807.3617,2497.5017,169.79887,30134.717,2680.5417,533.22003
Wajo,2010-05-31 00:00:00+00:00,271.8,821.5377,2692.803,169.2491,31104.03,2512.9583,484.64
Wajo,2010-06-30 00:00:00+00:00,317.3,762.26373,2620.1533,269.78064,30155.902,2491.75,423.17
Wajo,2010-07-31 00:00:00+00:00,220.59999,782.5815,2678.3599,283.028,31153.457,2437.8333,474.11
Wajo,2010-08-31 00:00:00+00:00,240.5,783.7357,2638.9866,257.13455,31159.21,2395.5833,499.22
Wajo,2010-09-30 00:00:00+00:00,152.8,771.93665,2552.6978,183.31204,30130.947,2404.5,566.5
Wajo,2010-10-31 00:00:00+00:00,202.9,801.7419,2670.6572,162.60115,31106.6,2844.0417,551.58997
Wajo,2010-11-30 00:00:00+00:00,142.0,782.1179,2549.6917,141.60736,30094.596,2612.4167,581.85
Wajo,2010-12-31 00:00:00+00:00,57.0,809.3856,2510.8828,304.6082,31043.043,2961.6667,542.35
Wajo,2011-01-31 00:00:00+00:00,44.600002,813.619,2437.6133,315.94583,31068.85,2861.7083,572.19
Wajo,2011-02-28 00:00:00+00:00,73.5,744.3449,2151.9595,303.30695,28071.87,2448.6667,555.43
Wajo,2011-03-31 00:00:00+00:00,45.7,818.38983,2448.7473,304.4397,31084.805,2912.9167,539.8
Wajo,2011-04-30 00:00:00+00:00,132.3,785.3137,2455.8728,274.5804,30104.793,2728.0417,495.1
Wajo,2011-05-31 00:00:00+00:00,152.3,801.444,2638.476,210.4376,31140.16,2477.2917,499.68
Wajo,2011-06-30 00:00:00+00:00,130.2,759.87415,2419.1924,321.12292,30150.348,2031.0,456.83
Wajo,2011-07-31 00:00:00+00:00,89.2,782.9211,2444.938,361.80475,31165.623,2067.4167,543.07
Wajo,2011-08-31 00:00:00+00:00,36.7,790.5669,2283.2397,410.69696,31174.963,1685.875,605.66
Wajo,2011-09-30 00:00:00+00:00,66.700005,774.9888,2299.0671,319.62628,30170.31,1932.2084,633.81
Wajo,2011-10-31 00:00:00+00:00,117.3,820.38153,2478.2832,238.98044,31125.76,2197.5417,675.51
Wajo,2011-11-30 00:00:00+00:00,73.1,808.2929,2354.7239,160.0793,30089.809,2353.5,632.99
Wajo,2011-12-31 00:00:00+00:00,172.1,812.5023,2559.8247,278.7606,31070.484,2843.4167,497.48
Wajo,2012-01-31 00:00:00+00:00,39.9,819.8148,2478.0,279.7282,31087.709,2978.4583,533.17
Wajo,2012-02-29 00:00:00+00:00,132.0,753.6897,2399.8132,180.29538,29086.23,2549.9167,531.97
Wajo,2012-03-31 00:00:00+00:00,86.3,813.6815,2509.8716,261.80267,31092.78,2895.5,551.26
Wajo,2012-04-30 00:00:00+00:00,181.5,776.8679,2535.7908,152.04915,30144.107,2529.125,545.12
Wajo,2012-05-31 00:00:00+00:00,168.9,796.80023,2626.6123,238.50558,31133.025,2425.9167,498.24
Wajo,2012-06-30 00:00:00+00:00,158.0,758.7658,2478.1108,271.7897,30161.514,2189.5833,447.91
Wajo,2012-07-31 00:00:00+00:00,189.5,767.70026,2524.478,353.1736,31162.566,2244.0417,486.78
Wajo,2012-08-31 00:00:00+00:00,50.100002,783.43146,2332.857,405.92108,31196.975,1669.1666,595.2
Wajo,2012-09-30 00:00:00+00:00,24.9,781.77625,2205.4893,298.55783,30174.523,1908.4584,674.32
Wajo,2012-10-31 00:00:00+00:00,78.2,832.67523,2377.305,265.17642,31138.498,2027.875,716.65
Wajo,2012-11-30 00:00:00+00:00,74.7,813.24915,2334.9841,176.34071,30113.055,2113.375,649.44
Wajo,2012-12-31 00:00:00+00:00,132.6,823.7044,2504.7783,178.86478,31092.326,2854.1667,564.47
Wajo,2013-01-31 00:00:00+00:00,66.5,827.4482,2418.6624,410.8202,31107.555,2957.3333,544.6
Wajo,2013-02-28 00:00:00+00:00,103.9,743.1157,2275.4246,211.38722,28086.924,2571.125,506.48
Wajo,2013-03-31 00:00:00+00:00,93.299995,828.0044,2512.791,222.44771,31136.85,2725.9167,580.23
Wajo,2013-04-30 00:00:00+00:00,180.09999,789.2158,2524.0427,160.92009,30123.234,2637.5,490.96
Wajo,2013-05-31 00:00:00+00:00,276.3,803.63354,2686.1519,168.95572,31136.582,2676.625,474.96
Wajo,2013-06-30 00:00:00+00:00,229.09999,777.0908,2569.986,171.35464,30112.766,2408.4583,448.85
Wajo,2013-07-31 00:00:00+00:00,437.6,753.2398,2766.8286,286.14096,31153.623,2769.375,359.42
Wajo,2013-08-31 00:00:00+00:00,62.0,782.52734,2389.6355,366.64972,31182.295,1889.1666,588.93
Wajo,2013-09-30 00:00:00+00:00,46.0,778.07623,2308.3196,311.62848,30158.67,1910.7084,653.44
Wajo,2013-10-31 00:00:00+00:00,55.0,833.7711,2342.2583,233.08002,31161.238,2246.7917,701.97
Wajo,2013-11-30 00:00:00+00:00,75.5,803.19916,2342.8853,194.71251,30096.076,2663.0,586.49
Wajo,2013-12-31 00:00:00+00:00,181.5,810.1961,2564.6387,259.52078,31092.822,3017.4583,490.94
Wajo,2014-01-31 00:00:00+00:00,100.8,803.5648,2509.8635,436.47147,31110.145,2955.3333,505.95
Wajo,2014-02-28 00:00:00+00:00,42.399998,746.22406,2148.7632,230.37723,28103.844,2599.3333,548.06
Wajo,2014-03-31 00:00:00+00:00,94.9,819.344,2494.8655,182.83313,31148.398,2641.2083,594.35
Wajo,2014-04-30 00:00:00+00:00,119.7,790.2388,2475.1277,177.49295,30134.59,2530.9583,528.79
Wajo,2014-05-31 00:00:00+00:00,264.5,803.2898,2664.3386,235.64952,31153.332,2592.75,479.38
Wajo,2014-06-30 00:00:00+00:00,302.5,759.2992,2634.035,260.0799,30142.25,2457.4167,384.45
Wajo,2014-07-31 00:00:00+00:00,146.2,786.06067,2524.49,325.3576,31186.352,2288.1667,487.5
Wajo,2014-08-31 00:00:00+00:00,71.3,792.1565,2290.0322,424.0679,31202.432,1668.4584,622.29
Wajo,2014-09-30 00:00:00+00:00,4.6000004,787.0971,2040.6167,361.9926,30194.555,1578.7916,716.01
Wajo,2014-10-31 00:00:00+00:00,14.799999,840.0461,2113.6416,327.717,31165.865,1783.0834,800.68
Wajo,2014-11-30 00:00:00+00:00,48.7,829.895,2175.6157,204.85728,30119.21,2207.375,690.96
Wajo,2014-12-31 00:00:00+00:00,147.7,813.4752,2565.405,271.67538,31105.328,2970.1667,510.06
Wajo,2015-01-31 00:00:00+00:00,59.8,816.719,2456.2493,397.82794,31131.799,2962.5833,565.56
Wajo,2015-02-28 00:00:00+00:00,108.4,727.1324,2296.876,209.18155,28138.494,2614.3333,492.14
Wajo,2015-03-31 00:00:00+00:00,125.5,807.7669,2567.5884,190.82051,31179.465,2762.0833,564.25
Wajo,2015-04-30 00:00:00+00:00,182.9,782.1429,2547.9993,150.91698,30145.9,2437.375,530.93
Wajo,2015-05-31 00:00:00+00:00,195.3,801.9044,2582.8677,272.893,31182.621,2369.1667,514.07
Wajo,2015-06-30 00:00:00+00:00,199.4,757.9721,2524.1963,297.59393,30177.889,2318.0833,425.6
Wajo,2015-07-31 00:00:00+00:00,47.3,790.7044,2402.1367,405.39035,31210.078,1535.9166,574.33
Wajo,2015-08-31 00:00:00+00:00,11.0,794.7419,2215.4521,434.72937,31216.285,1585.25,679.46
Wajo,2015-09-30 00:00:00+00:00,4.2,796.33246,1999.9232,411.40506,30205.615,1269.125,732.42
Wajo,2015-10-31 00:00:00+00:00,25.5,841.89606,2126.8325,393.1339,31208.932,1337.6666,787.67
Wajo,2015-11-30 00:00:00+00:00,40.8,835.5012,2187.72,207.13719,30121.352,1939.5834,679.08
Wajo,2015-12-31 00:00:00+00:00,74.0,842.2586,2401.2332,261.38254,31148.941,2677.875,577.87
Wajo,2016-01-31 00:00:00+00:00,109.4,843.6815,2479.5063,168.72743,31175.693,2376.7083,615.61
Wajo,2016-02-29 00:00:00+00:00,140.8,772.8939,2399.996,173.54741,29156.635,2664.8333,491.22
Wajo,2016-03-31 00:00:00+00:00,250.8,833.52106,2604.2227,152.65999,31174.79,2771.5833,562.45
Wajo,2016-04-30 00:00:00+00:00,292.30002,790.05334,2590.8828,156.36494,30156.701,2692.0833,454.06
Wajo,2016-05-31 00:00:00+00:00,142.9,830.61273,2633.8862,191.88544,31142.74,2307.2083,543.57
Wajo,2016-06-30 00:00:00+00:00,152.7,775.7117,2556.8918,204.8437,30171.045,2211.9583,460.7
Wajo,2016-07-31 00:00:00+00:00,124.8,801.8377,2504.698,291.94135,31168.252,1931.8334,550.25
Wajo,2016-08-31 00:00:00+00:00,63.9,810.7169,2408.474,306.95486,31162.742,1906.4584,588.67
Wajo,2016-09-30 00:00:00+00:00,70.0,804.3554,2333.7627,222.61395,30142.682,2020.9166,634.21
Wajo,2016-10-31 00:00:00+00:00,162.7,820.86273,2515.6707,200.85406,31133.47,2589.875,565.57
Wajo,2016-11-30 00:00:00+00:00,131.8,803.1075,2479.229,167.1571,30110.959,2720.9583,591.53
Wajo,2016-12-31 00:00:00+00:00,39.0,843.51483,2427.3984,279.67505,31087.002,2864.0833,554.68
Wajo,2017-01-31 00:00:00+00:00,127.0,830.7375,2534.562,357.12427,31110.234,2887.4583,557.07
Wajo,2017-02-28 00:00:00+00:00,356.1,743.76044,2333.1257,257.00122,28119.014,2661.5417,511.39
Wajo,2017-03-31 00:00:00+00:00,182.90001,811.18335,2678.449,246.03973,31141.312,2817.4583,563.59
Wajo,2017-04-30 00:00:00+00:00,272.7,782.86664,2645.3457,170.93527,30153.322,2642.75,549.19
Wajo,2017-05-31 00:00:00+00:00,404.50003,804.41876,2764.97,223.1703,31160.578,2631.2917,461.58
Wajo,2017-06-30 00:00:00+00:00,410.6,756.19586,2690.6494,229.69043,30185.207,2515.625,401.37
Wajo,2017-07-31 00:00:00+00:00,203.1,782.71875,2691.25,251.81723,31200.48,2338.9583,492.31
Wajo,2017-08-31 00:00:00+00:00,117.0,787.79584,2559.8389,303.6518,31183.21,2081.4583,580.65
Wajo,2017-09-30 00:00:00+00:00,179.5,772.7521,2542.4553,259.2969,30176.041,2032.9166,604.9
Wajo,2017-10-31 00:00:00+00:00,163.1,816.4271,2667.9941,182.15303,31131.22,2311.9583,632.86
Wajo,2017-11-30 00:00:00+00:00,175.1,796.8125,2583.8882,204.04152,30077.148,2700.125,557.49
Wajo,2017-12-31 00:00:00+00:00,188.0,820.08746,2639.6704,370.79785,31102.05,2678.8333,554.42
Wajo,2018-01-31 00:00:00+00:00,162.2,824.4,2520.3882,348.83368,31072.688,2916.125,551.41
Wajo,2018-02-28 00:00:00+00:00,179.30002,730.3104,2404.9082,321.1262,28125.652,2505.2917,513.97
Wajo,2018-03-31 00:00:00+00:00,173.0,808.75415,2660.9385,304.06046,31121.076,2712.25,562.95
Wajo,2018-04-30 00:00:00+00:00,216.6,782.95416,2620.542,177.94698,30136.041,2377.125,565.34
Wajo,2018-05-31 00:00:00+00:00,343.5,797.5333,2771.9692,258.60608,31158.19,2413.75,491.91
Wajo,2018-06-30 00:00:00+00:00,336.7,757.91876,2678.7195,257.15723,30186.611,2244.5833,462.66
Wajo,2018-07-31 00:00:00+00:00,171.79999,777.96045,2680.4866,280.60092,31178.203,2135.5,514.05
Wajo,2018-08-31 00:00:00+00:00,61.2,789.33124,2580.8398,251.79308,31193.172,1636.25,608.65
Wajo,2018-09-30 00:00:00+00:00,83.8,776.07086,2384.6243,256.35974,30182.426,1682.0,675.32
Wajo,2018-10-31 00:00:00+00:00,70.8,825.9438,2489.1733,225.62106,31173.715,1943.375,722.0
Wajo,2018-11-30 00:00:00+00:00,238.0,800.5333,2582.2769,194.13644,30142.871,2549.3333,612.69
Wajo,2018-12-31 00:00:00+00:00,155.5,822.73334,2657.0525,335.42038,31117.99,2766.625,570.34
Wajo,2019-01-31 00:00:00+00:00,167.5,822.2833,2676.0398,271.44077,31143.086,2787.1667,541.96
Wajo,2019-02-28 00:00:00+00:00,178.5,730.4354,2460.6206,184.13806,28177.773,2499.375,531.35
Wajo,2019-03-31 00:00:00+00:00,224.20001,818.8375,2684.1367,238.51633,31159.014,2520.0417,596.83997
Wajo,2019-04-30 00:00:00+00:00,607.8,778.49585,2734.822,179.2218,30144.018,2663.5,470.72
Wajo,2019-05-31 00:00:00+00:00,245.8,811.5229,2724.3586,232.2978,31173.062,2389.5417,539.57
Wajo,2019-06-30 00:00:00+00:00,350.1,764.19165,2642.2542,286.99823,30172.791,2171.75,452.56
Wajo,2019-07-31 00:00:00+00:00,105.0,773.5146,2603.7861,309.91248,31212.324,1771.75,553.87
Wajo,2019-08-31 00:00:00+00:00,84.7,782.57294,2480.5107,323.9107,31215.445,1920.7084,651.51
Wajo,2019-09-30 00:00:00+00:00,36.0,773.4104,2329.6885,301.00244,30222.268,1559.7083,703.56
Wajo,2019-10-31 00:00:00+00:00,75.6,819.23956,2516.484,266.48462,31158.729,1902.7084,712.01
Wajo,2019-11-30 00:00:00+00:00,100.2,810.9771,2471.3306,183.44565,30137.521,1858.375,668.24
Wajo,2019-12-31 00:00:00+00:00,202.40001,844.675,2578.0308,200.22716,31132.395,2707.375,600.57
Wajo,2020-01-31 00:00:00+00:00,206.59999,833.3417,2648.772,257.11957,31133.7,2673.375,573.54
Wajo,2020-02-29 00:00:00+00:00,314.19998,768.7563,2560.9177,174.0945,29151.066,2645.0,543.25
Wajo,2020-03-31 00:00:00+00:00,327.1,820.66876,2748.1384,187.44736,31158.258,2720.4583,566.74
Wajo,2020-04-30 00:00:00+00:00,447.7,782.0375,2710.8225,155.59738,30163.242,2454.8333,537.52
Wajo,2020-05-31 00:00:00+00:00,353.8,818.5563,2788.4077,196.966,31161.379,2632.625,497.08
Wajo,2020-06-30 00:00:00+00:00,366.8,767.5563,2666.485,273.86908,30169.729,2404.625,481.88
Wajo,2020-07-31 00:00:00+00:00,292.6,783.3875,2719.453,329.55304,31158.934,2305.2083,523.41
Wajo,2020-08-31 00:00:00+00:00,144.20001,796.44794,2579.5093,284.86136,31176.432,1754.5416,632.74
Wajo,2020-09-30 00:00:00+00:00,163.4,781.38544,2539.9316,261.98117,30157.756,2171.7917,623.46
Wajo,2020-10-31 00:00:00+00:00,152.1,819.22705,2622.235,213.93315,31134.262,2283.3333,646.74
Wajo,2020-11-30 00:00:00+00:00,203.40001,795.5958,2590.5583,213.9916,30129.166,2432.4583,588.11
Wajo,2020-12-31 00:00:00+00:00,116.7,820.9521,2611.5366,363.19043,31098.916,2891.0417,543.86
Wajo,2021-01-31 00:00:00+00:00,137.7,812.77295,2633.5867,369.9602,31092.85,2863.6667,557.45
Wajo,2021-02-28 00:00:00+00:00,51.5,759.8208,2226.0825,358.5822,28103.424,2488.0833,576.01
Wajo,2021-03-31 00:00:00+00:00,217.70001,814.2125,2668.3086,230.72537,31127.719,2712.0833,604.35
Wajo,2021-04-30 00:00:00+00:00,97.7,798.26666,2506.3862,227.55432,30151.258,2463.6667,579.48
Wajo,2021-05-31 00:00:00+00:00,315.5,809.16876,2743.7092,220.25052,31144.848,2443.0,503.65
Wajo,2021-06-30 00:00:00+00:00,224.20001,775.21875,2647.1772,205.76659,30181.146,2197.9167,518.82
Wajo,2021-07-31 00:00:00+00:00,270.3,781.9312,2743.7004,235.98143,31176.652,2298.8333,479.04
Wajo,2021-08-31 00:00:00+00:00,318.90002,786.1271,2769.774,268.08032,31192.273,2371.2083,561.69
Wajo,2021-09-30 00:00:00+00:00,336.4,766.1479,2629.5813,233.12285,30165.918,2339.5417,554.56
Wajo,2021-10-31 00:00:00+00:00,226.3,815.1896,2695.2021,176.38148,31144.154,2543.0,656.0
Wajo,2021-11-30 00:00:00+00:00,378.4,779.60626,2664.9065,176.2553,30104.838,2848.6667,587.91
Wajo,2021-12-31 00:00:00+00:00,181.2,820.9083,2617.4397,359.9475,31127.275,2975.0417,553.78
Wajo,2022-01-31 00:00:00+00:00,159.9,819.2021,2580.646,333.3999,31125.805,2976.0417,635.46
Wajo,2022-02-28 00:00:00+00:00,221.7,731.8958,2349.548,256.61496,28099.71,2671.6667,523.9
Wajo,2022-03-31 00:00:00+00:00,238.40001,820.55414,2646.0974,223.1352,31108.432,2822.6667,645.73
Wajo,2022-04-30 00:00:00+00:00,257.3,784.0292,2611.1956,173.88846,30115.168,2635.6667,616.3
Wajo,2022-05-31 00:00:00+00:00,344.2,809.5833,2743.955,178.10164,31136.807,2655.7917,546.44
Wajo,2022-06-30 00:00:00+00:00,362.7,761.1125,2659.05,207.0783,30140.986,2480.9583,545.03
Wajo,2022-07-31 00:00:00+00:00,265.5,788.3812,2708.4238,245.07593,31151.793,2634.0,525.2
Wajo,2022-08-31 00:00:00+00:00,200.40001,788.6812,2626.1934,263.90512,31158.818,2319.2083,623.77
Wajo,2022-09-30 00:00:00+00:00,149.70001,777.26666,2553.2686,223.37323,30160.178,2492.25,667.87
Wajo,2022-10-31 00:00:00+00:00,275.1,808.6729,2702.5737,218.36832,31133.094,2857.125,647.89
Wajo,2022-11-30 00:00:00+00:00,249.8,786.84375,2577.3594,204.82062,30123.74,2853.4167,619.84
Wajo,2022-12-31 00:00:00+00:00,248.1,806.05414,2619.792,340.0972,31085.814,2903.5417,578.84
Wajo,2023-01-31 00:00:00+00:00,126.6,820.51044,2533.3794,411.6391,31105.443,3029.125,617.7
Wajo,2023-02-28 00:00:00+00:00,90.3,753.8187,2219.5586,368.26746,28094.541,2716.875,544.7
Wajo,2023-03-31 00:00:00+00:00,248.3,809.1667,2652.0698,246.51337,31155.479,2957.25,609.18
Wajo,2023-04-30 00:00:00+00:00,276.8,791.5292,2572.868,236.23026,30121.182,2714.75,591.06
Wajo,2023-05-31 00:00:00+00:00,284.6,808.5687,2697.0544,221.59283,31185.21,2543.625,540.82
Wajo,2023-06-30 00:00:00+00:00,144.9,775.7167,2583.1902,212.88124,30172.637,2399.6667,532.38
Wajo,2023-07-31 00:00:00+00:00,158.1,791.4646,2631.194,251.24246,31202.021,2120.2083,593.45
Wajo,2023-08-31 00:00:00+00:00,57.8,796.03125,2443.2617,302.2901,31227.725,1537.25,683.89
Wajo,2023-09-30 00:00:00+00:00,35.0,782.35626,2264.9155,288.61865,30196.209,1650.6666,722.67
Wajo,2023-10-31 00:00:00+00:00,40.4,849.2021,2364.9446,259.14697,31203.35,1476.625,767.52
Wajo,2023-11-30 00:00:00+00:00,175.0,818.6542,2450.1814,191.68945,30142.033,2216.7917,675.67
Wajo,2023-12-31 00:00:00+00:00,179.40001,851.95624,2527.479,241.27121,31141.846,2834.25,655.34
Wajo,2024-01-31 00:00:00+00:00,249.2,850.1375,2526.836,270.84357,31141.19,2977.5417,619.92
Wajo,2024-02-29 00:00:00+00:00,149.0,802.1625,2326.5327,250.53441,29166.139,2585.9167,611.82
Wajo,2024-03-31 00:00:00+00:00,325.0,840.51044,2665.4104,177.53212,31156.178,2900.625,624.19
Wajo,2024-04-30 00:00:00+00:00,572.50006,795.33545,2683.9492,150.76115,30124.783,2770.4167,560.21
Wajo,2024-05-31 00:00:00+00:00,263.7,825.10834,2722.3062,244.67285,31145.123,2540.7917,536.39
Wajo,2024-06-30 00:00:00+00:00,175.9,781.9354,2563.8599,232.22908,30181.158,2378.3333,544.56
Wajo,2024-07-31 00:00:00+00:00,199.7,787.6,2649.7886,266.21262,31191.523,2307.0,554.7
Wajo,2024-08-31 00:00:00+00:00,71.5,800.6604,2492.0347,292.80084,31195.162,1917.1666,663.39
Wajo,2024-09-30 00:00:00+00:00,68.6,800.4021,2392.8328,244.8762,30156.021,1919.875,701.56
Wajo,2024-10-31 00:00:00+00:00,112.9,837.2562,2498.3755,216.7331,31155.297,2175.4583,728.01
Wajo,2024-11-30 00:00:00+00:00,239.20001,798.10004,2610.4153,175.31084,30113.709,2614.25,645.95
Wajo,2024-12-31 00:00:00+00:00,131.5,836.71045,2545.1575,447.86768,31088.969,2929.5,549.27997
Wajo,2025-01-31 00:00:00+00:00,192.8,823.7917,2611.0315,380.1332,31104.07,3028.2083,596.22
Wajo,2025-02-28 00:00:00+00:00,200.09999,762.3063,2232.245,350.5466,28120.27,2685.4167,523.12
Wajo,2025-03-31 00:00:00+00:00,238.30002,832.47705,2580.9368,322.7162,31117.26,2887.5417,612.02
Wajo,2025-04-30 00:00:00+00:00,290.30002,792.52295,2605.4038,201.86,30140.852,2763.5417,575.09
Wajo,2025-05-31 00:00:00+00:00,255.70001,812.7021,2750.7754,180.78912,31143.37,2685.2917,564.81
Wajo,2025-06-30 00:00:00+00:00,285.2,760.9042,2681.918,197.03937,30180.266,2589.6667,456.18
Wajo,2025-07-31 00:00:00+00:00,134.7,789.9521,2687.9373,228.72417,31172.615,2027.0416,586.41
Wajo,2025-08-31 00:00:00+00:00,126.100006,788.94794,2622.115,247.25815,31193.941,2289.2917,630.27
Wajo,2025-09-30 00:00:00+00:00,186.5,788.925,2445.5325,243.70334,30175.354,2121.75,687.18
Wajo,2025-10-31 00:00:00+00:00,243.1,830.1667,2559.496,210.42068,31148.53,2338.5833,672.04
Wajo,2025-11-30 00:00:00+00:00,143.2,814.76666,2439.539,340.28934,30118.658,2845.0833,621.9
Wajo,2025-12-31 00:00:00+00:00,97.5,845.8958,2469.2473,416.9433,31095.512,2976.7083,612.65
